Company,ISIN,Market,Compartment,Country,Ticker,industry,sector,overallRisk,beta,dividendYield,fiveYearAvgDividendYield,trailingPE,forwardPE,regularMarketVolume,marketCap,currency,enterpriseValue,profitMargins,bookValue,priceToBook,trailingEps,forwardEps,totalCash,totalCashPerShare,totalDebt,totalRevenue,revenuePerShare,returnOnAssets,returnOnEquity,grossProfits,operatingMargins
2CRSI,FR0013341781,Euronext Growth Paris,Euronext Growth,France,AL2SI.PA,Computer Hardware,Technology,,2.803,,,222.22221,12.765931,1075822.0,447100640.0,EUR,458142912.0,0.00964,1.308,15.290521,0.09,1.56667,1146000.0,0.051,13011000.0,220856992.0,9.898,0.00319,0.07672,18393000.0,-0.0070700003
5TH PLANET GAMES,DK0060945467,Oslo Bors,Compartment C,Denmark,5PG.OL,Electronic Gaming & Multimedia,Communication Services,,0.372,,,49.4,,43944.0,265158048.0,NOK,257080448.0,0.72779,0.47999442,2.0583572,0.02,,8078000.0,0.03,0.0,4210000.0,0.016,-0.08121,0.03657,3088000.0,-1.4279699
74SOFTWARE,FR0011040500,Euronext Paris,Compartment B,France,74SW.PA,Software - Application,Technology,7,0.585,,1.92,16.882353,10.2585,2874.0,839760384.0,EUR,1094314752.0,0.064169995,17.518,1.638315,1.7,2.79768,58522000.0,2.0,312799008.0,657206976.0,23.827,0.061300002,0.097349994,158444992.0,0.08182
A.B.P. NOCIVELLI,IT0005439861,Euronext Growth Milan,Euronext Growth,Italy,ABP.MI,Oil & Gas Refining & Marketing,Energy,,0.16,1.03,,18.026316,13.169278,8500.0,208582496.0,EUR,146159056.0,0.13956,2.679,2.5569243,0.38,0.52015,62423436.0,2.05,0.0,82735896.0,2.717,0.08397,0.15034,25011016.0,0.14232999
AASEN SPAREBANK,NO0010672181,Euronext Growth Oslo,Euronext Growth,Norway,AASB.OL,Banks - Regional,Financial Services,,-0.001,6.72,6.17,11.30838,12.201931,274.0,240402736.0,NOK,562881600.0,0.41731998,461.345,0.3012496,12.29,11.39,698942016.0,404.068,1021420992.0,193032000.0,111.594,0.011619999,0.096,193032000.0,0.55712
AATECH,IT0005548521,Euronext Growth Milan,Euronext Growth,Italy,AAT.MI,Software - Infrastructure,Technology,,0.958,,,,,4500.0,9328700.0,EUR,14147616.0,-0.6432,0.693,1.3419913,-0.07,,1395771.0,0.16,6424023.0,1007545.0,0.115,-0.12663999,-0.10745,-167837.0,-0.89919996
AB SCIENCE,FR0010557264,Euronext Paris,Compartment B,France,AB.PA,Drug Manufacturers - Specialty & Generic,Healthcare,10,1.38,,,,-9.876924,76047.0,84981272.0,EUR,99496216.0,0.0,-0.411,-3.1240876,-0.15,-0.13,5034000.0,0.076,19082000.0,1027000.0,0.018,-0.14788,,932000.0,-5.29709
ABC ARBITRAGE,FR0004040608,Euronext Paris,Compartment B,France,ABCA.PA,Asset Management,Financial Services,10,0.281,6.14,6.59,9.216666,12.526333,13568.0,328675552.0,EUR,157687888.0,0.54745996,2.929,1.8880166,0.6,0.44147,172996000.0,2.905,1411000.0,65130000.0,1.097,0.102469996,0.21455999,32518000.0,0.48122
ABC COMPANY,IT0005466294,Euronext Growth Milan,Euronext Growth,Italy,ABC.MI,Asset Management,Financial Services,,2.57,,,,,7500.0,113146168.0,EUR,49381252.0,0.0,2.183,1.7407237,-0.02,,12680769.0,0.921,0.0,20000.0,0.001,-0.01826,-0.02641,-577370.0,-38.248703
ABEO,FR0013185857,Euronext Paris,Compartment C,France,ABEO.PA,Leisure,Consumer Cyclical,,0.222,3.79,,8.365385,4.5814066,2535.0,71970504.0,EUR,186448768.0,0.03004,14.434,0.6027435,1.04,1.89898,10352000.0,1.357,130447000.0,263326000.0,34.631,0.03449,0.07177,163167008.0,0.07537
ABG SUNDAL COLLIER HOLDING,NO0003021909,Oslo Bors,Compartment B,Norway,ABG.OL,Capital Markets,Financial Services,10,0.693,6.77,9.96,12.348484,,78567.0,4136506880.0,NOK,3927357184.0,0.1673,2.056,3.9640076,0.66,,721600000.0,1.422,512800000.0,2172100096.0,3.945,0.06567,0.35125,2172100096.0,0.27714002
ABIONYX PHARMA,FR0012616852,Euronext Paris,Compartment C,France,ABNX.PA,Biotechnology,Healthcare,,0.878,,,,-7.482584,94372.0,122771744.0,EUR,122302920.0,-1.06311,0.157,22.165604,-0.13,-0.46508,3375000.0,0.097,4118000.0,4326000.0,0.124,-0.20469,-0.61529,769000.0,-1.09958
ABITARE IN,IT0005445280,Euronext Milan,Compartment C,Italy,ABT.MI,Real Estate - Development,Real Estate,,,,,,5.8333335,12645.0,75150400.0,EUR,230119456.0,-0.03206,4.218,0.69701284,-0.1,0.504,4216253.0,0.165,156678864.0,70571048.0,2.761,0.01323,-0.0228,16693865.0,0.17389
ABIVAX,FR0012333284,Euronext Paris,Compartment B,France,ABVX.PA,Biotechnology,Healthcare,10,-0.42,,,,-40.91844,125514.0,8729618432.0,EUR,8076724224.0,0.0,6.569,16.806211,-4.44,-2.69805,589702976.0,7.577,73988000.0,5311000.0,0.081,-0.31671,-1.06382,5311000.0,-126.30829
ABL Diagnostics,FR001400AHX6,Euronext Paris,Compartment B,France,ABLD.PA,Health Information Services,Healthcare,,-0.97,1.47,,116.66667,,3310.0,56274420.0,EUR,58164368.0,0.07436,0.465,7.5268817,0.03,,912188.0,0.057,2677894.0,6230983.0,0.412,-0.013830001,0.06727,2037042.0,-0.02005
ABL GROUP ASA,NO0010715394,Oslo Bors,Compartment C,Norway,ABL.OL,Specialty Business Services,Industrials,,0.353,4.55,4.79,,7.91661,23836.0,1319784192.0,NOK,1353298944.0,0.014680001,7.4417367,1.3303345,-0.19,1.2505352,15320000.0,0.113,27367000.0,351548992.0,2.595,0.03175,0.0481,351548992.0,0.03416
ABO GROUP ENVIRONMENT,BE0974278104,Euronext Brussels,Compartment C,Belgium,BE0974278104.SG,,,,,,,,,0.0,,EUR,,,,,,,,,,,,,,,
ACCENTIS,BE0003696102,Euronext Brussels,Compartment C,Belgium,ACCB.BR,Real Estate Services,Real Estate,,0.327,,,Infinity,,16500.0,34097060.0,EUR,23262058.0,0.20496,0.032,0.84375,0.0,,21769000.0,0.017,10934000.0,6250000.0,0.005,0.03946,0.03246,4391000.0,0.58032
ACE DIGITAL AS,NO0013531616,Euronext Growth Oslo,Euronext Growth,Norway,ACED.OL,,,,,,,Infinity,,20791.0,52225672.0,NOK,,0.0,-0.0,,0.0,,,,,,,,,,0.0
Acheter-Louer.fr,FR0014011O84,Euronext Growth Paris,Euronext Growth,France,ALALO.PA,Advertising Agencies,Communication Services,,-2311.86,,,,,941864.0,180664.0,EUR,4739461.0,0.0,-17.587,-0.0014954228,-112.97,,1928000.0,4.424,6656000.0,771000.0,2.554,-1.11454,,-774000.0,-2.5739899
ACINQUE,IT0001382024,Euronext Milan,Compartment B,Italy,AC5.MI,Utilities - Diversified,Utilities,,0.344,3.7,4.01,19.166666,,9191.0,453890752.0,EUR,638121728.0,0.03774,2.635,0.87286526,0.12,,90031000.0,0.456,274262016.0,614057024.0,3.112,0.02629,0.04565,186214000.0,0.05831
ACOMO N.V.,NL0000313286,Euronext Amsterdam,Compartment B,Netherlands,ACOMO.AS,Food Distribution,Consumer Defensive,,0.275,4.9,4.76,11.517095,12.5373335,40381.0,798400384.0,EUR,1097238400.0,0.04776,13.992,1.9261007,2.34,2.14958,3047000.0,0.103,299681984.0,1453065984.0,48.856,0.08392999,0.16851,236240992.0,0.08351
ACTEOS,FR0000076861,Euronext Paris,Compartment C,France,EOS.PA,Software - Application,Technology,,0.863,,,,,2265.0,3226435.0,EUR,6474061.0,-0.13335,-0.772,-1.253886,-0.4,,223926.0,0.067,3479021.0,9812427.0,2.955,-0.0401,,6388870.0,-0.11755
ACTIA GROUP S.A.,FR0000076655,Euronext Growth Paris,Euronext Growth,France,ALATI.PA,Auto Parts,Consumer Cyclical,,0.577,3.45,2.15,,13.115385,177840.0,68473200.0,EUR,218685088.0,-0.02141,6.574,0.5187101,-0.56,0.26,56777000.0,2.85,204428992.0,522072000.0,25.862,-0.0276,-0.053990003,267404992.0,-0.001
ACTIVIUM GROUP,FR0010979377,Euronext Access Paris,Euronext Access,France,MLACT.PA,Computer Hardware,Technology,,1.528647,,,,,282.0,7768110.0,EUR,,0.05669,,,,,,,,1905000.0,,,,1905000.0,0.0
ADEUNIS,FR0013284627,Euronext Growth Paris,Euronext Growth,France,ALARF.PA,Communication Equipment,Technology,,0.035,,,,,1715.0,2581237.0,EUR,4227458.0,-0.07913,0.069,8.188406,-0.59,,371000.0,0.081,1979000.0,5370998.0,1.558,,,868666.0,-0.42316002
ADOCIA,FR0011184241,Euronext Paris,Compartment C,France,ADOC.PA,Biotechnology,Healthcare,10,-0.091,,,,8.818342,333602.0,134143304.0,EUR,128294168.0,-0.75415003,-0.034,-201.47058,-0.94,0.77679,7096000.0,0.389,10469000.0,12878000.0,0.789,-0.19805,,-7212000.0,-4.0623
ADOMOS,FR00140153H3,Euronext Growth Paris,Euronext Growth,France,ALADO.PA,Real Estate Services,Real Estate,,-94.398,,,,,806.0,225571.0,EUR,,0.0,1.213,2.9806263,-891800.0,,117720.0,,9165413.0,1190000.0,0.155,-0.18732001,-0.48041,1190000.0,-0.79061997
ADS MARITIME HOLDING PLC,CY0108052115,Euronext Growth Oslo,Euronext Growth,Cyprus,ADS.OL,Marine Shipping,Industrials,,-0.047,,,Infinity,,1500.0,177523376.0,NOK,173906368.0,6.63077,2.988114,0.8366481,0.0,,3873000.0,0.055,256000.0,130000.0,0.001,-0.024330001,0.03958,-364000.0,-7.77143
ADUX,FR0012821890,Euronext Growth Paris,Euronext Growth,France,ALDUX.PA,Advertising Agencies,Communication Services,,0.293,,,2.9464285,4.583333,7014.0,10278883.0,EUR,14459716.0,0.14597,0.532,3.1015036,0.56,0.36,1198000.0,0.192,5413000.0,23669000.0,3.8,0.0467,2.17168,7243000.0,0.10752
ADVENTURE,IT0005607715,Euronext Growth Milan,Euronext Growth,Italy,ADV.MI,Software - Application,Technology,,,,,,157.50002,3966.0,183140144.0,EUR,188599168.0,-0.0277,1.005,25.074627,-0.05,0.16,2531000.0,0.353,10510000.0,13756000.0,1.919,0.0013799999,-0.08831,4592000.0,0.05362
ADVICENNE,FR0013296746,Euronext Growth Paris,Euronext Growth,France,ALDVI.PA,Biotechnology,Healthcare,,0.755,,,,-9.833483,29698.0,31795114.0,EUR,45084220.0,-1.05275,-1.948,-1.1216632,-0.79,-0.2222,515000.0,0.042,18672000.0,5896000.0,0.478,-0.74299,,-962000.0,-1.33987
ADVINI,FR0000053043,Euronext Growth Paris,Euronext Growth,France,ALAVI.PA,Beverages - Wineries & Distilleries,Consumer Defensive,,-0.095,,1.25,25.892857,34.52381,409.0,54643004.0,EUR,235247712.0,0.00786,17.957,0.8074845,0.56,0.42,11485000.0,3.053,188354000.0,271683008.0,72.013,0.00999,0.02912,100684000.0,0.025899999
AEDES,IT0005349052,Euronext Milan,Compartment C,Italy,AEDES.MI,REIT - Retail,Real Estate,,0.271,,7.73,,,131100.0,4039191.0,EUR,5571371.0,1.46755,0.211,0.32890993,-0.0,,1472941.0,0.046,2937452.0,586708.0,0.018,-0.0727,0.11058,-733369.0,-1.0276899
AEFFE,IT0001384590,Euronext Milan,Compartment C,Italy,AEF.MI,Apparel Manufacturing,Consumer Cyclical,,1.042,,,2.3636363,-1.027668,68907.0,25590494.0,EUR,197626576.0,0.048189998,0.723,0.3596127,0.11,-0.253,12602482.0,0.128,183353568.0,232889056.0,2.366,-0.05841,0.17283002,3417137.0,-0.30488002
AELIS FARMA,FR0014007ZB4,Euronext Paris,Compartment B,France,AELIS.PA,Biotechnology,Healthcare,,0.658,,,,8.264706,27729.0,19153300.0,EUR,15299740.0,0.0,0.447,3.1431768,-0.6,0.17,10791000.0,0.79,6890000.0,2333000.0,0.171,-0.28502,-1.0208,2333000.0,-4.6346397
AEROPORTO GUGLIELMO MARCONI DI BOLOGNA,IT0001006128,Euronext Milan,Compartment B,Italy,ADB.MI,Airports & Air Services,Industrials,,0.477,4.17,,16.521738,17.351597,26556.0,411832544.0,EUR,438305568.0,0.13981,6.19,1.84168,0.69,0.657,91624000.0,2.536,118097000.0,176412992.0,4.883,0.053829998,0.1122,57027000.0,0.25160998
AF GRUPPEN,NO0003078107,Oslo Bors,Compartment A,Norway,AFG.OL,Engineering & Construction,Industrials,8,0.552,3.51,5.08,18.831821,16.393284,27585.0,20580589568.0,NOK,20524476416.0,0.03416,26.35,7.096774,9.93,11.40711,2391000064.0,21.725,1507000064.0,31992000512.0,292.406,0.05776,0.34669,11185000448.0,0.06485
AFYREN,FR0014005AC9,Euronext Growth Paris,Euronext Growth,France,ALAFY.PA,Specialty Chemicals,Basic Materials,,0.657,,,,-9.926874,26701.0,97581032.0,EUR,45968892.0,0.0,1.768,1.5356334,-0.44,-0.2735,27622000.0,1.058,2702000.0,2703000.0,0.104,-0.067090005,-0.22073999,323000.0,-3.0506601
AGFA-GEVAERT,BE0003755692,Euronext Brussels,Compartment B,Belgium,AGFB.BR,Specialty Industrial Machinery,Industrials,,0.603,,6.86,,9.771672,103553.0,78184368.0,EUR,193958336.0,-0.06516,1.813,0.27854386,-0.19,0.05168,65000000.0,0.411,177000000.0,1104999936.0,6.302,0.0056,-0.21572,329000000.0,-0.03891
AGILYX ASA,NO0010872468,Oslo Bors,Compartment B,Norway,AGLX.OL,Waste Management,Industrials,,0.547,,,,-8.761295,74225.0,1678886400.0,NOK,1509668224.0,0.0,11.115024,1.2001774,-2.01,-1.5226059,10736795.0,0.097,46634848.0,953069.0,0.009,-0.042140003,-0.18441999,369639.0,-13.42562
AGRIPOWER,FR0013452281,Euronext Growth Paris,Euronext Growth,France,ALAGP.PA,Utilities - Renewable,Utilities,,0.721,,,,8.666667,2102.0,12507430.0,EUR,4393236.0,-1.0448899,0.901,1.1542729,-1.04,0.12,1504357.0,0.418,2157420.0,3690536.0,1.026,-0.21583,-0.74591005,-1308585.0,-2.1256301
AgroGeneration,FR0010641449,Euronext Growth Paris,Euronext Growth,France,ALAGR.PA,Farm Products,Consumer Defensive,,1.274,,,,,193526.0,9483898.0,EUR,18640518.0,-0.06767,0.05,0.856,-0.01,,12000.0,0.0,9198000.0,22654000.0,0.103,0.011390001,-0.12604,5603000.0,0.02036
AJAX,NL0000018034,Euronext Amsterdam,Compartment B,Netherlands,AJAX.AS,Entertainment,Communication Services,,0.084,,,,-51.111107,746.0,168666656.0,EUR,226565664.0,-0.20962,10.313,0.892078,-2.04,-0.18,40295000.0,2.198,103694000.0,178128992.0,9.716,-0.07328,-0.17974001,159664000.0,-0.43925
AKASTOR,NO0010215684,Oslo Bors,Compartment B,Norway,AKAST.OL,Oil & Gas Equipment & Services,Energy,10,0.099,,6.02,,-101.07693,435888.0,3581414144.0,NOK,,-0.37949002,21.526,0.61042464,-0.58,-0.13,319000000.0,,284000000.0,390000000.0,,-0.0015700001,-0.02805,41000000.0,-0.103769995
AKER BIOMARINE ASA,NO0010886625,Oslo Bors,Compartment B,Norway,AKBM.OL,Packaged Foods,Consumer Defensive,,0.346,,,,27.543724,11443.0,9156235264.0,NOK,,-0.104540005,18.817612,5.547994,-0.86,3.790337,16900000.0,,182200000.0,218100000.0,,0.02056,-0.01762,97800000.0,0.056160003
AKER HORIZONS ASA,NO0010921232,Oslo Bors,Compartment B,Norway,AKH.OL,Utilities - Renewable,Utilities,,1.062,12.58,,,,4532800.0,27613948.0,NOK,2812613888.0,-1.1579599,1.162,0.034423407,-3.56,,39000000.0,0.056,1552000000.0,2544999936.0,3.69,-0.02454,-0.67974,1187000064.0,-1.5
AKER SOLUTIONS,NO0010716582,Oslo Bors,Compartment A,Norway,AKSO.OL,Oil & Gas Equipment & Services,Energy,8,-0.074,8.75,,7.2916665,11.00088,563637.0,18682210304.0,NOK,15890662400.0,0.04079,23.616,1.6302507,5.28,3.49972,5667999744.0,11.754,3135000064.0,62444998656.0,129.45,0.05159,0.22635001,4527000064.0,0.05183
AKOBO MINERALS AB (PUB),SE0015193412,Euronext Growth Oslo,Euronext Growth,Sweden,AKOBO.OL,Gold,Basic Materials,,0.983,,,,,206862.0,498054080.0,NOK,,0.0,-0.969,-2.2394223,-0.92,,,,,,,-0.08858,,,0.0
AKVA GROUP,NO0003097503,Oslo Bors,Compartment B,Norway,AKVA.OL,Farm & Heavy Construction Machinery,Industrials,8,-0.107,2.09,1.94,19.153225,11.815921,3317.0,3457591808.0,NOK,4778997248.0,0.040949997,37.73,2.5178902,4.96,8.04,285446016.0,7.843,1579883008.0,4404896768.0,121.123,0.04227,0.13247,1880845952.0,0.039619997
AKWEL,FR0000053027,Euronext Paris,Compartment B,France,AKW.PA,Auto Parts,Consumer Cyclical,8,0.839,3.85,2.36,13.254238,10.711008,26470.0,207575616.0,EUR,90448728.0,0.01811,22.521,0.34723148,0.59,0.73009,129408000.0,4.875,12281000.0,970851968.0,35.01,0.030299999,0.02923,525508000.0,0.05441
ALAN ALLMAN ASSOCIATES,FR0000062465,Euronext Paris,Compartment B,France,AAA.PA,Consulting Services,Industrials,,-0.621,,,,14.680851,601.0,156568592.0,EUR,333084608.0,-0.06401,0.915,3.7704918,-0.5,0.235,9803000.0,0.215,185358000.0,353286016.0,7.754,0.03004,-0.41669998,53393000.0,0.03816
ALERION,IT0004720733,Euronext Milan,Compartment A,Italy,ARN.MI,Utilities - Renewable,Utilities,9,0.558,3.26,2.43,12.051282,15.284552,4528.0,1007497088.0,EUR,1707507072.0,0.36818,6.397,2.9388776,1.56,1.23,254148000.0,4.742,947499008.0,226486000.0,4.229,0.04991,0.25957,208968992.0,0.31603
ALFEN,NL0012817175,Euronext Amsterdam,Compartment B,Netherlands,ALFEN.AS,Electrical Equipment & Parts,Industrials,3,1.646,,,,28.092567,255722.0,197165360.0,EUR,218995984.0,-0.00043000001,7.026,1.2906348,-0.01,0.32279,26673000.0,1.227,47373000.0,435624000.0,20.09,0.010679999,-0.00124,124891000.0,0.022079999
ALFIO BARDOLLA,IT0005244030,Euronext Growth Milan,Euronext Growth,Italy,ABTG.MI,Education & Training Services,Consumer Defensive,,0.412,,,18.0,,2450.0,8280348.0,EUR,9331070.0,0.01626,0.964,1.680498,0.09,,817135.0,0.16,1859589.0,21273536.0,4.161,0.043649998,0.061139997,2717388.0,0.09495
ALFONSINO,IT0005466039,Euronext Growth Milan,Euronext Growth,Italy,ALFO.MI,Software - Application,Technology,,1.903,,,,5.475,26000.0,2873170.0,EUR,3881244.0,-0.06572,0.042,5.214286,-0.02,0.04,314330.0,0.024,1335523.0,3581534.0,0.273,-0.04488,-0.45084,337913.0,-0.100559995
ALLCORE,IT0005461303,Euronext Growth Milan,Euronext Growth,Italy,CORE.MI,Specialty Business Services,Industrials,,0.443,5.88,,17.375,7.1282053,16510.0,20836834.0,EUR,24867224.0,0.02628,1.106,1.2567812,0.08,0.195,3548953.0,0.238,7530238.0,46303612.0,3.033,0.04823,0.080340005,8235032.0,0.04977
Almunda Professional N.V.,NL0010696704,Euronext Amsterdam,Compartment C,Netherlands,AMUND.AS,Information Technology Services,Technology,,0.198,5.5,,,,120.0,22945988.0,EUR,32347560.0,-0.03771,0.656,1.6615853,-0.06,,3100000.0,0.161,12720000.0,27554000.0,1.419,0.0028400002,-0.07606,7655000.0,-0.01684
ALPES (COMPAGNIE),FR0000053324,Euronext Paris,Compartment B,France,CDA.PA,Leisure,Consumer Cyclical,6,0.956,3.99,2.45,13.277513,10.817068,20805.0,1407110912.0,EUR,2811301376.0,0.076630004,21.554,1.287464,2.09,2.56539,160698000.0,3.171,1505033984.0,1397442048.0,27.535,0.03777,0.10528,1220886016.0,-0.025880001
ALTAMIR,FR0000053837,Euronext Paris,Compartment B,France,LTA.PA,Asset Management,Financial Services,,0.423,3.72,4.23,55.882355,178.125,120.0,1039719680.0,EUR,1032432384.0,0.0,33.56,0.8492252,0.51,0.16,52264712.0,1.433,44873256.0,-23830528.0,-0.653,-0.01475,-0.02671,-36090584.0,1.6709
ALTAREIT,FR0000039216,Euronext Paris,Compartment B,France,AREIT.PA,Real Estate - Development,Real Estate,,0.125,,,,,1.0,996598272.0,EUR,1680486272.0,-0.025009999,407.974,1.3971479,-33.52,,188300000.0,107.699,834099968.0,2343200000.0,1340.21,0.00426,-0.062459998,369900000.0,0.01768
ALTEA GREEN POWER,IT0005472730,Euronext Milan,Compartment C,Italy,AGP.MI,Solar,Technology,,0.939,,,8.258427,6.14379,25996.0,134031480.0,EUR,120793472.0,0.45503,2.309,3.183196,0.89,1.19633,13238000.0,0.726,0.0,34536096.0,1.927,0.16320999,0.40803,26795454.0,0.48215
ALTHEORA,FR0000061244,Euronext Growth Paris,Euronext Growth,France,ALORA.PA,Electrical Equipment & Parts,Industrials,,0.82,,,,8.466667,736.0,6836828.0,EUR,18103828.0,-0.05345,0.696,0.7298851,-0.14,0.06,699000.0,0.052,11966000.0,34964000.0,2.6,,,21573000.0,-0.03533
ALTRI SGPS,PTALT0AE0002,Euronext Lisbon,Compartment B,Portugal,ALTR.LS,Paper & Paper Products,Basic Materials,7,0.143,6.3,5.38,34.214287,17.502192,175887.0,982580736.0,EUR,1443303808.0,0.043330003,2.011,2.3818996,0.14,0.27368,92132216.0,0.449,543862848.0,691992960.0,3.373,0.01381,0.06705,138162368.0,-0.00566
ALUMEXX N.V.,NL0012194724,Euronext Amsterdam,Compartment C,Netherlands,ALX.AS,Internet Retail,Consumer Cyclical,,0.301,,,,,2092.0,22268286.0,EUR,51630500.0,-0.01402,0.244,6.147541,-0.04,,248000.0,0.013,24605000.0,39869000.0,2.317,0.01784,-0.12187,21077000.0,0.03192
AMATHEON AGRI HOLDING N.V.,NL0010273694,Euronext Access Paris,Euronext Access,Netherlands,MLAAH.PA,Farm Products,Consumer Defensive,,-0.113827,,,,,56.0,10366909.0,EUR,59488884.0,-1.118,0.025,0.52,-0.02,,,,,9466000.0,0.016,-0.08552,-0.1737,1876000.0,-1.13807
AMBROMOBILIARE,IT0004779515,Euronext Growth Milan,Euronext Growth,Italy,AMB.MI,Capital Markets,Financial Services,,0.0,,,,,200.0,1905632.0,EUR,2277804.0,-0.35754,1.102,0.6352087,-0.15,,193123.0,0.071,551863.0,1135772.0,0.417,-0.08974,-0.12678,424129.0,-1.30419
AMG Critical Materials N.V.,NL0000888691,Euronext Amsterdam,Compartment B,Netherlands,AMG.AS,Other Industrial Metals & Mining,Basic Materials,1,1.217,1.11,1.94,40.531914,35.269585,153315.0,1229454336.0,EUR,1867670528.0,0.02273,15.147985,2.5151858,0.94,1.0802509,219700992.0,6.722,824713984.0,1623150976.0,50.359,0.052550003,0.072909996,360736000.0,0.0783
AMOEBA,FR0011051598,Euronext Growth Paris,Euronext Growth,France,ALMIB.PA,Agricultural Inputs,Basic Materials,,0.012,,,,-11.400456,191144.0,65441592.0,EUR,65055496.0,0.0,-0.276,-3.442029,-0.14,-0.08333,741838.0,0.014,16765366.0,682459.0,0.013,-0.60816,,-944741.0,-9.36487
ANDFJORD SALMON GROUP AS,NO0010829765,Euronext Growth Oslo,Euronext Growth,Norway,NO0010829765.SG,,,,,,,,,0.0,,EUR,,,,,,,,,,,,,,,
"ANDINO INVERSIONES GLOBAL, S.A.",ES0105744009,Euronext Access Paris,Euronext Access,Spain,MLAIG.PA,Conglomerates,Industrials,,,,,49.000004,,17.0,60512000.0,EUR,,0.0,,,0.06,,,,,,,,,,0.0
ANIMA HOLDING,IT0004998065,Euronext Milan,Compartment A,Italy,ANIM.MI,Asset Management,Financial Services,6,0.715,7.34,5.92,8.347561,8.539171,147267.0,2226102016.0,EUR,1822354304.0,0.51716,5.332,1.2837584,0.82,0.8016,1052526976.0,3.236,632107008.0,515700000.0,1.586,,0.15635,417000000.0,-0.03624
ANTARES VISION,IT0005366601,Euronext Milan,Compartment B,Italy,IT0005366601.SG,,,,,,,,,0.0,,EUR,,,,,,,,,,,,,,,
ANTIN INFRA PARTN,FR0014005AL0,Euronext Paris,Compartment A,France,ANTIN.PA,Asset Management,Financial Services,,1.378,7.32,,14.608696,15.9362545,22137.0,1801028480.0,EUR,1490026240.0,0.38709998,2.716,3.71134,0.69,0.63252,361459008.0,2.023,70019000.0,319647008.0,1.788,0.17297001,0.25433,221892992.0,0.47952998
APERAM,LU0569974404,Euronext Amsterdam,Compartment A,Luxembourg,APAM.AS,Steel,Basic Materials,4,1.595,4.91,6.2,325.23077,10.611677,172121.0,3056391680.0,EUR,4051619840.0,0.00148,44.165,0.9573191,0.13,3.98429,325000000.0,4.493,1303000064.0,6080000000.0,84.074,0.00908,0.0030399999,339000000.0,-0.00074
APPEAR ASA,NO0013683821,Oslo Bors,Compartment B,Norway,APR.OL,Computer Hardware,Technology,,,,,22.244898,10.061539,116785.0,2667846656.0,NOK,2071360640.0,0.16126,15.371,4.2547655,2.94,6.5,499097984.0,13.013,62107000.0,800942976.0,21.22,0.16213,0.30135,336879008.0,0.07468
AQUA BIO TECHNOLOGY,NO0010307135,Oslo Bors,Compartment C,Norway,ABTEC.OL,Biotechnology,Healthcare,,0.257,,,,,442021.0,26334230.0,NOK,122690008.0,-1.42553,0.067,2.5373135,-4.38,,3105153.0,0.029,109021288.0,101508080.0,0.928,-0.34168,,491262.0,0.117580004
AQUAFIL,IT0005241192,Euronext Milan,Compartment C,Italy,IT0005241192.SG,,,,,,,,,0.0,,EUR,,,,,,,,,,,,,,,
AQUILA,FR0010340711,Euronext Growth Paris,Euronext Growth,France,ALAQU.PA,Security & Protection Services,Industrials,,0.622,9.11,7.55,10.378378,,239.0,6322690.0,EUR,4931066.0,0.01915,1.999,1.9209604,0.37,,1443418.0,0.875,38484.0,31153660.0,18.881,0.045479998,0.1682,1000715.0,0.00863
ARAMIS GROUP,FR0014003U94,Euronext Paris,Compartment B,France,ARAMI.PA,Auto & Truck Dealerships,Consumer Cyclical,,0.845,,,17.541668,8.3085,16092.0,345642144.0,EUR,459287104.0,0.00835,2.499,1.6846738,0.24,0.50671,46664000.0,0.567,158560000.0,2379619072.0,28.756,0.03575,0.100360006,229270000.0,0.016449999
ARCHOS,FR001400KO61,Euronext Growth Paris,Euronext Growth,France,ALJXR.PA,Consumer Electronics,Technology,,2.248,,,9.780001,9.780001,76158.0,11355171.0,EUR,14913171.0,0.02467,-0.015,-13.040001,0.02,0.02,10208000.0,0.176,8038000.0,31371000.0,0.54,0.02599,0.51393,8666000.0,0.04363
ARCTIC BIOSCIENCE AS,NO0010859580,Euronext Growth Oslo,Euronext Growth,Norway,ABS.OL,Biotechnology,Healthcare,,1.273,,,,-16.75,14500.0,90303456.0,NOK,142649376.0,-0.9448,7.271,0.46073443,-1.67,-0.2,2490109.0,0.093,55160704.0,45895408.0,1.761,-0.088240005,-0.2015,14436359.0,-0.86530995
ARCTIC FISH HOLDING AS,NO0010917719,Euronext Growth Oslo,Euronext Growth,Norway,AFISH.OL,Farm Products,Consumer Defensive,,-0.203,,,,6.6762724,2336.0,1251137664.0,NOK,1391454720.0,-0.28042,24.626661,1.1288579,-8.38,4.164,11062000.0,0.246,151379008.0,89336000.0,1.997,-0.02418,-0.26843,29731000.0,0.30738002
ARCTICZYMES TECHNOLOGIES,NO0010014632,Oslo Bors,Compartment B,Norway,AZT.OL,Biotechnology,Healthcare,,0.354,,,121.052635,33.093525,48573.0,1174642048.0,NOK,864191552.0,0.08359,6.627,3.4706504,0.19,0.695,264720992.0,5.183,5342000.0,118206000.0,2.273,0.00497,0.02982,113523000.0,0.16906999
ARCURE,FR0013398997,Euronext Growth Paris,Euronext Growth,France,ALCUR.PA,Specialty Industrial Machinery,Industrials,,1.107,,,,5.379629,522.0,17141174.0,EUR,22243316.0,-0.034140002,1.261,2.3037271,-0.12,0.54,2967000.0,0.507,8222000.0,17284000.0,2.96,-0.02905,-0.07732,11066000.0,-0.14461
ARENDALS FOSSEKOMPANI,NO0003572802,Oslo Bors,Compartment B,Norway,AFK.OL,Conglomerates,Industrials,3,1.11,2.31,1.94,,55.3125,12175.0,9728045056.0,NOK,9966201856.0,-0.01512,88.9,1.9910011,-1.57,3.2,1543000064.0,28.075,1707000064.0,3704000000.0,67.394,0.01265,-0.01642,2235000064.0,0.04724
ARISTON HOLDING,NL0015000N33,Euronext Milan,Compartment B,Netherlands,ARIS.MI,Building Products & Equipment,Industrials,,0.785,1.53,,20.423077,13.424345,130186.0,1953024128.0,EUR,2498038784.0,0.0347,4.117,1.2897741,0.26,0.39555,216700000.0,0.626,900200000.0,2682800128.0,7.28,0.02849,0.06553,1068400000.0,0.03642
ARRIBATEC GROUP ASA,NO0013682948,Oslo Bors,Compartment C,Norway,ARR.OL,Information Technology Services,Technology,,1.142,,,,-45.0,83585.0,584280512.0,NOK,528159168.0,-0.0013,4.404,1.941417,-6.3,-0.19,60548000.0,0.92,26180000.0,634691968.0,18.776,0.01619,-0.111090004,473915008.0,0.07545
ARTEA,FR0012185536,Euronext Paris,Compartment C,France,ARTE.PA,Real Estate Services,Real Estate,,0.65,,,,,38.0,39657676.0,EUR,158239712.0,-0.0367,16.641,0.4987681,-3.16,,4195000.0,0.881,123066000.0,74359000.0,21.15,0.00013,-0.19047001,15503000.0,-0.20261
ARTERRA BIOSCIENCE,IT0005386369,Euronext Growth Milan,Euronext Growth,Italy,ARBS.MI,Biotechnology,Healthcare,,0.88,4.17,,10.551724,,3000.0,19931900.0,EUR,17388174.0,0.32032,1.716,1.7832168,0.29,,3343244.0,0.502,356429.0,4173090.0,0.627,0.06613,0.12056,2414132.0,0.64855003
ARTMARKET.COM(EX ARTPRICE.COM),FR0000074783,Euronext Paris,Compartment C,France,PRC.PA,Internet Content & Information,Communication Services,,-0.124,,,50.166668,,16727.0,20021060.0,EUR,18742636.0,0.07598,4.831,0.62305945,0.06,,2620000.0,0.394,1009000.0,8357000.0,1.256,0.00783,0.01994,5131000.0,0.06398
ARTOIS NOM.,FR0000076952,Euronext Paris,Compartment A,France,ARTO.PA,Computer Hardware,Technology,,0.359,0.8,0.86,136.9863,,3.0,2262700032.0,EUR,1615374976.0,0.11038,8181.21,1.0389662,62.05,,701953024.0,2636.938,55185000.0,149544000.0,561.773,-0.00316,0.0063899998,47404000.0,-0.12224
ARVERNE GROUP,FR001400JWR8,Euronext Paris,Compartment B,France,ARVEN.PA,Utilities - Renewable,Utilities,,0.203,,,,-6.9975615,1146.0,212484208.0,EUR,127658632.0,-0.61691004,4.212,1.1989554,-0.25,-0.72168,97533000.0,2.806,37130000.0,18810000.0,0.472,,,23773000.0,-1.5037199
ASCOPIAVE,IT0004093263,Euronext Milan,Compartment B,Italy,ASC.MI,Utilities - Regulated Gas,Utilities,8,0.761,3.9,5.34,9.625,21.432945,130642.0,833285696.0,EUR,1442756736.0,0.35467997,4.149,0.9279344,0.4,0.17963,25044000.0,0.116,634510016.0,242535008.0,1.121,0.03583,0.09822,216404992.0,0.20792
ASHLER ET MANSON,FR0012968485,Euronext Access Paris,Euronext Access,France,MLAEM.PA,Insurance Brokers,Financial Services,,,0.81,,56.8,,5.0,9021260.0,EUR,,0.0,0.413,6.8765135,0.05,,,,,,,,,,0.0
ASSYSTEM,FR0000074148,Euronext Paris,Compartment B,France,ASY.PA,Engineering & Construction,Industrials,9,0.774,2.25,5.99,84.51923,16.390446,3827.0,652215232.0,EUR,744986944.0,0.012259999,19.914,2.2069902,0.52,2.68144,26000000.0,1.833,146100000.0,636400000.0,44.0,0.00454,0.023139998,172700000.0,-0.00214
ATARI S.A.,FR0010478248,Euronext Growth Paris,Euronext Growth,France,ALATA.PA,Electronic Gaming & Multimedia,Communication Services,,0.247,,,,,143134.0,65590308.0,EUR,118990296.0,-0.27062,0.009,13.111112,-0.02,,4600000.0,0.008,59500000.0,38800000.0,0.087,0.03823,-5.78378,28700000.0,-0.13757
ATEA,NO0004822503,Oslo Bors,Compartment A,Norway,ATEA.OL,Information Technology Services,Technology,9,0.782,4.96,4.53,18.447607,12.675556,71873.0,15905640448.0,NOK,16483898368.0,0.02349,40.752,3.499215,7.73,11.25,1594000000.0,14.305,2188000000.0,37376000000.0,335.188,0.04078,0.19589001,11057999872.0,0.04346
ATEME,FR0011992700,Euronext Paris,Compartment C,France,ATEME.PA,Communication Equipment,Technology,7,-0.018,,,,13.04,7933.0,75422400.0,EUR,105600784.0,-0.00434,2.674,2.4382946,-0.47,0.5,2291000.0,0.199,32661000.0,94684000.0,8.252,0.01158,-0.013409999,57260000.0,-0.02544
ATENOR,BE0003837540,Euronext Brussels,Compartment B,Belgium,ATEB.BR,Real Estate - Development,Real Estate,,0.882,,7.49,,11.063829,7015.0,157862512.0,EUR,759741504.0,-0.2589,5.235,0.49665707,-1.32,0.235,63266000.0,1.042,661500032.0,239807008.0,4.912,-0.012180001,-0.18238,-393000.0,-0.02646
ATON,FR0004153930,Euronext Growth Paris,Euronext Growth,France,ALTAO.PA,Biotechnology,Healthcare,,0.104,,,Infinity,,827446.0,4968709.0,EUR,9347709.0,-0.17608999,0.001,6.0,0.0,,76000.0,0.0,4147000.0,656927.0,0.001,-0.10451999,,409031.0,-1.70035
ATON GREEN STORAGE,IT0005449464,Euronext Growth Milan,Euronext Growth,Italy,ATON.MI,Electrical Equipment & Parts,Industrials,,0.814,,,,-32.97872,15500.0,11625000.0,EUR,41755456.0,-0.86704004,2.057,0.75352454,-1.04,-0.047,991001.0,0.132,31121456.0,8958723.0,1.194,-0.0685,-0.40095,-1395653.0,-1.1196901
ATOS,FR001400X2S4,Euronext Paris,Compartment B,France,ATO.PA,Information Technology Services,Technology,3,1.701,,1.6,,-6.0729923,287635.0,806134272.0,EUR,2256145920.0,0.17294,-4.696,-8.858603,-1166.96,-6.85,1364000000.0,70.387,2812999936.0,8632999936.0,860.762,-0.01271,,195000000.0,0.02786
AUBAY,FR0000063737,Euronext Paris,Compartment B,France,AUB.PA,Information Technology Services,Technology,6,0.998,2.52,2.37,17.399267,13.329255,8959.0,605077056.0,EUR,521944288.0,0.06476,21.548,2.204381,2.73,3.56359,108072000.0,8.451,20009000.0,537219968.0,42.303,0.06122,0.12866999,59246000.0,0.0696
AUDACIA,FR00140059B5,Euronext Growth Paris,Euronext Growth,France,ALAUD.PA,Asset Management,Financial Services,,0.303,,,24.625,,3505.0,27750800.0,EUR,18335958.0,0.07461,2.782,1.4162472,0.16,,3113326.0,0.623,747954.0,13814187.0,2.71,0.03059,0.11139,6040735.0,0.10824
AUGROS COSMETICS,FR0000061780,Euronext Paris,Compartment C,France,AUGR.PA,,,,-0.435,,,,,2.0,7050838.0,EUR,9847380.0,-0.28502,-0.685,-7.2408757,-1.78,,737323.0,0.519,3533875.0,12357340.0,8.657,-0.16638,-4.4756,3415844.0,-0.33835
AUREA,FR0000039232,Euronext Paris,Compartment C,France,AURE.PA,Waste Management,Industrials,,0.547,2.53,2.01,,20.413794,263.0,55323308.0,EUR,71168656.0,-0.0076599997,7.81,0.7580026,-0.22,0.29,27411000.0,2.931,43221000.0,221092992.0,23.603,0.00273,-0.029260002,13014000.0,-0.0063
AURSKOG SPAREBANK,NO0006001601,Oslo Bors,Compartment C,Norway,AURG.OL,Banks - Regional,Financial Services,,0.064,6.59,4.84,13.375517,12.806628,89.0,1197022848.0,NOK,5995985408.0,0.496,483.067,0.5360541,19.36,20.22,651340032.0,140.903,5454232064.0,499636000.0,108.085,0.01258,0.10366,499636000.0,0.64412004
AUSTEVOLL SEAFOOD,NO0010073489,Oslo Bors,Compartment A,Norway,AUSS.OL,Farm Products,Consumer Defensive,9,0.767,6.79,5.06,14.469697,9.564356,147742.0,19274199040.0,NOK,41625563136.0,0.03434,78.004,1.2242962,6.6,9.98499,4689999872.0,23.238,15150000128.0,38995001344.0,191.809,0.02495,0.08135,16304000000.0,0.10113
AUTOSTRADE MERID,IT0000084043,Euronext Milan,Compartment C,Italy,AUTME.MI,Engineering & Construction,Industrials,,0.438,,3.28,12.977273,,1200.0,12490625.0,EUR,4232375.0,0.32794,4.166,0.68530965,0.22,,9380000.0,2.144,1253000.0,2906000.0,0.664,0.02296,0.05369,1282000.0,-0.22149
AVANTIUM,NL0015002IE0,Euronext Amsterdam,Compartment B,Netherlands,AVTX.AS,Specialty Chemicals,Basic Materials,,1.185,,,,-3.5614264,124593.0,169825888.0,EUR,199761088.0,-1.27318,9.605,0.70171785,-1.93,-1.8925,12042000.0,1.368,153328992.0,18764000.0,2.243,-0.088149995,-0.30841,-32836000.0,-3.06728
AVENIR TELECOM,FR001400CFI7,Euronext Paris,Compartment C,France,AVT.PA,Communication Equipment,Technology,,0.382,,,,,331727.0,7905199.0,EUR,116900.0,-0.91053003,0.013,8.230769,-0.11,,9595000.0,0.13,1622000.0,10730000.0,0.145,-0.19243,-1.4125,-1285000.0,-0.45957002
AVIO,IT0005119810,Euronext Milan,Compartment B,Italy,AVIO.MI,Aerospace & Defense,Industrials,,0.961,0.34,,144.8,87.33203,754492.0,1658097408.0,EUR,856440640.0,0.01454,12.648,2.8621128,0.25,0.41451,58379332.0,2.366,11228991.0,549030912.0,21.469,0.00433,0.02863,152878848.0,-0.00017999999
AWILCO LNG,NO0010607971,Oslo Bors,Compartment C,Norway,ALNG.OL,Oil & Gas Midstream,Energy,,-0.152,71.0,,,-14.587994,62320.0,391018400.0,NOK,552870400.0,-0.12384,9.373543,0.3147156,-0.38,-0.2022211,19467000.0,0.147,181319008.0,42232000.0,0.311,0.00723,-0.03928,36023000.0,0.21131
AXACTOR ASA,NO0010840515,Oslo Bors,Compartment C,Norway,NO0010840515.SG,,,,,,,,,0.0,,EUR,,,,,,,,,,,,,,,
AYFIE INTERNATIONAL AS,NO0012861683,Euronext Growth Oslo,Euronext Growth,Norway,AIX.OL,Software - Application,Technology,,,,,,,126.0,117305800.0,NOK,,0.0,,,-1.14,,,,,,,,,,0.0
AZERION,NL00150006Z9,Euronext Amsterdam,Compartment B,Netherlands,AZRN.AS,Electronic Gaming & Multimedia,Communication Services,,-0.518,,,,13.0,33996.0,127081856.0,EUR,317581856.0,-0.053790003,0.412,2.5242717,-0.42,0.08,88700000.0,0.726,271000000.0,578200000.0,4.541,0.0053,-0.78312,178600000.0,-0.040900003
AZOREAN AQUATIC TECHNOLOGIES SA,PTAZR0AM0006,Euronext Access Paris,Euronext Access,Portugal,MLAAT.PA,Specialty Industrial Machinery,Industrials,,-0.175324,,,,,699.0,,EUR,,0.0,,,,,,,,,,-0.0089300005,-0.078889996,,0.0
B&C SPEAKERS,IT0001268561,Euronext Milan,Compartment B,Italy,BEC.MI,Consumer Electronics,Technology,,0.299,7.33,3.58,13.300971,10.0,14481.0,150365776.0,EUR,158694592.0,0.11404,4.911,2.789656,1.03,1.37,13837422.0,1.265,22650918.0,99336400.0,9.058,0.12236,0.21108,36370940.0,0.19381
B.F.,IT0005187460,Euronext Milan,Compartment B,Italy,BFG.MI,Farm Products,Consumer Defensive,,0.163,1.65,0.91,,48.279568,47967.0,1175319808.0,EUR,1703399424.0,-0.0016,3.143,1.4285715,-0.01,0.093,215344992.0,0.822,491072000.0,1596982016.0,6.098,0.01609,0.00062,229326000.0,0.02901
B2 Impact ASA,NO0010633951,Oslo Bors,Compartment B,Norway,B2I.OL,Credit Services,Financial Services,,0.686,8.23,,14.077381,10.150215,517858.0,8744047616.0,NOK,18998046720.0,0.21645,15.441,1.5316365,1.68,2.33,231000000.0,0.625,10485000192.0,2868999936.0,7.762,0.03595,0.10965,2310000128.0,0.30252
BAIKOWSKI,FR0013384369,Euronext Growth Paris,Euronext Growth,France,ALBKK.PA,Chemicals,Basic Materials,,0.496,1.47,,13.076923,,71.0,74865144.0,EUR,81482360.0,0.12907,13.07,1.5608263,1.56,,9364000.0,2.553,16014000.0,48376000.0,13.19,0.04691,0.13645001,34126000.0,0.15039
BALTIC SEA PROPERTIES,NO0010810476,Euronext Growth Oslo,Euronext Growth,Norway,BALT.OL,Real Estate Services,Real Estate,,0.082,4.31,,8.31579,,2772.0,411920800.0,NOK,1089806720.0,0.50904,71.034,0.66728616,5.7,,86704000.0,9.975,764516992.0,104953000.0,11.848,0.03246,0.08882,104953000.0,0.71691
BALYO,FR0013258399,Euronext Paris,Compartment C,France,BALYO.PA,Specialty Industrial Machinery,Industrials,,1.693,,,,-3.1368423,54752.0,99587792.0,EUR,100584216.0,-0.48069,0.04,14.900001,-0.21,-0.19,7746300.0,0.046,8749000.0,28609800.0,0.219,-0.17235,,9944200.0,-0.56758
BANCA IFIS,IT0003188064,Euronext Milan,Compartment B,Italy,IF.MI,Banks - Regional,Financial Services,4,0.688,9.58,4.58,4.5959034,7.310838,372993.0,1507446272.0,EUR,8192780288.0,0.48172,34.705,0.7111367,5.37,3.37581,875643008.0,14.336,7516963840.0,680883008.0,11.147,0.01854,0.16916001,680883008.0,0.33857
BANCA SISTEMA,IT0003173629,Euronext Milan,Compartment C,Italy,BST.MI,Banks - Regional,Financial Services,,1.061,,,3.120755,4.3491983,104920.0,133016432.0,EUR,,0.26374,3.734,0.44295663,0.53,0.3803,90000000.0,,278000000.0,160543008.0,,0.00992,0.13206,160543008.0,0.54080003
BANIMMO A,BE0003870871,Euronext Brussels,Compartment C,Belgium,BANI.BR,Real Estate - Development,Real Estate,,0.095,,4.48,,7.3,1900.0,32849778.0,EUR,128141776.0,-0.19334,5.896,0.49525103,-0.12,0.4,3464000.0,0.308,96863000.0,7148000.0,0.634,0.0124,-0.022869999,8317000.0,0.21785
BANQUP GROUP,BE0974371032,Euronext Brussels,Compartment C,Belgium,BANQ.BR,Software - Application,Technology,,1.574,,,,-18.952381,25416.0,147823792.0,EUR,173131984.0,0.87227,3.375,1.1792593,-1.29,-0.21,17060000.0,0.459,42158000.0,79560000.0,2.161,-0.07527,-0.53742003,34578000.0,-0.54867
BARBARA BUI,FR0000062788,Euronext Paris,Compartment C,France,BUI.PA,Apparel Manufacturing,Consumer Cyclical,,-0.647,,,,,300.0,2507544.0,EUR,5949540.0,-0.0383,1.058,3.5916824,-0.74,,2045000.0,3.099,5487000.0,13158000.0,19.94,0.022249999,-0.75336,9836000.0,-0.02868
BARCO,BE0974362940,Euronext Brussels,Compartment A,Belgium,BAR.BR,Electronic Components,Technology,4,0.679,4.97,2.78,13.270588,10.713981,130983.0,945489920.0,EUR,740599488.0,0.07424,8.7,1.2965517,0.85,1.05283,259782000.0,3.162,73573000.0,963841984.0,11.395,0.03867,0.09478,386046016.0,0.091029994
BASIC-FIT,NL0011872650,Euronext Amsterdam,Compartment A,Netherlands,BFIT.AS,Leisure,Consumer Cyclical,6,1.04,,,,22.6315,101399.0,2094839936.0,EUR,4938425344.0,-0.0031400002,5.996,5.293529,-0.06,1.40247,36700000.0,0.561,2900100096.0,1307699968.0,19.88,0.02076,-0.010249999,1045699968.0,0.08327
BASICNET,IT0001033700,Euronext Milan,Compartment B,Italy,BAN.MI,Apparel Retail,Consumer Cyclical,,-0.025,2.29,2.55,100.0,25.0,4322.0,334236000.0,EUR,443657984.0,0.01708,6.47,1.0819166,0.07,0.28,65442000.0,1.417,148862000.0,340764000.0,7.43,0.0076599997,0.013839999,154004000.0,-0.14385
BASSAC,FR0004023208,Euronext Paris,Compartment B,France,BASS.PA,Real Estate - Development,Real Estate,,0.647,2.0,4.02,8.923078,10.440001,26422.0,837830656.0,EUR,1108342144.0,0.06044,49.695,1.0504075,5.85,5.0,482633984.0,29.021,714124992.0,1505517056.0,90.386,0.040170003,0.114989996,306593984.0,0.07679
BASTIDE LE CONFORT,FR0000035370,Euronext Paris,Compartment B,France,BLC.PA,Medical Distribution,Healthcare,7,0.827,,0.9,64.86842,9.572815,5696.0,180177568.0,EUR,545201856.0,0.00107,9.867,2.4982264,0.38,2.575,25490000.0,3.487,393156992.0,491180000.0,65.766,0.04318,0.053239997,332996992.0,0.08783
BASTOGI SPA,IT0004412497,Euronext Milan,Compartment C,Italy,B.MI,Specialty Business Services,Industrials,,0.304,0.6,,12.611111,,276512.0,126322904.0,EUR,239147904.0,0.21563,0.909,1.2486249,0.09,,11518000.0,0.103,124343000.0,67263000.0,0.604,0.04062,0.14378999,42793000.0,0.07355
BCA POP SONDRIO,IT0000784196,Euronext Milan,Compartment A,Italy,BPSO.MI,Banks - Regional,Financial Services,2,0.717,4.72,2.25,12.055555,13.33446,373095.0,7808884224.0,EUR,14987442176.0,0.39148998,10.155,1.7095028,1.44,1.30189,3551330048.0,7.895,10729874432.0,1655200000.0,3.68,0.01127,0.14854999,1655200000.0,0.41081002
BCA PROFILO,IT0001073045,Euronext Milan,Compartment C,Italy,PRO.MI,Banks - Regional,Financial Services,,0.278,7.66,1.9,8.4,,397051.0,110988528.0,EUR,,0.16302,0.249,0.67469877,0.02,,349616992.0,,1224734976.0,61361000.0,,,0.06147,61361000.0,0.13701001
BCO DESIO BRIANZA,IT0001041000,Euronext Milan,Compartment B,Italy,BDB.MI,Banks - Regional,Financial Services,3,0.532,5.81,3.91,9.237113,,108496.0,1178014336.0,EUR,4246346240.0,0.20861,11.265,0.79538393,0.97,,477788992.0,3.634,3546117120.0,551510976.0,4.195,0.00627,0.07873,540883008.0,0.38692
BEEWIZE,IT0001487047,Euronext Milan,Compartment C,Italy,BWZ.MI,Information Technology Services,Technology,,0.557,,,,,3000.0,4182186.0,EUR,10635186.0,-0.75004995,-0.393,-0.95165396,-0.32,,76000.0,0.007,6787000.0,4761000.0,0.426,-0.09547,,-413000.0,-0.14938
BEKAERT,BE0974258874,Euronext Brussels,Compartment A,Belgium,BEKB.BR,Metal Fabrication,Industrials,4,1.255,4.37,3.99,13.089552,9.345455,31216.0,2159303424.0,EUR,2605394176.0,0.04517,41.426,1.058514,3.35,4.69212,463535008.0,9.157,811070976.0,3850650880.0,74.211,0.049060002,0.08146,628766976.0,0.09086
BELLINI NAUTICA,IT0005497042,Euronext Growth Milan,Euronext Growth,Italy,BELL.MI,Recreational Vehicles,Consumer Cyclical,,0.2,,,,,53500.0,17543624.0,EUR,,-0.00923,,,-0.05,,203160.0,,7656864.0,21705492.0,,-0.00139,-0.03882,3383014.0,0.025139999
BELYSSE GROUP NV,BE0974314461,Euronext Brussels,Compartment C,Belgium,BELYS.BR,Textile Manufacturing,Consumer Cyclical,,0.408,,,Infinity,4.2499995,1691.0,27496698.0,EUR,148356704.0,-0.0002,2.277,0.33596838,0.0,0.18,36446000.0,1.014,157306000.0,270288992.0,7.52,0.03714,-0.00063,165791008.0,0.055960003
BENETEAU,FR0000035164,Euronext Paris,Compartment B,France,BEN.PA,Recreational Vehicles,Consumer Cyclical,5,0.73,18.74,1.77,,23.619652,89054.0,622353728.0,EUR,549874560.0,0.0211,9.346,0.83030176,-0.27,0.32854,365777984.0,4.549,302407008.0,881539008.0,10.949,0.00185,-0.02763,492083008.0,-0.04918
Benfica SAD,PTSLB0AM0010,Euronext Lisbon,Compartment C,Portugal,SLBEN.LS,Entertainment,Communication Services,,0.44,,,4.52,,952.0,155940000.0,EUR,352863008.0,0.14936,5.057,1.3407159,1.5,,6376000.0,0.277,203299008.0,230618000.0,10.027,-0.06425,0.34759,143815008.0,-0.06287
BERGEN CARBON SOLUTIONS AS,NO0010950249,Euronext Growth Oslo,Euronext Growth,Norway,NO0010950249.SG,,,,,,,,,0.0,,EUR,,,,,,,,,,,,,,,
BERNARD LOISEAU,FR0000066961,Euronext Growth Paris,Euronext Growth,France,ALDBL.PA,Restaurants,Consumer Cyclical,,0.04,,,3.300971,,661.0,6134494.0,EUR,10975724.0,0.23462,2.569,1.3234723,1.03,,1538000.0,0.852,6704000.0,8060000.0,4.429,0.0023999999,0.51122004,679000.0,0.08961
BEVER HOLDING Gewone aandelen,NL0000285278,Euronext Amsterdam,Compartment C,Netherlands,BEVER.AS,Real Estate - Development,Real Estate,,0.062,,,,,6.0,42643872.0,EUR,15541872.0,0.0,4.459,0.5606638,-0.3,,27139000.0,1.591,37000.0,2000.0,0.0,-0.01652,-0.06546,-98000.0,-781.5
BEWI,NO0010890965,Oslo Bors,Compartment B,Norway,BEWI.OL,Packaging & Containers,Consumer Cyclical,,0.935,,,,123.692314,30738.0,3803278336.0,NOK,4258178304.0,0.01959,21.390465,0.7517368,-2.38,0.13,64500000.0,0.273,508100000.0,796300032.0,3.838,0.0047299997,-0.100889996,464700000.0,0.0040599997
BFF BANK,IT0005244402,Euronext Milan,Compartment A,Italy,BFF.MI,Credit Services,Financial Services,7,0.562,,,9.340541,4.042011,7736384.0,652819072.0,EUR,,0.24344,5.205,0.66397697,0.37,0.85502,125935000.0,,620923008.0,288259008.0,,0.00574,0.078600004,265626000.0,10.79448
BIEN SPAREBANK ASA,NO0012706763,Oslo Bors,Compartment C,Norway,BIEN.OL,Banks - Regional,Financial Services,,,3.59,,13.493531,12.586206,250.0,829308928.0,NOK,2327835904.0,0.38717997,109.154,1.3375598,10.82,11.6,73550000.0,10.416,1370416000.0,168388000.0,27.946,0.01125,0.08766,168388000.0,0.42328
BIESSE,IT0003097257,Euronext Milan,Compartment B,Italy,BSS.MI,Specialty Industrial Machinery,Industrials,6,1.393,0.66,2.43,,57.326042,22451.0,165486992.0,EUR,279956192.0,-0.011410001,8.899,0.68322283,-0.28,0.10606,60034000.0,2.206,174231008.0,676324992.0,24.841,-0.00459,-0.0305,391179008.0,0.024489999
BIGBEN INTERACTIVE,FR0000074072,Euronext Paris,Compartment C,France,BIG.PA,Consumer Electronics,Technology,10,0.573,,,,1.4047619,511325.0,10916656.0,EUR,334311584.0,-0.0071799997,11.714,0.05036708,-0.17,0.42,23817000.0,1.287,225508992.0,287558016.0,15.474,-0.00156,-0.01041,147708000.0,-0.00228
BILENDI,FR0004174233,Euronext Growth Paris,Euronext Growth,France,ALBLD.PA,Advertising Agencies,Communication Services,,0.637,,,12.358492,7.1846566,10643.0,60491924.0,EUR,113636800.0,0.06564,9.174,1.4279486,1.06,1.82333,8960890.0,1.938,61718208.0,77307920.0,16.808,0.05552,0.12933,23400576.0,0.11383
BIOPHYTIS,FR001400OLP5,Euronext Growth Paris,Euronext Growth,France,ALBPS.PA,Biotechnology,Healthcare,,0.294,,,,-0.025354192,715249.0,2298203.0,EUR,7806751.0,0.0,-0.333,-0.16396396,-0.34,-2.15349,1208000.0,0.052,7718000.0,,,-0.66563004,,,0.0
BIOSENIC,BE0974280126,Euronext Brussels,Compartment C,Belgium,BIOS.BR,Biotechnology,Healthcare,,-2.292,,,,-0.048,176161.0,1566869.0,EUR,24593870.0,0.0,-0.036,-0.06666667,-0.02,-0.05,501000.0,0.001,23528000.0,-2387000.0,-0.006,-0.462,,-2387000.0,-707.0
BIOSYNEX,FR0011005933,Euronext Growth Paris,Euronext Growth,France,FR0011005933.SG,,,,,,,,,0.0,,EUR,,,,,,,,,,,,,,,
BIOTALYS NV,BE0974386188,Euronext Brussels,Compartment C,Belgium,BE0974386188.SG,,,,,,,,,0.0,,EUR,,,,,,,,,,,,,,,
BIO-UV GROUP,FR0013345493,Euronext Growth Paris,Euronext Growth,France,FR0013345493.SG,,,,,,,,,0.0,,EUR,,,,,,,,,,,,,,,
BLACK SEA PROPERTY,NO0013685750,Euronext Growth Oslo,Euronext Growth,Norway,BSP.OL,Lodging,Consumer Cyclical,,0.53,,,,,3845.0,19212444.0,NOK,,-1.5899,43.694,0.09520758,-2.49,,,,123108000.0,10161000.0,2.818,-0.00592,-0.09079,10161000.0,-0.83474
BLUE SHARK POWER,FR0013340973,Euronext Access Paris,Euronext Access,France,MLBSP.PA,Utilities - Renewable,Utilities,,0.101803,,,Infinity,,5.0,16390000.0,EUR,20790000.0,0.0,0.159,18.74214,0.0,,,,,-112448.0,-0.02,-0.11731,-0.11253,-216882.0,2.06795
BLUELINEA,FR0011041011,Euronext Growth Paris,Euronext Growth,France,ALBLU.PA,Medical Devices,Healthcare,,0.339,,,,,2.0,8980298.0,EUR,,-0.064559996,0.115,4.2608695,-0.06,,,,,11682559.0,0.885,,,7493737.0,-0.11557999
BLUENORD ASA,NO0010379266,Oslo Bors,Compartment A,Norway,BNOR.OL,Oil & Gas E&P,Energy,,-0.198,4.37,,,7.827552,96925.0,11875964928.0,NOK,12221750272.0,-0.02953,184.68259,2.5151262,-12.43,59.34167,197000000.0,7.794,1159000064.0,870200000.0,32.877,0.03557,-0.03238,501300000.0,0.22236
BOA CONCEPT,FR0011365907,Euronext Growth Paris,Euronext Growth,France,ALBOA.PA,Specialty Industrial Machinery,Industrials,,0.12,,,33.749996,,1437.0,11766047.0,EUR,13297211.0,0.00931,14.817,0.820004,0.36,,7383741.0,7.625,8752937.0,24475860.0,25.275,-0.03808,0.01778,12413014.0,-0.19689
BODY ONE,FR0010106039,Euronext Access Paris,Euronext Access,France,MLONE.PA,Apparel Manufacturing,Consumer Cyclical,,-0.027501,,,,,223.0,1752064.0,EUR,1321600.0,0.051659998,0.695,0.6676259,-0.05,,,,,11431739.0,3.027,0.11062,0.33598998,3153166.0,0.10662
BOIRON,FR0000061129,Euronext Paris,Compartment B,France,BOI.PA,Drug Manufacturers - Specialty & Generic,Healthcare,9,0.3,4.39,3.24,25.135134,13.573207,777.0,484407488.0,EUR,430529216.0,0.03836,21.259,1.3123853,1.11,2.05552,62447000.0,3.597,18099000.0,504859008.0,29.078,0.06196,0.052199997,372124000.0,0.08936
BONDUELLE,FR0000063935,Euronext Paris,Compartment B,France,BON.PA,Packaged Foods,Consumer Defensive,9,0.416,2.44,2.73,17.728815,6.6190805,28502.0,335380704.0,EUR,909027072.0,-0.00521,18.987,0.55090326,0.59,1.58028,10843000.0,0.338,584211968.0,2203760896.0,68.688,0.026800001,0.031570002,637948032.0,0.03342
BONHEUR,NO0003110603,Oslo Bors,Compartment B,Norway,BONHR.OL,Conglomerates,Industrials,8,0.528,2.52,1.98,8.234579,9.184884,5407.0,11526142976.0,NOK,15624547328.0,0.11017,212.64,1.2744545,32.91,29.505,7218999808.0,169.731,9669000192.0,12685491200.0,298.258,0.06295,0.18917999,13155550208.0,0.24016
BONYF,BE6333353298,Euronext Access Paris,Euronext Access,Belgium,MLBON.PA,Medical Instruments & Supplies,Healthcare,,,,,,,14.0,3090150.0,EUR,,0.0,,,-1.78,,,,,,,,,,0.0
BORGESTAD,NO0013256180,Oslo Bors,Compartment C,Norway,BOR.OL,Building Products & Equipment,Industrials,,-0.223,4.53,,45.897438,20.11236,2525.0,627611072.0,NOK,1058201600.0,0.012610001,20.379,0.87835515,0.39,0.89,133272000.0,3.801,496734016.0,1097075968.0,31.152,0.030299999,0.02655,597137024.0,0.15272
BORGOSESIA,IT0003217335,Euronext Milan,Compartment C,Italy,BO.MI,Textile Manufacturing,Consumer Cyclical,,0.376,3.41,,11.700001,,811650.0,33497824.0,EUR,159187264.0,0.15215,1.165,0.6025751,0.06,,22348000.0,0.468,135516000.0,16398000.0,0.363,0.01018,0.0431,765000.0,0.20317
BORREGAARD,NO0010657505,Oslo Bors,Compartment A,Norway,BRG.OL,Specialty Chemicals,Basic Materials,2,0.801,2.7,1.78,28.231514,15.18884,57759.0,17512558592.0,NOK,19627556864.0,0.08038,58.689,2.992043,6.22,11.56112,91000000.0,0.912,2180999936.0,7712999936.0,77.354,0.08355,0.10941,1878000000.0,0.13584
BOURRELIER GROUP,FR0000054421,Euronext Growth Paris,Euronext Growth,France,ALBOU.PA,Home Improvement Retail,Consumer Cyclical,,0.271,7.61,2.57,93.63637,,1.0,255701872.0,EUR,255121904.0,0.00915,59.215,0.69576967,0.44,,167208000.0,27.587,154360992.0,299363712.0,55.458,0.00368,0.00778,118960704.0,0.045619998
BOURSE DIRECT,FR0000074254,Euronext Paris,Compartment B,France,BSD.PA,Capital Markets,Financial Services,10,0.48,3.89,2.45,14.6285715,14.222221,3176.0,264237888.0,EUR,289745088.0,0.2507,1.518,3.372859,0.35,0.36,30015000.0,0.582,54490000.0,73055000.0,1.367,0.01418,0.24563,31561000.0,0.34675
BOUVET,NO0010360266,Oslo Bors,Compartment B,Norway,BOUV.OL,Information Technology Services,Technology,6,0.498,6.02,3.9,14.479768,13.294025,197873.0,5178488832.0,NOK,5077208064.0,0.09709,3.786,13.232964,3.46,3.76861,373419008.0,3.644,347023008.0,3939864064.0,38.286,0.18326001,0.92113,4815822848.0,0.105220005
BPOST,BE0974268972,Euronext Brussels,Compartment B,Belgium,BPOST.BR,Integrated Freight & Logistics,Industrials,6,0.531,,8.86,,7.0159917,135834.0,444002112.0,EUR,2260235264.0,-0.06407,3.476,0.63866514,-1.47,0.31642,1225299968.0,6.02,3032600064.0,4560699904.0,22.641,0.017280001,-0.33284,727699968.0,-0.01207
BQUE NAT. BELGIQUE,BE0003008019,Euronext Brussels,Compartment B,Belgium,BNB.BR,Banks - Regional,Financial Services,,0.640947,0.34,7.72,,,78.0,161600000.0,EUR,178000000.0,0.0,-517.2,-0.7811291,-9197.39,,,,,-121783000.0,-304.457,-0.00166,-0.07732,-135883008.0,4.76349
BRAGA MORO,IT0005640286,Euronext Growth Milan,Euronext Growth,Italy,BRM.MI,Electronic Components,Technology,,,,,,,500.0,6483065.0,EUR,13537278.0,-0.01158,1.663,1.9482863,-0.1,,300623.0,0.158,7132795.0,17414522.0,10.28,,,5327032.0,0.09056
BRIOSCHI,IT0000066180,Euronext Milan,Compartment C,Italy,BRI.MI,Real Estate - Development,Real Estate,,0.579,,,Infinity,,781497.0,61236856.0,EUR,132731944.0,0.12189999,0.135,0.58222216,0.0,,2643000.0,0.003,75168000.0,17933000.0,0.023,0.0097,0.020680001,7616000.0,0.39091998
BROADPEAK,FR001400AJZ7,Euronext Growth Paris,Euronext Growth,France,ALBPK.PA,Communication Equipment,Technology,,0.919,,,,44.727272,17309.0,30721838.0,EUR,39818064.0,-0.020539999,1.471,1.6723318,-0.08,0.055,1106000.0,0.088,10174000.0,50974000.0,4.078,-0.05204,-0.0552,42453000.0,-0.115229994
BRUNEL INTERNAT,NL0010776944,Euronext Amsterdam,Compartment B,Netherlands,BRNL.AS,Staffing & Employment Services,Industrials,,0.475,8.28,3.16,22.633333,11.120938,110390.0,341760256.0,EUR,388049984.0,0.01181,5.349,1.2693962,0.3,0.61056,75397000.0,1.494,120775000.0,1286382976.0,25.503,0.03799,0.056399997,237700000.0,0.01391
BURELLE,FR0000061137,Euronext Paris,Compartment B,France,BUR.PA,Auto Parts,Consumer Cyclical,,0.636,3.78,3.61,6.8446603,,33.0,741518592.0,EUR,3190471680.0,0.01036,939.592,0.4501954,61.8,,739000000.0,421.59,2376999936.0,10421000192.0,5945.033,0.03039,0.07078,1174000000.0,0.04269
BYGGMA,NO0003087603,Euronext Growth Oslo,Euronext Growth,Norway,BMA.OL,Building Products & Equipment,Industrials,,0.658,,7.24,,,17132.0,1019361600.0,NOK,2450557440.0,-0.00422,15.513,0.9411462,-0.14,,30200000.0,0.433,1461400064.0,2340614912.0,33.406,0.02014,-0.0090499995,1123586048.0,0.09446
CA TOULOUSE 31 CCI,FR0000045544,Euronext Paris,Compartment C,France,CAT31.PA,Banks - Regional,Financial Services,,0.289,3.3,4.33,8.285302,,414.0,519011328.0,EUR,477790656.0,0.25845,463.977,0.24785712,13.88,,295820000.0,93.462,409599008.0,241954000.0,76.443,0.0038299998,0.0306,241954000.0,0.29919
CABASSE S.A.,FR001400DIY6,Euronext Growth Paris,Euronext Growth,France,ALCAB.PA,Consumer Electronics,Technology,,0.753,,,,,21992993.0,46501.0,EUR,6632333.0,-0.38577,-0.759,-0.0021080368,-0.9,,92000.0,0.044,6721000.0,6470700.0,3.627,-0.15061,,120172.0,-0.34245
CABKA,NL00150000S7,Euronext Amsterdam,Compartment C,Netherlands,CABKA.AS,Packaging & Containers,Consumer Cyclical,,0.44,,,,-19.754335,15423.0,38701068.0,EUR,110748536.0,-0.06481,2.112,0.7386363,-0.51,-0.07897,3000000.0,0.121,75200000.0,187552000.0,8.833,-0.01082,-0.20778,84408000.0,-0.0129700005
CADELER A/S,DK0061412772,Oslo Bors,Compartment A,Denmark,CADLR.OL,Engineering & Construction,Industrials,8,0.628,,,7.363531,6.2996793,320854.0,22220384256.0,NOK,23435646976.0,0.50043,46.524544,1.3627216,8.61,10.064005,217756992.0,0.621,1433020032.0,538737984.0,1.543,0.07301,0.20912,343160000.0,0.51658
CAFOM,FR0010151589,Euronext Growth Paris,Euronext Growth,France,ALCAF.PA,Home Improvement Retail,Consumer Cyclical,,0.006,,,8.333333,,1688.0,106367952.0,EUR,188935008.0,0.02949,16.689,0.68907666,1.38,,41920000.0,4.557,108462000.0,436760000.0,47.478,0.03721,0.09977999,227402000.0,0.04914
CAIRN HOMES PLC,IE00BWY4ZF18,Euronext Dublin,Compartment B,Ireland,CRN.L,Residential Construction,Consumer Cyclical,2,0.643,3.65,,14.607143,10.356129,394433.0,1269095936.0,GBp,1582681984.0,0.12769,1.0696018,191.19266,0.14,0.19746761,44160000.0,0.071,357745984.0,778201984.0,1.24,0.06672,0.13058,169696992.0,0.14998001
CAIRO COMMUNICATION,IT0004329733,Euronext Milan,Compartment B,Italy,CAI.MI,Publishing,Communication Services,,0.876,,4.44,7.514286,6.921053,144082.0,316014048.0,EUR,794314048.0,0.04152,4.548,0.5782762,0.35,0.38,80400000.0,0.669,203700000.0,1079000064.0,8.98,0.04897,0.0771,276600000.0,-0.03046
CALEFFI,IT0003025019,Euronext Milan,Compartment C,Italy,CLF.MI,Textile Manufacturing,Consumer Cyclical,,0.214,,,6.692308,7.25,719.0,13298804.0,EUR,26547354.0,0.031229999,1.665,0.5225225,0.13,0.12,1692000.0,0.109,14726000.0,61758000.0,4.016,0.03266,0.07719,19681000.0,0.029040001
CALIBRE,FR0014004QR6,Euronext Growth Paris,Euronext Growth,France,ALIBR.PA,Aerospace & Defense,Industrials,,1.463,,6.85,0.04,,11169708.0,13364663.0,EUR,12342735.0,-0.7091,-0.001,-0.39999998,0.01,,1932000.0,0.0,7539000.0,31918000.0,0.003,-0.0884,-4.64224,9727000.0,-0.14897999
CALTAGIRONE,IT0003127930,Euronext Milan,Compartment B,Italy,CALT.MI,Building Materials,Basic Materials,10,0.707,2.71,3.11,9.072726,,71926.0,1198797568.0,EUR,2518343680.0,0.059720002,16.566,0.6024387,1.1,,409504992.0,3.409,317008992.0,2216385024.0,18.451,0.033269998,0.07642,1466420992.0,0.091809995
CALTAGIRONE EDIT,IT0001472171,Euronext Milan,Compartment C,Italy,CED.MI,Publishing,Communication Services,,0.213,2.15,4.29,15.583334,,10845.0,199697792.0,EUR,209353888.0,0.12502,5.711,0.32743827,0.12,,13058000.0,0.122,23782000.0,103086000.0,0.965,-0.0051599997,0.02341,42387000.0,-0.12162
CAMBI ASA,NO0010078850,Euronext Growth Oslo,Euronext Growth,Norway,NO0010078850.SG,,,,,,,,,0.0,,EUR,,,,,,,,,,,,,,,
CAMPINE,BE0003825420,Euronext Brussels,Compartment C,Belgium,CAMB.BR,Waste Management,Industrials,,0.464,2.31,3.46,6.354727,,419.0,301500000.0,EUR,338625984.0,0.081750005,77.434,2.595759,31.63,,1503000.0,1.002,47629000.0,580174016.0,386.783,0.18232,0.49453,120879000.0,0.12597
CANDELA INVEST,BE0974298300,Euronext Growth Brussels,Euronext Growth,Belgium,CAND.BR,Asset Management,Financial Services,,0.973,,,,,462.0,1130182.0,EUR,1463362.0,-0.23152,2.176,0.4825367,-1.26,,4648389.0,4.39,5000000.0,5559626.0,5.859,-0.02621,-0.46327,1139817.0,-0.08274
CAPITAL B,FR0011053636,Euronext Growth Paris,Euronext Growth,France,ALCPB.PA,Software - Application,Technology,,2.263,,,,,855065.0,135878272.0,EUR,205970096.0,-0.13131,0.388,1.5360825,-0.02,,1531000.0,0.011,126937000.0,14325000.0,0.119,-0.02467,-0.061529998,513000.0,-0.43030998
CAPSOL TECHNOLOGIES ASA,NO0010923121,Oslo Bors,Compartment C,Norway,CAPSL.OL,Pollution & Treatment Controls,Industrials,,,,,,-128.55609,13687.0,357641216.0,NOK,,0.0,,,-0.65,-0.03726,,,,,,,,,0.0
CARBIOS,FR0011648716,Euronext Growth Paris,Euronext Growth,France,ALCRB.PA,Specialty Chemicals,Basic Materials,,1.672,,,,-6.25,21481.0,156113760.0,EUR,128618048.0,0.0,10.436,0.8863549,-2.3,-1.48,71702000.0,4.266,44853000.0,582000.0,0.035,-0.10130999,-0.19629999,542000.0,-47.97688
CARVOLIX,FR0013333077,Euronext Paris,Compartment C,France,FR0013333077.SG,,,,,,,,,0.0,,EUR,,,,,,,,,,,,,,,
CASINO GUICHARD,FR001400OKR3,Euronext Paris,Compartment C,France,CO.PA,Grocery Stores,Consumer Defensive,4,1.146,,7.21,,-0.83214283,494258.0,93273808.0,EUR,3051371008.0,-0.06439,2.429,0.09592425,-5.93,-0.28,522000000.0,1.304,3481999872.0,8448000000.0,21.047,-0.00099,-0.46712002,2406000128.0,-0.00438
CASTA DIVA GROUP,IT0005003782,Euronext Growth Milan,Euronext Growth,Italy,CDG.MI,Entertainment,Communication Services,,0.096,1.86,,15.882353,10.519344,98000.0,55657424.0,EUR,,0.00803,0.504,5.357143,0.17,0.25667,28403940.0,,43816840.0,122609296.0,,0.02705,0.09706,26688000.0,0.03509
CATANA GROUP,FR0010193052,Euronext Growth Paris,Euronext Growth,France,ALCAT.PA,Recreational Vehicles,Consumer Cyclical,9,0.626,4.74,,5.808511,5.965257,51073.0,77841496.0,EUR,99930496.0,0.077589996,3.537,0.7718406,0.47,0.45765,42911000.0,1.505,60744000.0,174952992.0,6.136,0.04759,0.11505,91852000.0,0.09839
CATERING INTERNATIONAL & SERVICES S.A.,FR0000064446,Euronext Growth Paris,Euronext Growth,France,ALCIS.PA,Specialty Business Services,Industrials,,0.436,1.2,0.86,15.934066,10.642905,715.0,112991616.0,EUR,112603224.0,0.015800001,8.319,1.7429979,0.91,1.36241,41800000.0,5.364,38222000.0,459919008.0,59.021,0.0581,0.1358,104839000.0,0.051939998
CAVENDISH HYDROGEN ASA,NO0013219535,Oslo Bors,Compartment C,Norway,CAVEN.OL,Utilities - Regulated Gas,Utilities,,,,,,-1.5097973,3281.0,233257392.0,NOK,213654656.0,-1.20582,18.278305,0.3818735,-8.27,-4.623137,23300000.0,0.693,2300000.0,20450000.0,0.608,-0.17879999,-0.37647,9086000.0,-1.2325599
CBO TERRITORIA,FR0010193979,Euronext Paris,Compartment C,France,CBOT.PA,Real Estate - Diversified,Real Estate,,0.244,6.03,6.56,10.000001,8.297873,61907.0,136830400.0,EUR,278939168.0,0.25731,6.98,0.55873924,0.39,0.47,17197000.0,0.49,156499008.0,57215000.0,1.617,0.03141,0.060599998,34718000.0,0.44002
CEGEDIM,FR0000053506,Euronext Growth Paris,Euronext Growth,France,ALCGM.PA,Health Information Services,Healthcare,10,0.897,,1.35,,6.207592,6398.0,168189408.0,EUR,460481760.0,-0.02151,19.248,0.6364298,-1.0,1.97339,49924000.0,3.626,321310016.0,657998016.0,47.926,0.02822,-0.04868,274963008.0,0.049450003
CELLECTIS,FR0010425595,Euronext Growth Paris,Euronext Growth,France,ALCLS.PA,Biotechnology,Healthcare,,2.854,,,,-2.4439776,354648.0,351062560.0,EUR,289023040.0,-0.42826,1.172241,2.9772036,-0.27,-1.428,52243000.0,0.722,88851000.0,82551000.0,0.823,-0.04467,-0.30754998,82551000.0,0.21636999
CELLULARLINE,IT0005244618,Euronext Milan,Compartment C,Italy,CELL.MI,Auto Parts,Consumer Cyclical,,0.311,3.71,,10.08,6.0431657,5173.0,52374540.0,EUR,69952792.0,0.0345,6.292,0.40050858,0.25,0.417,27537000.0,1.311,44544000.0,162154000.0,7.63,0.01753,0.04262,65057000.0,-0.01626
CELYAD ONCOLOGY,BE0974260896,Euronext Brussels,Compartment C,Belgium,CYAD.BR,Biotechnology,Healthcare,,0.725,,,,0.55,591281.0,15756192.0,EUR,14623857.0,0.0,-0.075,-4.693333,-1.83,0.64,790000.0,0.019,831000.0,186000.0,0.004,-0.4341,-78.71951,175000.0,-261.0
CEMBRE,IT0001128047,Euronext Milan,Compartment B,Italy,CMB.MI,Electrical Equipment & Parts,Industrials,8,0.588,2.66,3.85,26.568266,25.446552,13615.0,1210677120.0,EUR,1197316096.0,0.19139999,13.068,5.509642,2.71,2.82946,18925000.0,1.125,25742000.0,238290000.0,13.669,0.12606,0.21535,136416000.0,0.20662001
CEMENTIR HOLDING,NL0013995087,Euronext Milan,Compartment A,Netherlands,NL0013995087.SG,,,,,,,,,0.0,,EUR,,,,,,,,,,,,,,,
CENERGY,BE0974303357,Euronext Brussels,Compartment A,Belgium,CENER.BR,Electrical Equipment & Parts,Industrials,7,0.889,0.71,,24.425287,19.921814,19878.0,4511641088.0,EUR,4853931008.0,0.089700006,3.677,5.7791677,0.87,1.06667,344081984.0,1.621,686934976.0,2082712064.0,9.849,,,360452000.0,0.14965999
CENTRALE DEL LATTE D'ITALIA,IT0003023980,Euronext Milan,Compartment C,Italy,CLI.MI,Packaged Foods,Consumer Defensive,,0.35,,1.63,14.228572,8.272426,9103.0,65879508.0,EUR,91407096.0,0.01355,5.544,0.8982684,0.35,0.602,68292000.0,4.878,89979000.0,356722912.0,25.686,0.020480001,0.06334,74824208.0,0.07606
CFE,BE0003883031,Euronext Brussels,Compartment B,Belgium,CFEB.BR,Engineering & Construction,Industrials,6,1.33,3.86,2.4,9.363636,9.147425,1380.0,255459840.0,EUR,301266464.0,0.02424,9.573,1.0759428,1.1,1.126,141220000.0,5.724,188368000.0,1127240960.0,45.514,0.013459999,0.11554,339936000.0,0.01756
CH.FER DEPARTEMENTAUX,FR0000037871,Euronext Access Paris,Euronext Access,France,MLCFD.PA,Railroads,Industrials,,0.165393,3.6,,19.683441,,6.0,26675000.0,EUR,19112500.0,0.49453998,741.584,1.3080109,49.28,,,,,885285.0,32.192,-0.01353,0.021440001,518153.0,-0.66501
CHARWOOD ENERGY S.A.,FR001400AJ60,Euronext Growth Paris,Euronext Growth,France,ALCWE.PA,Utilities - Renewable,Utilities,,1.752,,,,,56.0,15643096.0,EUR,17027984.0,-0.42240003,0.827,3.6517532,-0.53,,677211.0,0.13,2291556.0,6585517.0,1.264,-0.13051,-0.53142,3442920.0,-0.31265
Cheops Technology,FR0010447086,Euronext Access Paris,Euronext Access,France,MLCHE.PA,Information Technology Services,Technology,,0.439648,2.24,,14.447236,,17.0,132250000.0,EUR,151800000.0,0.04575,12.229,4.701938,3.98,,,,,128445688.0,55.846,0.0651,0.23045,10308163.0,0.060890004
CHOICE NV,BE0974370026,Euronext Access Brussels,Euronext Access,Belgium,MLTV.BR,Software - Application,Technology,,,,,,,100.0,442843.0,EUR,,0.0,,,,,,,,,,,,,0.0
CIBOX INTER A CTIV,FR0000054322,Euronext Growth Paris,Euronext Growth,France,ALCBX.PA,Computer Hardware,Technology,,1.143,,,,,1188682.0,10319945.0,EUR,,-0.32294998,0.013,0.9692308,-0.01,,,,,9791000.0,0.037,,,170000.0,-0.4098
CIE BOIS SAUVAGE,BE0003592038,Euronext Brussels,Compartment B,Belgium,COMB.BR,Asset Management,Financial Services,,0.391,2.68,2.77,,,265.0,501964672.0,EUR,601939840.0,-0.02241,303.617,1.030904,-4.98,,60467000.0,37.349,121654000.0,326670016.0,202.426,0.05361,-0.00159,179442000.0,0.08817001
CIE DU MONT BLANC,FR0000060428,Euronext Access Paris,Euronext Access,France,MLCMB.PA,Leisure,Consumer Cyclical,,0.124,3.13,2.75,12.93625,,36.0,250346784.0,EUR,293265792.0,0.12611,222.407,1.2499607,21.49,,2849000.0,3.164,45768000.0,153892000.0,170.891,0.0356,0.10064,138930000.0,0.28339002
CIR,IT0000070786,Euronext Milan,Compartment B,Italy,CIR.MI,Auto Parts,Consumer Cyclical,,0.386,,1.81,6.727273,12.345679,700729.0,637659520.0,EUR,1608795648.0,0.01793,0.907,0.81587654,0.11,0.05994,392327008.0,0.448,1085586944.0,1805072000.0,1.851,0.02325,0.04927,923830976.0,0.06434
CIRCIO HOLDING ASA,NO0013033795,Oslo Bors,Compartment C,Norway,CRNA.OL,Biotechnology,Healthcare,,1.449,,,,Infinity,4380066.0,195539568.0,NOK,144036096.0,0.0,-0.118,-11.186441,-2.41,0.0,6346000.0,0.06,11111000.0,,,-2.46942,,,0.0
CIRCLE,IT0005344996,Euronext Growth Milan,Euronext Growth,Italy,CIRC.MI,Information Technology Services,Technology,,0.299,,,29.16129,,1320.0,41978108.0,EUR,46577408.0,0.08853,2.952,3.0623307,0.31,,1336947.0,0.282,2270678.0,16581592.0,2.556,0.038900003,0.09214,2353055.0,0.11667
CLARANOVA,FR0013426004,Euronext Growth Paris,Euronext Growth,France,ALCLA.PA,Software - Application,Technology,,1.145,,,,3.7395349,172901.0,45905692.0,EUR,89044304.0,0.62458,0.719,1.1182199,-0.48,0.215,5700000.0,0.1,50100000.0,118000000.0,2.065,0.062069997,-1.7134,59700000.0,0.059159998
CLARIANE SE,FR0010386334,Euronext Paris,Compartment B,France,CLARI.PA,Medical Care Facilities,Healthcare,4,0.714,,1.94,,20.49985,461203.0,1444501120.0,EUR,9226541056.0,-0.0115600005,10.077,0.4021038,-0.03,0.19766,756148992.0,2.125,8209384960.0,5309421056.0,14.99,0.01344,-0.01538,1674998016.0,0.038039997
CLASS EDITORI,IT0005117848,Euronext Milan,Compartment C,Italy,CLE.MI,Publishing,Communication Services,,1.137,,0.9,,,47370.0,44378688.0,EUR,89882936.0,-0.05055,0.019,7.2368426,-0.01,,3001000.0,0.009,36958000.0,83108000.0,0.258,,,14638000.0,-0.1757
CLEANBNB,IT0005377277,Euronext Growth Milan,Euronext Growth,Italy,CBB.MI,Real Estate Services,Real Estate,,0.543,,,31.933334,,4800.0,8261660.0,EUR,,0.01179,0.2,4.79,0.03,,7056999.0,,181011.0,19561114.0,,0.01293,0.12485,2833015.0,-0.03706
CLOUDBERRY CLEAN ENERGY ASA,NO0010876642,Oslo Bors,Compartment B,Norway,NO0010876642.SG,,,,,,,,,0.0,,EUR,,,,,,,,,,,,,,,
CLOUDIA RESEARCH,IT0005577090,Euronext Growth Milan,Euronext Growth,Italy,AGAIN.MI,Information Technology Services,Technology,,1.134,,,99.0,5.5,13000.0,5173138.0,EUR,6415531.0,0.02405,0.997,0.992979,0.01,0.18,614848.0,0.12,1968617.0,9009219.0,1.736,0.01883,0.04053,1209127.0,-0.02322
CM.COM,NL0012747059,Euronext Amsterdam,Compartment B,Netherlands,CMCOM.AS,Software - Application,Technology,,1.327,,,,-304.79266,84498.0,181939408.0,EUR,238882560.0,-0.0146,0.823,6.877278,-0.4,-0.01857,33210000.0,1.001,87994000.0,259394000.0,8.327,-0.01101,-0.22187,81299000.0,-0.00329
CMG CLEANTECH,FR0013406881,Euronext Access Paris,Euronext Access,France,MLCMG.PA,Utilities - Renewable,Utilities,,0.661191,,,,,1100.0,8290071.0,EUR,40038420.0,0.0,-0.023,-10.434782,-0.098,,,,,,,-0.5744,,-119683.0,0.0
CO.BR.HA (D),BE0003519270,Euronext Growth Brussels,Euronext Growth,Belgium,COBH.BR,Beverages - Brewers,Consumer Defensive,,0.119,,0.57,,,3.0,112500000.0,EUR,,-0.06789,1364.453,1.0993416,-99.75,,,,,110204000.0,1494.72,,,42418000.0,0.0053600003
CODELAB CAPITAL AS,NO0013483503,Euronext Growth Oslo,Euronext Growth,Norway,CODE.OL,Health Information Services,Healthcare,,1.107,,,,-9.2,10.0,33246306.0,NOK,-7204920.0,0.0,2.619,0.8781978,-16.18,-0.25,22927430.0,3.354,0.0,161949.0,0.036,-0.92843,-1.76425,-14638931.0,-1685.0475
COFACE,FR0010667147,Euronext Paris,Compartment A,France,COFA.PA,Insurance - Reinsurance,Financial Services,3,0.487,8.7,5.98,10.584415,10.190047,203339.0,2432156416.0,EUR,5389813760.0,0.11861,14.424,1.130061,1.54,1.5996,932561024.0,6.247,3886361088.0,1936135040.0,12.974,0.03014,0.107939996,1173425024.0,0.24879
COFIDUR S.A.,FR0013257409,Euronext Growth Paris,Euronext Growth,France,ALCOF.PA,Electronic Components,Technology,,0.132,5.28,2.43,9.414842,,7.0,11071872.0,EUR,17468808.0,0.01424,727.409,0.39592582,30.59,,8084000.0,209.073,14417000.0,83062000.0,2148.192,0.00281,0.042600002,34475000.0,0.00131
COFLE,IT0005465619,Euronext Growth Milan,Euronext Growth,Italy,CFL.MI,Auto Parts,Consumer Cyclical,,0.266,,,,17.928993,2650.0,18342750.0,EUR,32674032.0,-0.11594,3.303,0.91734785,-1.03,0.169,8652786.0,1.429,20843932.0,53750656.0,8.879,-0.02555,-0.26521,22966972.0,-0.03534
COGEFEED,IT0005618043,Euronext Growth Milan,Euronext Growth,Italy,CGF.MI,Utilities - Renewable,Utilities,,,,,,,17000.0,5658400.0,EUR,8659459.0,0.20366,1.602,0.6866417,-0.08,,626355.0,0.122,3627414.0,15926650.0,,0.20265,0.46153998,8952325.0,-0.00106
COGRA,FR0011071570,Euronext Growth Paris,Euronext Growth,France,ALCOG.PA,Lumber & Wood Production,Basic Materials,,0.226,,,,10.135135,5058.0,25477156.0,EUR,29371432.0,-0.13713,6.18,1.2135923,-1.41,0.74,2171341.0,0.634,5910503.0,34279952.0,10.004,-0.08169,-0.19951999,2102515.0,-0.13834
COHERIS,FR0004031763,Euronext Paris,Compartment C,France,COH.PA,Software - Application,Technology,,0.364,0.57,4.05,21.136362,58.125,2040.0,79313768.0,EUR,83096768.0,0.23963,3.894,3.5824344,0.66,0.24,811000.0,0.143,4594000.0,15470000.0,2.721,0.05878,0.18065001,4300000.0,0.25066
COIL,BE0160342011,Euronext Growth Paris,Euronext Growth,Belgium,ALCOI.PA,Aluminum,Basic Materials,,0.467,,,,,301.0,6362202.0,EUR,,-0.36971,6.528,0.1807598,-2.56,,,,,19648000.0,8.648,,,10436000.0,-0.39535
COLIPAYS,FR0010959684,Euronext Access Paris,Euronext Access,France,MLCLP.PA,Internet Retail,Consumer Cyclical,,0.857524,,,,,409.0,4320278.0,EUR,,-0.12482,2.293,1.0117749,-0.03,,,,,6897273.0,,-0.022839999,-0.25584,-1073039.0,-0.040209997
COM.TEL,IT0005632945,Euronext Growth Milan,Euronext Growth,Italy,CMTL.MI,Information Technology Services,Technology,,,,,55.75,3.7166665,1800.0,20540530.0,EUR,24477824.0,-0.00428,0.056,19.910713,0.02,0.3,2597057.0,0.158,8788881.0,54423784.0,2.602,0.014099999,-0.06683,5536871.0,0.01603
COMER INDUSTRIES,IT0005246191,Euronext Milan,Compartment B,Italy,COM.MI,Farm & Heavy Construction Machinery,Industrials,,0.774,1.7,2.51,22.83654,15.846222,5186.0,1359968768.0,EUR,1401251456.0,0.06942,18.607,2.5528026,2.08,2.99756,92738000.0,3.24,134328000.0,858835008.0,29.964,0.03888,0.11364,387195008.0,0.094890006
COMPAGNIA DEI CARAIBI,IT0005453235,Euronext Growth Milan,Euronext Growth,Italy,TIME.MI,Beverages - Wineries & Distilleries,Consumer Defensive,,0.228,,,,-9.925,31699.0,5695584.0,EUR,15302275.0,-0.03022,-0.045,-8.822222,-0.11,-0.04,1822805.0,0.127,11429496.0,52089880.0,3.631,-0.043130003,-2.7834,9101390.0,-0.09729
COMPAGNIE CHARGEURS INVEST,FR0000130692,Euronext Paris,Compartment B,France,CRI.PA,Conglomerates,Industrials,9,1.621,1.3,5.28,71.14286,12.728272,4897.0,240241344.0,EUR,550080640.0,0.0034400001,10.834,0.9193281,0.14,0.78251,114400000.0,4.747,421900000.0,727500032.0,30.187,0.021370001,0.01332,207400000.0,0.02902
CONFINVEST,IT0005379604,Euronext Growth Milan,Euronext Growth,Italy,CFV.MI,Capital Markets,Financial Services,,0.23,2.22,,15.458334,,2000.0,16582151.0,EUR,13464433.0,0.013099999,1.038,1.7870905,0.12,,797174.0,0.113,1190702.0,64789928.0,9.197,0.09646,0.12316,2084430.0,0.02001
CONSTRUCTEURS BOIS,FR00140007I9,Euronext Access Paris,Euronext Access,France,MLLCB.PA,Real Estate - Development,Real Estate,,0.053,,,15.052631,8.171429,1.0,12257144.0,EUR,22987670.0,0.02755,1.303,2.1949348,0.19,0.35,3587637.0,0.897,15106194.0,26542552.0,6.077,0.060100004,0.14248,5460094.0,0.14093
CONTEXTVISION,SE0014731154,Oslo Bors,Compartment C,Sweden,CONTX.OL,Health Information Services,Healthcare,,0.483,,,82.5,13.360324,40965.0,248558000.0,NOK,,0.03317,1.19,2.773109,0.04,0.247,,,,,,-0.02685,0.03873,,0.0
CONVERGENZE,IT0005426215,Euronext Growth Milan,Euronext Growth,Italy,CVG.MI,Telecom Services,Communication Services,,0.124,1.06,,12.4,6.642857,1000.0,13627309.0,EUR,17966100.0,0.041929998,0.935,1.9893048,0.15,0.28,1537584.0,0.21,5876377.0,27050524.0,3.692,0.059369996,0.17665,8983741.0,0.07935
COPERNICO,IT0005379406,Euronext Growth Milan,Euronext Growth,Italy,COP.MI,Asset Management,Financial Services,,0.476,1.09,,73.5,13.611111,250.0,14503997.0,EUR,12341836.0,0.01905,2.972,2.473082,0.1,0.54,1988224.0,1.035,214385.0,9970552.0,5.192,0.05685,0.03652,4522161.0,0.02834
CORBION,NL0010583399,Euronext Amsterdam,Compartment A,Netherlands,CRBN.AS,Specialty Chemicals,Basic Materials,1,1.052,3.05,2.39,18.918919,14.345928,130152.0,1220794880.0,EUR,1675991168.0,0.05106,12.482,1.6824226,1.11,1.46383,40100000.0,0.689,494300000.0,1296600064.0,22.309,0.046129998,0.08841,338400000.0,0.09929
CORETECH 5,FR0013371507,Euronext Access Paris,Euronext Access,France,MLCOT.PA,Asset Management,Financial Services,,-0.214,,,Infinity,,3836.0,1258632.0,EUR,,1.37357,-0.006,-12.5,0.0,,132613.0,,500000.0,15352.0,,-0.43277,,13821.0,-4.0584297
Corticeira Amorim-SGPS,PTCOR0AE0006,Euronext Lisbon,Compartment A,Portugal,COR.LS,Lumber & Wood Production,Basic Materials,3,0.336,4.58,3.05,13.725491,13.207548,100510.0,931000000.0,EUR,1118300032.0,0.07595,5.568,1.2571839,0.51,0.53,76338000.0,0.574,175571008.0,889326976.0,6.675,0.042150002,0.08919,463188000.0,0.09056
COURBET,FR0004998318,Euronext Access Paris,Euronext Access,France,MLCOU.PA,Asset Management,Financial Services,,-0.430481,,,,,1000.0,,EUR,23495122.0,0.0,0.852,1.455399,-0.021,,,,,,,-0.042150002,,-82995.0,0.0
COURTOIS,FR0000065393,Euronext Paris,Compartment C,France,COUR.PA,Real Estate Services,Real Estate,,0.057,,2.03,,,13.0,8321055.0,EUR,7581055.0,-0.38153,251.821,0.4566736,-8.44,,5330000.0,73.663,4615000.0,1570000.0,22.014,-0.01963,-0.03373,695000.0,-0.45479
CRCAM ALP.PROV.CCI,FR0000044323,Euronext Paris,Compartment C,France,CRAP.PA,Banks - Regional,Financial Services,,0.416,3.07,4.13,7.4135094,,123.0,1003066048.0,EUR,13788221440.0,0.31425,491.309,0.27477616,18.21,,326321984.0,43.862,13109628928.0,457976992.0,61.558,0.00543,0.0414,457976992.0,0.42700002
CRCAM ATL.VEND.CCI,FR0000185506,Euronext Paris,Compartment C,France,CRAV.PA,Banks - Regional,Financial Services,,0.185,2.48,4.04,13.296703,,1037.0,1070856640.0,EUR,1334151040.0,0.19492,561.604,0.25854516,10.92,,460627008.0,62.395,722844032.0,413299008.0,55.984,0.0025,0.02014,413299008.0,0.27021998
CRCAM BRIE PIC2CCI,FR0010483768,Euronext Paris,Compartment B,France,CRBP2.PA,Banks - Regional,Financial Services,,0.165,3.77,4.98,7.2142854,,6400.0,1570227584.0,EUR,2550819328.0,0.32992,104.288,0.28569922,4.13,,706438976.0,18.296,2132786944.0,662305984.0,17.153,,,662305984.0,0.50767
CRCAM ILLE-VIL.CCI,FR0000045213,Euronext Paris,Compartment C,France,CIV.PA,Banks - Regional,Financial Services,,0.546,2.88,3.55,10.703667,,1050.0,652507072.0,EUR,462177440.0,0.22871,420.814,0.25664547,10.09,,480919008.0,79.421,295169984.0,265648992.0,43.871,0.0029499999,0.02489,265648992.0,0.33688998
CRCAM LANGUED CCI,FR0010461053,Euronext Paris,Compartment C,France,CRLA.PA,Banks - Regional,Financial Services,,0.659,3.37,3.72,8.468382,,9.0,1560684928.0,EUR,1528007168.0,0.31267,288.959,0.27342978,9.33,,431096000.0,21.805,382396992.0,589265024.0,29.805,0.0052,0.03373,589265024.0,0.42538
CRCAM LOIRE HAUTE LOIRE CCI,FR0000045239,Euronext Paris,Compartment C,France,CRLO.PA,Banks - Regional,Financial Services,,0.628,2.85,4.46,10.143724,,76.0,812179008.0,EUR,662670912.0,0.20379,361.743,0.27704751,9.88,,287508000.0,35.477,146264000.0,392967008.0,48.491,,,392967008.0,0.27456
CRCAM MORBIHAN CCI,FR0000045551,Euronext Paris,Compartment C,France,CMO.PA,Banks - Regional,Financial Services,,-0.003,2.88,2.8,8.031674,,2.0,557807040.0,EUR,548755072.0,0.30201998,425.332,0.25039265,13.26,,130370000.0,24.858,123189000.0,229804000.0,43.817,0.00506,0.032449998,229804000.0,0.3923
CRCAM NORD CCI,FR0000185514,Euronext Paris,Compartment B,France,CNDF.PA,Banks - Regional,Financial Services,,0.164,2.54,4.77,9.511864,,9738.0,1643599872.0,EUR,1167111424.0,0.25954,102.132,0.27474248,2.95,,598273024.0,14.089,585009984.0,636360000.0,14.986,0.00427,0.028789999,636360000.0,0.36479
CRCAM NORM.SEINE,FR0000044364,Euronext Paris,Compartment C,France,CCN.PA,Banks - Regional,Financial Services,,0.304,2.27,4.42,11.003808,,416.0,874339200.0,EUR,1012344192.0,0.22618,531.691,0.27173677,13.13,,1215358976.0,200.832,1353182976.0,351496000.0,58.083,0.0032499998,0.0257,351496000.0,0.30517998
CRCAM PARIS ET IDF,FR0000045528,Euronext Paris,Compartment B,France,CAF.PA,Banks - Regional,Financial Services,,0.406,2.22,4.03,15.299346,,3241.0,3255148800.0,EUR,,0.22879,307.184,0.38100943,7.65,,,,,1032400000.0,,,,1032400000.0,0.24784
CRCAM SUD R.A.CCI,FR0000045346,Euronext Paris,Compartment C,France,CRSU.PA,Banks - Regional,Financial Services,,0.46,3.07,3.8,9.038638,,121.0,892568064.0,EUR,794866048.0,0.24063,777.119,0.25285703,21.74,,386820992.0,85.159,288971008.0,409766016.0,90.211,0.00361,0.02917,409766016.0,0.32112
CRCAM TOURAINE CCI,FR0000045304,Euronext Paris,Compartment C,France,CRTO.PA,Banks - Regional,Financial Services,,0.62,2.59,4.0,11.58555,,703.0,761992768.0,EUR,825575488.0,0.26884001,452.309,0.2694618,10.52,,164824992.0,26.326,214050000.0,299603008.0,47.853,0.00479,0.02938,299603008.0,0.12505001
CREACTIVES GROUP,IT0005408593,Euronext Growth Milan,Euronext Growth,Italy,CREG.MI,Software - Application,Technology,,0.2,,,,58.0,12000.0,42875776.0,EUR,39780792.0,-0.18096,0.089,32.58427,-0.11,0.05,762906.0,0.058,2431897.0,8427081.0,0.641,-0.083739996,-1.37889,706755.0,-0.12413
CROSSJECT,FR0011716265,Euronext Growth Paris,Euronext Growth,France,ALCJ.PA,Medical Instruments & Supplies,Healthcare,,0.565,,,,2.608108,224757.0,101316552.0,EUR,111937152.0,-2.76504,-0.022,-87.72727,-0.22,0.74,6338000.0,0.125,20282000.0,4073000.0,0.081,-0.22057,,-8651000.0,-3.33701
CROSSWOOD,FR0000050395,Euronext Paris,Compartment C,France,CROS.PA,Real Estate Services,Real Estate,,1.331,,,21.046513,,10.0,96228288.0,EUR,95571288.0,11.798969,7.992,1.1323824,0.43,,730000.0,0.069,73000.0,388000.0,0.036,-0.0018000001,0.055019997,286000.0,-4.90164
CROWDFUNDME,IT0005353575,Euronext Growth Milan,Euronext Growth,Italy,CFM.MI,Asset Management,Financial Services,,0.145,,,,,1500.0,2005429.0,EUR,2020792.0,-0.42080003,1.176,0.9948979,-0.43,,111223.0,0.065,70879.0,1668008.0,0.973,-0.14995,-0.31284,-132463.0,-0.32511002
CRYPTO BLOCKCHAIN INDUSTRIES,FR0014007LW0,Euronext Growth Paris,Euronext Growth,France,ALCBI.PA,Asset Management,Financial Services,,-0.552,,,,,475248.0,40013612.0,EUR,43214840.0,0.0,0.033,4.2424245,-0.07,,4098700.0,0.014,7106400.0,5552200.0,0.021,-0.34191,-1.00134,3951700.0,-4.40279
CSP INT IND CALZE,IT0001127874,Euronext Milan,Compartment C,Italy,CSP.MI,Apparel Manufacturing,Consumer Cyclical,,0.253,,4.33,Infinity,1.7588235,33162.0,11645904.0,EUR,15905905.0,0.00032000002,1.268,0.23580441,0.0,0.17,7815000.0,0.201,12075000.0,87712000.0,2.159,0.0028,0.00057,29845000.0,-0.06929
CTAC,NL0000345577,Euronext Amsterdam,Compartment C,Netherlands,CTAC.AS,Information Technology Services,Technology,,0.372,3.58,3.0,10.551724,9.419442,797.0,43296008.0,EUR,54824504.0,0.03277,2.171,1.4094887,0.29,0.32486,2367000.0,0.167,13754000.0,125220000.0,8.85,0.05108,0.13939,20541000.0,0.0318
"CTT-CORREIOS DE PORTUGAL, SA",PTCTT0AM0001,Euronext Lisbon,Compartment B,Portugal,CTT.LS,Integrated Freight & Logistics,Industrials,3,0.893,2.37,8.35,18.921053,12.76339,132230.0,953572864.0,EUR,-899133376.0,0.03946,1.846,3.894908,0.38,0.56333,2473646848.0,18.651,555537600.0,1283122304.0,9.602,0.01581,0.18437,826875776.0,0.05983
CULTI MILANO,IT0005257347,Euronext Growth Milan,Euronext Growth,Italy,CULT.MI,Luxury Goods,Consumer Cyclical,,0.798,0.53,0.69,13.649635,15.847459,1125.0,50971528.0,EUR,51344140.0,0.1554,4.569,4.0927997,1.37,1.18,1091788.0,0.401,1427753.0,23935782.0,8.781,0.10469,0.33769,10319402.0,0.14738
CUMULEX,BE0003463685,Euronext Brussels,Compartment C,Belgium,CLEX.BR,Confectioners,Consumer Defensive,,0.846,,,,,200.0,327800.0,EUR,322519.0,0.0,-5.697,-0.13077058,-0.18,,5281.0,0.012,0.0,,,-15.90964,,-79446.0,0.0
CY4GATE,IT0005412504,Euronext Milan,Compartment B,Italy,CY4.MI,Software - Infrastructure,Technology,,0.804,,,,306.0345,57603.0,164162144.0,EUR,238310032.0,-0.025139999,5.849,1.2138827,-0.1,0.0232,90037968.0,2.833,9425020.0,92605280.0,3.831,-0.00846,-0.0037599998,18286732.0,0.06537
CYBEROO,IT0005546103,Euronext Growth Milan,Euronext Growth,Italy,CYB.MI,Software - Infrastructure,Technology,,0.581,,,13.11111,9.516129,101729.0,48392104.0,EUR,51970884.0,0.15094,0.608,1.9407895,0.09,0.124,2933419.0,0.071,6390389.0,25337120.0,0.616,0.08875,0.16489,9765699.0,0.064770006
CYVIZ AS,NO0010015175,Euronext Growth Oslo,Euronext Growth,Norway,CYVIZ.OL,Computer Hardware,Technology,,0.347,,,952.5,13.804347,1730.0,495683328.0,NOK,523076320.0,0.00071000005,7.103,5.36393,0.04,2.76,6933000.0,0.533,34326000.0,549473024.0,42.234,0.00484,0.00439,112843000.0,-0.03308
D.L.S.I.,FR0010404368,Euronext Growth Paris,Euronext Growth,France,ALDLS.PA,Staffing & Employment Services,Industrials,,0.727,3.54,2.85,41.48148,11.789474,51.0,28259280.0,EUR,25830688.0,0.00327,22.477,0.49828714,0.27,0.95,17413000.0,6.851,14034000.0,211884000.0,83.37,0.010620001,0.01254,17335000.0,0.00114
DAMARIS,FR0000077885,Euronext Access Paris,Euronext Access,France,MLDAM.PA,Software - Application,Technology,,2.089763,,,,,6.0,3300000.0,EUR,3800000.0,0.10399,,,,,,,,,,,,,0.0
DAMARTEX,FR0000185423,Euronext Growth Paris,Euronext Growth,France,ALDAR.PA,Apparel Retail,Consumer Cyclical,,0.686,,2.39,,-20.142857,1221.0,31785294.0,EUR,230638000.0,-0.033770002,6.264,0.45019156,-1.34,-0.14,15564000.0,1.383,214992000.0,521224992.0,46.358,0.00301,-0.19025,338281984.0,-0.01049
D'AMICO,LU2592315662,Euronext Milan,Compartment B,Luxembourg,DIS.MI,Marine Shipping,Industrials,6,0.452,5.6,,11.104839,16.44514,563747.0,819094848.0,EUR,903646848.0,0.24004999,5.401254,1.274704,0.62,0.4186647,148860000.0,1.251,233412000.0,367403008.0,3.079,0.061389998,0.11723,177176992.0,0.30742002
DANIELI & C,IT0000076502,Euronext Milan,Compartment A,Italy,DAN.MI,Specialty Industrial Machinery,Industrials,10,1.103,0.47,0.92,22.262297,15.549928,46542.0,4859789312.0,EUR,,0.052399997,35.495,1.9129456,3.05,4.36658,2932499968.0,,961299968.0,4200000000.0,,0.02465,0.08172,2074700032.0,0.09156
DATALOGIC,IT0004053440,Euronext Milan,Compartment B,Italy,DAL.MI,Scientific & Technical Instruments,Technology,6,1.196,2.81,3.0,86.7,13.745759,44126.0,227840800.0,EUR,264236448.0,0.0058099995,7.328,0.5915666,0.05,0.31537,73381000.0,1.385,108384000.0,486857984.0,9.075,0.01011,0.00582,208640000.0,0.03286
DATRIX,IT0005468357,Euronext Growth Milan,Euronext Growth,Italy,DATA.MI,Software - Infrastructure,Technology,,1.389,,,,-36.125004,33000.0,24203924.0,EUR,26690858.0,-0.10702,0.617,2.3419774,-0.13,-0.04,2247563.0,0.134,4714492.0,20739456.0,1.238,-0.03405,-0.19342,6519256.0,-0.072569996
DBA GROUP,IT0005285942,Euronext Growth Milan,Euronext Growth,Italy,DBA.MI,Engineering & Construction,Industrials,,0.365,3.37,,13.785714,6.4844527,3300.0,42224924.0,EUR,52138876.0,0.028380001,2.302,1.6768028,0.28,0.59527,7303255.0,0.669,16135255.0,118697600.0,10.868,0.06046,0.15105,16899604.0,0.06973
DBT,FR001400LO86,Euronext Growth Paris,Euronext Growth,France,ALDBT.PA,Specialty Industrial Machinery,Industrials,,0.958,,,,-0.13555557,1249069.0,874985.0,EUR,13845986.0,-0.35998002,1.396,0.087392546,-0.76,-0.9,3772000.0,0.526,17759000.0,12845000.0,1.791,,,6873000.0,-0.59051996
DBV TECHNOLOGIES,FR0010417345,Euronext Paris,Compartment B,France,DBV.PA,Biotechnology,Healthcare,9,-0.193,,,,-17.80303,581752.0,968642624.0,EUR,533416736.0,0.0,0.32576314,10.820745,-0.88,-0.198,69837000.0,0.413,7691000.0,5502000.0,0.046,-0.77294,-2.3413901,5502000.0,-12.35689
DECEUNINCK,BE0003789063,Euronext Brussels,Compartment B,Belgium,DECB.BR,Building Products & Equipment,Industrials,,0.697,3.29,1.21,20.041666,8.887328,33941.0,332420672.0,EUR,461453664.0,0.02194,2.315,1.0388769,0.12,0.27061,35701000.0,0.258,149176000.0,788974976.0,4.309,0.05412,0.05643,251072000.0,0.08113
DEDEM,IT0005659724,Euronext Growth Milan,Euronext Growth,Italy,DDM.MI,Leisure,Consumer Cyclical,,,,,23.703703,,7000.0,52908800.0,EUR,,0.0,114.156,0.056063633,0.27,,,,,,,,,,0.0
DEEP VALUE DRILLER AS,NO0010955917,Euronext Growth Oslo,Euronext Growth,Norway,DVD.OL,Oil & Gas Drilling,Energy,,0.384,15.87,,7.5265307,Infinity,1781086.0,1724293760.0,NOK,1805653248.0,0.42907003,0.894531,20.614155,2.45,0.0,14495405.0,0.156,101387000.0,55721356.0,0.598,0.17953,3.0507102,55721356.0,0.56363
DEEZER,FR001400AYG6,Euronext Paris,Compartment B,France,DEEZR.PA,Entertainment,Communication Services,,-0.185,,,,-58.24233,15454.0,138613568.0,EUR,104848944.0,-0.02621,-2.013,-0.5563835,-0.11,-0.01923,59804000.0,0.484,26206000.0,540846016.0,4.397,-0.03348,,134636000.0,-0.01617
DEKUPLE,FR0000062978,Euronext Paris,Compartment C,France,DKUPL.PA,Advertising Agencies,Communication Services,,0.498,3.18,7.07,11.560976,5.866337,222.0,94139528.0,EUR,157610432.0,0.03619,6.838,3.465926,2.05,4.04,45806000.0,11.533,78936000.0,230614000.0,57.928,0.04447,0.15581,110314000.0,0.05486
DELFINGEN INDUSTRY,FR0000054132,Euronext Growth Paris,Euronext Growth,France,ALDEL.PA,Auto Parts,Consumer Cyclical,,1.049,2.48,2.62,6.034483,5.4074836,1401.0,81901232.0,EUR,223629392.0,0.03274,54.331,0.5797795,5.22,5.82526,20456000.0,7.851,162504992.0,415856000.0,159.001,0.05291,0.09646,169492992.0,0.07944
DELLIA GROUP,NO0012697095,Oslo Bors,Compartment C,Norway,DELIA.OL,Packaged Foods,Consumer Defensive,,,,,41.728134,16.397114,17831.0,1874310016.0,NOK,1822965632.0,0.07942,38.332,10.330794,9.49,24.15059,130369000.0,27.544,79025000.0,565585024.0,144.291,,,192831008.0,0.14141
DELTA PLUS GROUP,FR0013283108,Euronext Growth Paris,Euronext Growth,France,ALDLT.PA,Footwear & Accessories,Consumer Cyclical,10,0.995,2.0,1.61,12.657005,10.11583,979.0,375253504.0,EUR,540353472.0,0.07531,35.674,1.4688569,4.14,5.18,31192000.0,4.356,194414000.0,393959008.0,55.016,0.055760004,0.119320005,218047008.0,0.10699
DEODATO.GALLERY,IT0005528937,Euronext Growth Milan,Euronext Growth,Italy,ART.MI,Leisure,Consumer Cyclical,,0.312,,,Infinity,,12000.0,7921387.0,EUR,8580038.0,-0.079,0.132,1.6969697,0.0,,785459.0,0.025,2293248.0,7352050.0,0.235,-0.067729995,-0.12558,1444351.0,-0.26556
DERICHEBOURG,FR0000053381,Euronext Paris,Compartment B,France,DBG.PA,Waste Management,Industrials,6,1.822,1.54,2.55,12.032468,9.247523,710533.0,1467950464.0,EUR,2025486208.0,0.03656,7.067,1.3110231,0.77,1.00189,163500000.0,1.032,846099968.0,3337100032.0,20.974,0.03973,0.11489,839200000.0,0.049050003
DESERT CONTROL AS,NO0010963275,Euronext Growth Oslo,Euronext Growth,Norway,DSRT.OL,Agricultural Inputs,Basic Materials,,0.899,,,,-2.1714287,198648.0,183961760.0,NOK,175730688.0,0.0,1.638,0.92796093,-0.97,-0.7,8231000.0,0.068,0.0,1999000.0,0.037,-0.43191,-0.81827,1299000.0,-328.53333
DESTINATION ITALIA,IT0005454027,Euronext Growth Milan,Euronext Growth,Italy,DIT.MI,Travel Services,Consumer Cyclical,,1.089,,,,-5.625,33000.0,9475302.0,EUR,24333550.0,-0.0229,0.242,1.8595041,-0.07,-0.08,1860554.0,0.088,16480620.0,65202368.0,3.097,-0.01048,-0.28917998,2607620.0,-0.01609
DEVERNOIS,FR0000060840,Euronext Growth Paris,Euronext Growth,France,ALDEV.PA,Apparel Manufacturing,Consumer Cyclical,,-0.426,,4.03,31.875,,15.0,3050391.0,EUR,10548392.0,0.00506,33.077,0.30837137,0.32,,1410000.0,4.715,8908000.0,18778000.0,62.79,0.01219,0.00963,15107000.0,-0.04842
DEXELANCE,IT0005543480,Euronext Milan,Compartment B,Italy,DEX.MI,"Furnishings, Fixtures & Appliances",Consumer Cyclical,,0.29,,,18.75,4.792639,56050.0,79272520.0,EUR,270447936.0,0.0135,6.066,0.49455985,0.16,0.62596,46749000.0,1.764,237678000.0,314807008.0,11.708,0.013710001,0.026770001,90655000.0,0.17416
DHH,IT0005203622,Euronext Growth Milan,Euronext Growth,Italy,DHH.MI,Software - Infrastructure,Technology,,0.4,,,27.8481,23.109243,843.0,122789568.0,EUR,114541832.0,0.0975,6.18,3.5598707,0.79,0.952,16542859.0,3.454,21162768.0,38652212.0,7.974,0.06756,0.12995,14723001.0,0.19229999
DIADEMA CAPITAL,IT0005605636,Euronext Growth Milan,Euronext Growth,Italy,DIAD.MI,Consulting Services,Industrials,,,,,90.0,,5400.0,11537596.0,EUR,,-0.01979,,,0.02,,352568.0,,46278.0,2195037.0,,,,556642.0,-0.059299998
DIAGNOSTIC MEDICAL SYSTEMS,FR0012202497,Euronext Growth Paris,Euronext Growth,France,ALDMS.PA,Medical Devices,Healthcare,,0.743,,,,43.833336,15087.0,34108288.0,EUR,45209064.0,-0.033689998,0.601,2.18802,-0.13,0.03,2985000.0,0.143,19348000.0,49474000.0,2.169,0.00778,-0.1162,18760000.0,0.007900001
DIGITAL BROS,IT0001469995,Euronext Milan,Compartment B,Italy,DIB.MI,Electronic Gaming & Multimedia,Communication Services,,0.508,,,,12.0396385,3186.0,171751056.0,EUR,170564048.0,-0.03428,8.292,1.4520019,-0.77,1.00003,16290000.0,1.142,14217000.0,117599000.0,8.252,0.07413,-0.030380001,81665000.0,0.29118
DIGITAL VALUE,IT0005347429,Euronext Milan,Compartment B,Italy,DGV.MI,Information Technology Services,Technology,,1.397,2.89,,15.357142,12.7408,26396.0,283628704.0,EUR,201155664.0,0.02816,21.891,1.2767804,1.82,2.19374,163086000.0,16.071,80075000.0,667193024.0,65.146,0.03446,0.08472,74306000.0,0.042
DIGITOUCH,IT0005089476,Euronext Growth Milan,Euronext Growth,Italy,DGT.MI,Advertising Agencies,Communication Services,,0.314,1.59,,15.875,8.542601,3500.0,25759618.0,EUR,34251496.0,0.04182,1.411,1.3501062,0.12,0.223,5100595.0,0.369,13029611.0,39825744.0,2.866,0.05348,0.08731,8215516.0,0.11692
DIRECTA SIM,IT0001463063,Euronext Growth Milan,Euronext Growth,Italy,D.MI,Capital Markets,Financial Services,,0.544,5.49,,8.730159,7.746479,500.0,103125000.0,EUR,154852064.0,0.26669002,2.525,2.1782176,0.63,0.71,6194152.0,0.33,57921216.0,44246456.0,2.36,0.1039,0.26658002,37888236.0,0.44713002
DISTRIBUZIONE ELETTRICA ADRIATICA,IT0005600249,Euronext Growth Milan,Euronext Growth,Italy,DEA.MI,,,,,,,15.7627125,12.916666,2200.0,73605224.0,EUR,,,10.184,0.91319716,,,,,,,,,,,
DNO,NO0003921009,Oslo Bors,Compartment B,Norway,DNO.OL,Oil & Gas E&P,Energy,10,0.232,9.83,,,4.5461745,2731449.0,15395250176.0,NOK,16307449856.0,-0.0171,12.970699,1.2173592,-0.48,3.47325,453700000.0,0.465,1365900032.0,1474000000.0,1.512,0.06163,-0.02093,598700032.0,0.28966
DNXCORP,FR0010436584,Euronext Growth Paris,Euronext Growth,France,ALDNX.PA,Internet Content & Information,Communication Services,,0.944,17.92,11.97,4.6938777,,1240.0,27315306.0,EUR,21494418.0,0.19663,7.17,1.9246862,2.94,,6038903.0,3.051,212430.0,23572394.0,12.354,0.17081,0.32937,7152986.0,0.27545
DOCK.PETR.AMBES AM,FR0000065260,Euronext Paris,Compartment C,France,DPAM.PA,Oil & Gas Refining & Marketing,Energy,,0.081,5.37,6.76,14.955868,,17.0,89487000.0,EUR,75013752.0,0.2707,634.487,1.44211,61.18,,14473245.0,147.988,0.0,22092940.0,225.899,0.09215,0.09868,15364711.0,0.42369
DOF GROUP ASA,NO0012851874,Oslo Bors,Compartment B,Norway,DOFG.OL,Engineering & Construction,Industrials,,0.144,8.28,,7.095238,7.4703565,569538.0,29356414976.0,NOK,30584416256.0,0.23778999,76.38724,1.5604701,16.8,15.9564,454000000.0,1.843,1682000000.0,1740999936.0,7.224,0.071830004,0.26103002,1073000000.0,0.22795999
DOLFINES,FR001400SP13,Euronext Growth Paris,Euronext Growth,France,ALDOL.PA,Oil & Gas Equipment & Services,Energy,,-1.9,,,3.5666666,,80.0,2571567.0,EUR,3615820.0,0.15683,1.859,0.57557833,0.3,0.0,344364.0,0.143,1388532.0,4925066.0,2.049,,,2098179.0,-0.21565
DOLPHIN DRILLING AS,NO0013711739,Euronext Growth Oslo,Euronext Growth,Norway,DDRIL.OL,Oil & Gas Drilling,Energy,,-0.432,,,,Infinity,342853.0,429951680.0,NOK,59230000.0,-0.50735,238.11653,0.011338986,-55.34,0.0,32800000.0,32.44,89300000.0,181060000.0,163.138,-0.01676,-2.73047,18995000.0,-0.2626
DONEGAL INVESTMENT GROUP PLC,IE000Y2HN3O9,Euronext Growth Dublin,Euronext Growth,Ireland,DQ7A.IR,Farm Products,Consumer Defensive,,-0.482,3.08,2.78,,,18.0,18920648.0,EUR,14430647.0,0.0,10.592,1.4728097,-1.36,,3960000.0,3.265,0.0,,,-0.03557,-0.12167,,0.0
DONTNOD Entertainment,FR0013331212,Euronext Growth Paris,Euronext Growth,France,ALDNE.PA,Electronic Gaming & Multimedia,Communication Services,,0.65,,,,-5.3333335,12125.0,7278671.0,EUR,-14797395.0,-1.8392799,2.558,0.21892102,-3.27,-0.105,23415000.0,1.801,975000.0,23252000.0,1.778,-0.34030998,-0.78176004,23252000.0,-1.77899
DOTSTAY,IT0005523839,Euronext Growth Milan,Euronext Growth,Italy,DOT.MI,Real Estate Services,Real Estate,,,,,,,1500.0,9985175.0,EUR,,0.0,,,-0.21,,,,,,,,,,0.0
DOVALUE,IT0005610958,Euronext Milan,Compartment B,Italy,DOV.MI,Asset Management,Financial Services,6,1.462,,,,7.8602934,633163.0,408889824.0,EUR,1081120640.0,-0.02846,0.991,2.17558,-0.63,0.27429,121995000.0,0.621,665892992.0,566230976.0,3.596,0.0583,0.0086,536463008.0,0.114350006
DOXEE,IT0005394413,Euronext Growth Milan,Euronext Growth,Italy,DOX.MI,Software - Infrastructure,Technology,,0.461,,,,,17250.0,47895160.0,EUR,62973784.0,-0.03836,0.743,5.5720053,-0.11,,2267227.0,0.198,17783880.0,31761652.0,2.771,-0.00189,-0.13186,5430828.0,0.01954
DRONE VOLT,FR001400SVN0,Euronext Growth Paris,Euronext Growth,France,ALDRV.PA,Computer Hardware,Technology,,-0.227,,,,,794038.0,37483752.0,EUR,12647033.0,-0.36437,0.703,0.7709815,-0.62,0.0,455000.0,0.023,4183000.0,32662000.0,1.761,-0.17794001,-0.84952,3755000.0,-0.31391
E.P.H.,IT0005623845,Euronext Milan,Compartment C,Italy,EPH.MI,Internet Retail,Consumer Cyclical,,-0.834,,,,,691281.0,2734671.0,EUR,7872126.0,0.0,-2.811,-0.033440053,-19.04,,357.0,0.0,7487813.0,-547.0,-0.0,-2.77027,,-1119374.0,-349.78986
E.T.S. Engineering and Technical Services,IT0005669558,Euronext Growth Milan,Euronext Growth,Italy,ETS.MI,Engineering & Construction,Industrials,,,,,7.5,,600.0,24480000.0,EUR,,0.0,14.839,0.34368894,0.68,,,,,,,,,,0.0
EAGLE FOOTBALL GROUP,FR0010428771,Euronext Paris,Compartment B,France,EFG.PA,Entertainment,Communication Services,,-0.184,,,,-2.8030303,2559.0,302967392.0,EUR,905865920.0,-1.23733,-1.019,-1.8155053,-1.07,-0.66,62072000.0,0.379,663662016.0,162608992.0,0.994,-0.17011,,-68549000.0,-1.41431
EAM SOLAR AS,NO0013601245,Oslo Bors,Euronext Growth,Norway,EAM.OL,Utilities - Renewable,Utilities,,0.692,,,,,551798.0,28876112.0,NOK,31119896.0,-0.83956003,1.0148349,1.4002278,-0.57,,329548.0,0.016,2573332.0,1218541.0,0.06,-0.018129999,-0.70218,1022539.0,-1.02778
EASE2PAY NV,NL0000345627,Euronext Amsterdam,Compartment C,Netherlands,EAS2P.AS,Software - Infrastructure,Technology,,0.299,,431.76,,,11942.0,9416887.0,EUR,6720220.0,-0.12172,0.27,1.4814814,-0.02,,2932000.0,0.125,0.0,3278000.0,0.139,-0.034360003,-0.062810004,2235000.0,-0.11111
EAUX DE ROYAN,FR0007200100,Euronext Access Paris,Euronext Access,France,MLEDR.PA,Utilities - Regulated Water,Utilities,,0.027883,7.12,,,,11.0,7705600.0,EUR,14515200.0,0.062800005,22.283,1.9297221,-2.52,,,,,17486888.0,97.583,-0.00884,0.22680001,3384815.0,-0.025610002
EBUSCO HOLDING N.V.,NL0015002AG2,Euronext Amsterdam,Compartment B,Netherlands,EBUS.AS,Auto Manufacturers,Consumer Cyclical,,0.832,,,,0.36631578,218916.0,28246762.0,EUR,84649760.0,0.0,-0.134,-2.597015,-9.34,0.95,2031000.0,0.025,58434000.0,848000.0,0.019,-0.47967997,-3.26188,-28737000.0,-1.4372901
ECOMEMBRANE,IT0005543332,Euronext Growth Milan,Euronext Growth,Italy,ECMB.MI,Packaging & Containers,Consumer Cyclical,,0.543,,,Infinity,13.670245,3000.0,18909282.0,EUR,,0.001,,,0.0,0.32333,9774833.0,,4701137.0,22536612.0,,-0.00421,0.00592,8246038.0,-0.30125
ECOMIAM SA,FR0013534617,Euronext Growth Paris,Euronext Growth,France,ALECO.PA,Food Distribution,Consumer Defensive,,1.079,,,,-30.57143,850.0,11644577.0,EUR,,-0.091309994,1.04,2.0576925,-0.67,-0.07,,,,39053000.0,,,,15458000.0,-0.098000005
ECONOCOM GROUP,BE0974313455,Euronext Brussels,Compartment B,Belgium,ECONB.BR,Information Technology Services,Technology,,0.829,6.49,5.63,6.4166665,3.179125,55441.0,257252384.0,EUR,,0.00219,2.448,0.62908494,0.24,0.48441,523000000.0,,560000000.0,2923300096.0,,0.025179999,0.11451,118000000.0,0.04088
ECOSLOPS,FR0011490648,Euronext Growth Paris,Euronext Growth,France,FR0011490648.SG,,,,,,,,,0.0,,EUR,,,,,,,,,,,,,,,
ECOSUNTEK,IT0005654766,Euronext Growth Milan,Euronext Growth,Italy,ECK.MI,Utilities - Diversified,Utilities,,0.07,,,31.714287,9.367088,18900.0,38036576.0,EUR,45999480.0,0.00124,1.026,2.1637428,0.07,0.237,73631064.0,4.297,70950200.0,1026276480.0,59.899,0.03338,0.21646,23283332.0,0.0111
EDGELAB,IT0005627762,Euronext Growth Milan,Euronext Growth,Italy,ELB.MI,Aerospace & Defense,Industrials,,,,,,,1500.0,15936269.0,EUR,13578488.0,0.19951001,1.293,4.006187,-0.0,,2366192.0,0.769,8410.0,1464722.0,0.476,0.07071,0.13856,753624.0,-3.21789
EDIL SAN FELICE,IT0005561441,Euronext Growth Milan,Euronext Growth,Italy,ESF.MI,Infrastructure Operations,Industrials,,-0.619,1.56,,13.333333,8.906883,1160.0,84695672.0,EUR,,0.15275,10.1,0.43564355,0.33,0.494,17938636.0,,8397427.0,41794396.0,,0.07443,0.1721,29518552.0,0.22913
EDILIZIACROBATICA,IT0005351504,Euronext Growth Milan,Euronext Growth,Italy,EDAC.MI,Specialty Business Services,Industrials,,0.71,,,,13.253538,7850.0,43321784.0,EUR,101804528.0,-0.022869999,2.891,1.7848494,-0.44,0.38933,8562000.0,1.02,66635000.0,163732000.0,19.44,0.0107700005,-0.14706999,116027000.0,0.03273
EDITIONS DU SIGNE,FR0000052755,Euronext Access Paris,Euronext Access,France,MLEDS.PA,Publishing,Communication Services,,,,,2.2,,5.0,125400.0,EUR,,0.0,,,0.04,,,,,,,,,,0.0
EDUFORM'ACTION,FR0010882886,Euronext Access Paris,Euronext Access,France,MLEFA.PA,Asset Management,Financial Services,,0.615355,,,Infinity,,200.0,6858875.0,EUR,4423693.0,0.00772,0.317,1.104101,0.0,,,,,165915.0,0.031,0.012519999,1.3179,104833.0,0.03526
EGIDE,FR0000072373,Euronext Growth Paris,Euronext Growth,France,ALGID.PA,Electronic Components,Technology,,0.364,,,,-9.04,39961.0,17725752.0,EUR,23415068.0,-0.09847,0.217,4.165899,-0.03,-0.1,2263000.0,0.115,7959000.0,30160000.0,1.539,-0.05934,-0.60335,19193000.0,-0.08906999
E-GLOBE,IT0005557514,Euronext Growth Milan,Euronext Growth,Italy,EGB.MI,Building Products & Equipment,Industrials,,2.164,,,,,4000.0,9106412.0,EUR,,-0.07248,,,-0.12,,4290665.0,,5334748.0,33710876.0,,,,-551830.0,0.03126
EIDESVIK OFFSHORE,NO0010263023,Oslo Bors,Compartment C,Norway,EIOF.OL,Oil & Gas Equipment & Services,Energy,10,0.471,2.27,2.95,12.59434,-2.9148474,12051.0,974327552.0,NOK,1770799360.0,0.09804,22.131,0.60322624,1.06,-4.58,290545984.0,3.994,803420032.0,788712000.0,10.846,0.022839999,0.061950002,427756992.0,0.19924
EKINOPS,FR0011466069,Euronext Paris,Compartment C,France,EKI.PA,Communication Equipment,Technology,10,1.152,,,,17.269674,96309.0,59721540.0,EUR,62469376.0,-0.076409996,4.176,0.52921456,-0.34,0.12797,36739000.0,1.36,39525000.0,117368000.0,4.341,0.01526,-0.07691,64231000.0,0.03537
EKOPAK NV,BE0974380124,Euronext Brussels,Compartment B,Belgium,BE0974380124.SG,,,,,,,,,0.0,,EUR,,,,,,,,,,,,,,,
EL.EN.,IT0005453250,Euronext Milan,Compartment B,Italy,ELN.MI,Medical Devices,Healthcare,10,1.12,1.6,1.87,21.242424,18.267101,40164.0,1123691904.0,EUR,,0.07334,4.806,2.9171867,0.66,0.7675,,,,580412480.0,7.069,,,248733664.0,0.14797
ELEC.STRASBOURG,FR0000031023,Euronext Paris,Compartment B,France,ELEC.PA,Utilities - Renewable,Utilities,,0.432,5.12,5.19,9.921551,,3141.0,1541417984.0,EUR,1228096000.0,0.116569996,83.708,2.5684521,21.67,,333263008.0,46.484,10513000.0,1333277952.0,185.983,0.0656,0.28101,407228992.0,0.16997999
ELECTRICITE ET EAUX DE MADAGASCAR,FR0000035719,Euronext Paris,Compartment C,France,EEM.PA,Asset Management,Financial Services,,-0.231,,,,,16.0,9240105.0,EUR,8029385.0,0.0,2.209,1.0683566,-0.8,,9688000.0,1.688,4006000.0,411000.0,0.071,-0.0004,-0.30365,-114000.0,8.09766
ELECTROMAGNETIC GEOSERVICES,NO0010358484,Oslo Bors,Compartment C,Norway,EMGS.OL,Oil & Gas Equipment & Services,Energy,10,0.35,,,1.4157895,-3.3625,428480.0,35230844.0,NOK,52883664.0,-0.60441,-0.78985184,-0.34057018,0.19,-0.08,3116000.0,0.024,19983000.0,23585000.0,0.18,-0.2018,,7475000.0,-0.84183
ELEKTROIMPORTØREN AS,NO0010911902,Euronext Growth Oslo,Euronext Growth,Norway,ELIMP.OL,Specialty Retail,Consumer Cyclical,,0.904,2.48,,26.451612,7.5576034,70761.0,832828032.0,NOK,1301528064.0,0.01773,14.155,1.1586012,0.62,2.17,150400000.0,2.962,619100032.0,1788099968.0,35.211,0.03021,0.04566,637900032.0,0.07116
ELES,IT0005373417,Euronext Growth Milan,Euronext Growth,Italy,ELES.MI,Semiconductor Equipment & Materials,Technology,,1.011,,,,24.46154,32000.0,58994216.0,EUR,61569552.0,-0.00026,1.501,2.1185875,-0.06,0.13,7924000.0,0.45,13447000.0,34413000.0,2.023,0.00756,-0.00034000003,22863000.0,-0.040799998
ELICA,IT0003404214,Euronext Milan,Compartment C,Italy,ELC.MI,"Furnishings, Fixtures & Appliances",Consumer Cyclical,,0.777,3.01,,,29.12088,19100.0,77661144.0,EUR,,-0.021710001,2.56,0.5175782,-0.17,0.0455,,,,460600000.0,7.826,,,460600000.0,0.0
ELIOR GROUP,FR0011950732,Euronext Paris,Compartment B,France,ELIOR.PA,Restaurants,Consumer Cyclical,7,2.073,1.46,3.17,8.270588,6.580549,851021.0,711650112.0,EUR,1829545984.0,0.0143099995,3.295,0.85341424,0.34,0.42732,195000000.0,0.77,1311000064.0,6150000128.0,24.283,0.02875,0.108610004,1020000000.0,0.01907
ELKEM,NO0010816093,Oslo Bors,Compartment A,Norway,ELK.OL,Specialty Chemicals,Basic Materials,8,1.024,1.07,10.8,60.170216,9.343602,1594620.0,17935726592.0,NOK,27315726336.0,-0.0404,37.717,0.74979454,0.47,3.02667,2694000128.0,4.248,11969999872.0,16535000064.0,26.072,0.01678,0.01539,8903999488.0,0.05105
ELLIPTIC LABORATORIES ASA,NO0010722283,Oslo Bors,Compartment B,Norway,ELABS.OL,Software - Infrastructure,Technology,,0.834,,,,10.579938,416531.0,540121152.0,NOK,498481120.0,-0.038399998,2.956,1.7354532,-0.06,0.48488,54806000.0,0.521,13166000.0,141052000.0,1.32,0.01042,-0.01732,52136000.0,0.15196
ELMERA GROUP ASA,NO0010815673,Oslo Bors,Compartment B,Norway,ELMRA.OL,Utilities - Regulated Electric,Utilities,,0.99,9.22,9.53,21.9863,9.887053,790605.0,3509559808.0,NOK,5654295552.0,0.01343,12.427,2.583085,1.46,3.24667,1371371008.0,12.543,3341373952.0,12118147072.0,110.962,0.03601,0.105450004,1687154048.0,0.03346
ELOPAK ASA,NO0011002586,Oslo Bors,Compartment B,Norway,NO0011002586.SG,,,,,,,,,954.0,,EUR,,,,,,,,,,,,,,,
ELSA SOLUTIONS,IT0005561466,Euronext Growth Milan,Euronext Growth,Italy,ELSA.MI,Specialty Industrial Machinery,Industrials,,0.464,,,12.117646,14.714285,1000.0,7586980.0,EUR,12290863.0,0.03244,2.863,0.719525,0.17,0.14,1235324.0,0.335,5939207.0,19705424.0,6.044,0.02858,0.05169,4686004.0,0.06084
EMAK,IT0001237053,Euronext Milan,Compartment B,Italy,EM.MI,Tools & Accessories,Industrials,,1.497,2.69,3.39,11.462501,7.2777777,34590.0,149322080.0,EUR,358568384.0,0.021329999,1.714,0.5350058,0.08,0.126,77597000.0,0.468,279224992.0,622547968.0,3.814,0.03233,0.04899,296732992.0,0.03303
EMBENTION SISTEMAS INTELIGENTES SA,ES0105639001,Euronext Access Paris,Euronext Access,Spain,MLUAV.PA,Computer Hardware,Technology,,,,,96.734695,,29.0,201286944.0,EUR,,0.0,,,0.49,,,,,,,,,,0.0
EMEIS,FR001400NLM4,Euronext Paris,Compartment A,France,EMEIS.PA,Medical Care Facilities,Healthcare,7,0.465,,1.06,,-29.779297,874185.0,2496541440.0,EUR,9799130112.0,-0.050669998,9.844,1.5735474,-1.76,-0.52016,375577984.0,2.329,7678078976.0,5772239872.0,35.508,0.0054400004,-0.16815001,765873984.0,0.03506
EMMA VILLAS,IT0005562183,Euronext Growth Milan,Euronext Growth,Italy,EAV.MI,Resorts & Casinos,Consumer Cyclical,,,,,,13.9,10000.0,9687605.0,EUR,,0.0,,,-0.19,0.1,,,,,,,,,0.0
EMOVA GROUP,FR0013356755,Euronext Growth Paris,Euronext Growth,France,ALEMV.PA,Specialty Retail,Consumer Cyclical,,0.405,,,4.357143,2.44,2.0,12469774.0,EUR,28133592.0,0.05829,1.46,0.4178082,0.14,0.25,1681000.0,0.082,17111000.0,28034000.0,2.291,0.03549,0.066,19819000.0,0.14321999
ENA (ex-S.I.F. ITALIA),IT0005468290,Euronext Growth Milan,Euronext Growth,Italy,ENA.MI,Real Estate Services,Real Estate,,-0.589,,,,-20.5,9500.0,6956686.0,EUR,3931456.0,-0.41187,0.847,0.9681228,-0.27,-0.04,3073740.0,0.362,39549.0,4845493.0,0.571,-0.07948,-0.26165,2318484.0,-0.27041
ENAV,IT0005176406,Euronext Milan,Compartment A,Italy,ENAV.MI,Airports & Air Services,Industrials,1,0.587,5.17,,28.63158,28.425123,1266858.0,2939369728.0,EUR,3132460032.0,0.103920005,2.269,2.397532,0.19,0.19138,400428000.0,0.74,586966016.0,989172800.0,1.867,0.03559,0.08825,979433728.0,0.54929
ENCRES DUBUIT,FR0004030708,Euronext Growth Paris,Euronext Growth,France,ALDUB.PA,Specialty Chemicals,Basic Materials,,,,6.15,,18.923079,1340.0,7478274.0,EUR,4984411.0,-0.09356,5.729,0.4293943,-0.57,0.13,3698000.0,1.186,1013000.0,18993000.0,6.299,-0.07366,-0.094119996,7205000.0,-0.09536
ENDÚR,NO0012555459,Oslo Bors,Compartment C,Norway,ENDUR.OL,Engineering & Construction,Industrials,,0.353,,,42.024292,17.960808,56511.0,5249914368.0,NOK,5844051968.0,0.02224,45.788,2.2669697,2.47,5.77925,875600000.0,17.402,1564499968.0,5170800128.0,117.519,0.03508,0.06571,2010700032.0,0.059510004
ENENSYS,FR0013330792,Euronext Growth Paris,Euronext Growth,France,ALNN6.PA,Communication Equipment,Technology,,0.975,1.43,,5.470588,-8.454546,2348.0,7018129.0,EUR,12860999.0,-0.00865,0.092,10.108696,0.17,-0.11,4046000.0,0.516,9767000.0,12374000.0,3.096,0.01994,-0.12312999,9697000.0,-0.12765001
ENERGEIA AS,NO0013698431,Euronext Growth Oslo,Euronext Growth,Norway,ENERG.OL,Solar,Technology,,1.545,,,,-85.0,9894.0,71156208.0,NOK,83843200.0,-0.83936,20.65,0.37046006,-0.75,-0.09,17008000.0,3.577,65642000.0,61692320.0,12.975,-0.09592,-0.50597,44106312.0,-0.67437
ENERGISME,FR0013399359,Euronext Growth Paris,Euronext Growth,France,ALNRG.PA,Software - Application,Technology,,0.148,,,,,7860855.0,11933896.0,EUR,11949201.0,-0.64053,0.001,5.4,-0.0,,2018253.0,0.001,2887900.0,5434357.0,0.003,-0.14102,-0.73826,-1213128.0,-0.46258998
ENERGY,IT0005500712,Euronext Growth Milan,Euronext Growth,Italy,ENY.MI,Electrical Equipment & Parts,Industrials,,1.131,,,,24.067795,20000.0,43779012.0,EUR,49029736.0,-0.45687,0.845,0.8402366,-0.27,0.0295,2790333.0,0.052,13461773.0,33464872.0,0.619,-0.11948,-0.28719,-6422643.0,-0.097950004
ENERGY SOLAR TECH,ES0105687000,Euronext Growth Paris,Euronext Growth,Spain,ETC.MC,Utilities - Renewable,Utilities,,1.539,,,32.5,,10755.0,70073576.0,,70097752.0,0.00661,1.709,1.5213574,0.08,,8091940.0,0.303,13926567.0,64336460.0,2.406,0.02063,0.00937,11725313.0,0.04877
ENERGY TIME,IT0005660219,Euronext Growth Milan,Euronext Growth,Italy,ET.MI,Solar,Technology,,,,,14.48,,9500.0,23019582.0,EUR,,0.01867,,,0.25,,59335.0,,1762158.0,8150560.0,,,,914587.0,0.04326
ENERGYVISION ,BE0974499312,Euronext Paris,Compartment B,Belgium,ENRGY.BR,Utilities - Renewable,Utilities,,,,,59.0,24.413582,10776.0,571590848.0,EUR,634747648.0,0.087349996,1.551,6.0863957,0.16,0.38667,8196000.0,0.15,126241000.0,119547000.0,1.979,,,43049000.0,0.21624
ENERVIT,IT0004356751,Euronext Milan,Compartment C,Italy,ENV.MI,Packaged Foods,Consumer Defensive,,0.51,3.9,2.08,16.24,14.0,15195.0,72268000.0,EUR,79380248.0,0.044320002,1.829,2.2197921,0.25,0.29,4060216.0,0.228,11172465.0,100209304.0,5.63,0.05133,0.13906,68078168.0,0.07803
ENOGIA,FR0014004974,Euronext Growth Paris,Euronext Growth,France,ALENO.PA,Specialty Industrial Machinery,Industrials,,0.663,,,1.2591007,23.047977,7367.0,36935408.0,EUR,41314688.0,-0.03566,1.192,4.9328856,4.67,0.25512,2294000.0,0.365,6638000.0,11749000.0,1.863,-0.02814,-0.056739997,5156000.0,-0.04715
ENSURGE MICROPOWER ASA,NO0013186460,Oslo Bors,Compartment C,Norway,ENSU.OL,Electronic Components,Technology,,1.039,,,,,2116093.0,762915008.0,NOK,663887360.0,0.0,0.047581434,16.540064,-0.1,,1064000.0,0.001,10676000.0,25000.0,0.0,-0.30193,-7.9072,25000.0,-83.52
ENTECH,FR0014004362,Euronext Growth Paris,Euronext Growth,France,ALESE.PA,Utilities - Renewable,Utilities,,0.236,,,,30.676926,19865.0,146718016.0,EUR,145092160.0,-0.0163,1.759,5.6679935,-0.04,0.325,25434786.0,1.733,23727584.0,49210704.0,3.377,,,13541830.0,0.00086000003
ENTRA,NO0010716418,Oslo Bors,Compartment A,Norway,ENTRA.OL,Real Estate Services,Real Estate,1,1.292,1.91,3.51,18.00948,16.557734,70570.0,20760221696.0,NOK,53222055936.0,0.37463,135.89,0.83891386,6.33,6.885,261000000.0,1.433,30944999424.0,3075000064.0,16.886,0.02674,0.04862,2807000064.0,0.97179
ENVIPCO,NL0015000GX8,Euronext Amsterdam,Compartment C,Netherlands,ENVI.AS,Pollution & Treatment Controls,Industrials,,0.994,,,,15.142755,69099.0,276918688.0,EUR,242699680.0,-0.10782,1.598,2.6220274,-0.18,0.2767,62706000.0,0.949,28456000.0,99140000.0,1.716,-0.02021,-0.12508,37393000.0,-0.12002
EO2,FR0010465534,Euronext Growth Paris,Euronext Growth,France,ALEO2.PA,Lumber & Wood Production,Basic Materials,,0.189,,,,,1939.0,6277410.0,EUR,14043630.0,-0.00308,8.484,0.31117398,-0.34,,3822000.0,1.607,11211000.0,30156000.0,13.847,-0.02239,-0.03153,8983000.0,-0.17101999
E-PANGO,FR0014004339,Euronext Growth Paris,Euronext Growth,France,ALAGO.PA,Utilities - Renewable,Utilities,,2.781,,,5.79,,236570.0,4701105.0,EUR,5411017.0,0.0,-0.054,-2.1444445,0.02,,216775.0,0.007,2091332.0,15999.0,0.0,-0.19951001,,-538380.0,-1.27398
EPRCOMUNICAZIONE,IT0005519837,Euronext Growth Milan,Euronext Growth,Italy,EPRB.MI,Consulting Services,Industrials,,,2.65,,,6.2857146,2450.0,4056226.0,EUR,,0.0,,,-0.08,0.21,,,,,,,,,0.0
EQUASENS,FR0012882389,Euronext Paris,Compartment B,France,EQS.PA,Health Information Services,Healthcare,9,0.864,3.54,1.89,14.748953,11.610672,10705.0,529856864.0,EUR,534367488.0,0.16155,15.299,2.3040721,2.39,3.036,43292000.0,2.88,38510000.0,224732992.0,14.951,,,63958000.0,0.18107
EQUITA GROUP,IT0005312027,Euronext Milan,Compartment B,Italy,EQUI.MI,Capital Markets,Financial Services,,0.367,5.07,7.64,13.422222,13.645092,46713.0,309424768.0,EUR,279135008.0,0.20131999,2.144,2.8171642,0.45,0.44265,191395872.0,3.742,167602224.0,113453320.0,2.265,0.06179,0.21868,106285504.0,0.30247
EQVA ASA,NO0010708605,Oslo Bors,Compartment C,Norway,EQVA.OL,Utilities - Renewable,Utilities,,0.739,,,140.0,,144251.0,232367296.0,NOK,472182336.0,0.030350002,4.737,0.5910914,0.02,,142410000.0,1.742,377651008.0,1278077056.0,14.635,0.029860001,0.01998,729672000.0,0.0521
ER CAPITAL N.V.,NL0010389508,Euronext Amsterdam,Compartment C,Netherlands,ERC.AS,Real Estate Services,Real Estate,,,144.5,,,,293.0,1957898.0,EUR,23138144.0,-0.59916,2.631,0.36297983,-0.35,,96681.0,0.026,19725500.0,3164133.0,0.861,-0.0075499997,-0.20839001,2163664.0,0.49525002
ERAMET,FR0000131757,Euronext Paris,Compartment A,France,ERA.PA,Other Industrial Metals & Mining,Basic Materials,7,0.94,2.58,1.99,,7.1978626,73575.0,1721753216.0,EUR,4168964096.0,-0.03328,36.471,1.6561103,-3.37,8.39138,746000000.0,26.061,2470000128.0,2915000064.0,101.567,-0.00087,-0.064959995,1996000000.0,-0.068119995
ERREDUE,IT0005521247,Euronext Growth Milan,Euronext Growth,Italy,RDUE.MI,Specialty Industrial Machinery,Industrials,,0.308,2.05,,18.57143,13.49481,200.0,48750000.0,EUR,32327436.0,0.14856,5.146,1.5157404,0.42,0.578,24031360.0,3.845,7608798.0,17784492.0,2.847,0.03641,0.08422,10168446.0,0.11828
ESAUTOMOTION,IT0005337107,Euronext Growth Milan,Euronext Growth,Italy,ESAU.MI,Specialty Industrial Machinery,Industrials,,0.623,,2.03,49.142857,,45500.0,44341600.0,EUR,37746600.0,0.030469999,2.556,1.345853,0.07,,9228000.0,0.776,5863000.0,28291000.0,2.157,0.024939999,0.02665,4836000.0,0.09126
ESI,IT0005421885,Euronext Growth Milan,Euronext Growth,Italy,ESIGM.MI,Engineering & Construction,Industrials,,0.522,,,16.75,,38700.0,10086671.0,EUR,10767708.0,0.0379,0.572,2.3426573,0.08,,1740584.0,0.231,2417927.0,16426383.0,2.182,0.029690001,0.15574001,5796870.0,0.05452
ESPE,IT0005573818,Euronext Growth Milan,Euronext Growth,Italy,ESPE.MI,Engineering & Construction,Industrials,,,5.0,,7.74359,,750.0,36665140.0,EUR,46854484.0,0.10052,1.272,2.374214,0.39,,3397104.0,0.28,12709559.0,47200232.0,3.888,0.05588,0.34504002,18445158.0,0.15141
ESPRINET,IT0003850929,Euronext Milan,Compartment B,Italy,PRT.MI,Electronics & Computer Distribution,Technology,3,1.154,6.5,2.83,14.809524,10.812502,142621.0,307532352.0,EUR,639633408.0,0.00496,6.824,0.91148883,0.42,0.57526,141272992.0,2.563,438060000.0,4253056000.0,85.256,0.01629,0.056209996,235274000.0,0.00629
Estoril-Sol SGPS-Nominativas,PTESO0AM0000,Euronext Lisbon,Compartment C,Portugal,ESON.LS,Resorts & Casinos,Consumer Cyclical,,0.083,,,,,480.0,42952032.0,EUR,-20996294.0,-0.04577,9.068,0.39700043,-0.86,,69168672.0,5.797,607684.0,224749760.0,18.837,0.02655,-0.025190001,175640432.0,0.02691
ESTRIMA,IT0005468191,Euronext Growth Milan,Euronext Growth,Italy,ESTM.MI,Auto Manufacturers,Consumer Cyclical,,-0.042,,,,-2.4014409,205200.0,3571413.0,EUR,5176260.0,-0.071729995,0.241,0.4979253,-0.26,-0.04997,4754127.0,0.16,6358987.0,26516164.0,0.891,-0.03007,-0.28893998,5994275.0,-0.04025
ETHERO,FR0010424697,Euronext Growth Paris,Euronext Growth,France,FR0010424697.SG,,,,,,,,,0.0,,EUR,,,,,,,,,,,,,,,
EUKEDOS,IT0004818297,Euronext Milan,Compartment C,Italy,EUK.MI,Medical Care Facilities,Healthcare,,-0.14,,,,14.0,16.0,15919139.0,EUR,138063136.0,-0.0219,1.277,0.5481598,-0.05,0.05,2678000.0,0.118,124822000.0,52602000.0,2.314,0.0176,-0.03918,13251000.0,0.090270005
EUROAPI SA,FR0014008VX5,Euronext Paris,Compartment B,France,EAPI.PA,Drug Manufacturers - Specialty & Generic,Healthcare,2,0.593,,,,-17.287952,150800.0,213311104.0,EUR,230178368.0,-0.1408,7.913,0.28307846,-1.31,-0.12957,51500000.0,0.541,68400000.0,882800000.0,9.327,-0.0066799996,-0.1349,121000000.0,0.03209
EUROBIO-SCIENTIFIC,FR0013240934,Euronext Growth Paris,Euronext Growth,France,ALERS.PA,Medical Devices,Healthcare,,0.65,,,106.59091,20.752213,1224.0,236101152.0,EUR,229012624.0,0.01454,18.028,1.3007544,0.22,1.13,26857000.0,2.667,16748000.0,162471008.0,15.797,0.041300002,0.01311,76632000.0,0.072399996
EUROFINS CEREP,FR0013256518,Euronext Growth Paris,Euronext Growth,France,ALECR.PA,Diagnostics & Research,Healthcare,,-0.02,,,13.020833,,2.0,80199600.0,EUR,,0.15857,,,1221.12,,13655000.0,,70000.0,38856800.0,,0.02915,0.087419994,18073456.0,0.05702
EUROGROUP LAMINATIONS,IT0005527616,Euronext Milan,Compartment B,Italy,EGLA.MI,Specialty Industrial Machinery,Industrials,,0.703,3.09,,14.88,20.056612,4194828.0,242041872.0,EUR,553196544.0,0.01821,2.875,0.51756525,0.1,0.07419,185468000.0,1.332,484929984.0,843612992.0,5.392,0.01949,0.03861,214490000.0,0.04847
EUROLAND CORPORATE,FR0010157115,Euronext Growth Paris,Euronext Growth,France,ALERO.PA,,,,,,,12.32,,10.0,9430892.0,EUR,,,1.038,2.9672446,,,,,,,,,,,
EUROPACORP,FR0010490920,Euronext Growth Paris,Euronext Growth,France,ALECP.PA,Entertainment,Communication Services,,0.29,,,,8.48,4851.0,53141056.0,EUR,85068784.0,-0.05708,-0.033,-12.848485,-0.02,0.05,25552000.0,0.204,58096000.0,33987000.0,0.271,-0.00369,,7648000.0,-0.00963
European Medical Solutions,BE0974497290,Euronext Growth Brussels,Euronext Growth,Belgium,ALEMS.BR,Biotechnology,Healthcare,,0.353,,,17.896553,,7.0,21963250.0,EUR,38387244.0,0.023710001,2.643,1.9636778,0.29,,2857000.0,0.675,19281000.0,49474000.0,11.691,0.02474,0.109910004,17643000.0,0.04559
EUROPLASMA,FR0014011QJ8,Euronext Growth Paris,Euronext Growth,France,ALEUP.PA,Waste Management,Industrials,,-113.207,,,,,2670526.0,179781.0,EUR,4891231.0,-0.73958,-33.861,-0.000909601,-88.61,,10513000.0,18.791,17246000.0,60144000.0,433.227,-0.22663,,26098000.0,-0.3823
EUROPRIS,NO0010735343,Oslo Bors,Compartment A,Norway,EPR.OL,Discount Stores,Consumer Defensive,,0.573,4.27,4.05,17.80684,11.848626,117150.0,14482958336.0,NOK,18822557696.0,0.05468,26.379,3.3549414,4.97,7.46922,988121984.0,6.038,5280610816.0,14878465024.0,90.898,0.06934,0.19239001,6079507968.0,0.14691
EUROTECH,IT0003895668,Euronext Milan,Compartment C,Italy,ETH.MI,Computer Hardware,Technology,,1.17,,,,-18.351648,590308.0,32513800.0,EUR,51373548.0,-0.71821,1.418,0.58885753,-1.03,-0.0455,5599000.0,0.146,24909000.0,51752000.0,1.433,-0.04938,-0.51977,25503000.0,-0.08403
EUTELSAT COMMUNIC.,FR0010221234,Euronext Paris,Compartment A,France,ETL.PA,Communication Equipment,Technology,3,-0.237,,11.34,,-7.7341585,919384.0,2562006528.0,EUR,3938734848.0,-0.36222,3.24,0.6712963,-1.78,-0.28122,1567100032.0,1.33,2878299904.0,1229100032.0,2.358,-0.00661,-0.12848,990099968.0,-0.08164
EVISO,IT0005430936,Euronext Growth Milan,Euronext Growth,Italy,EVISO.MI,Utilities - Regulated Electric,Utilities,,0.34,0.79,,36.428574,20.417969,18102.0,178249104.0,EUR,169768544.0,0.015520001,0.897,8.528428,0.21,0.37467,21445684.0,0.912,11237276.0,316511232.0,13.453,0.058379997,0.2382,15828232.0,0.01523
EVS BROADC.EQUIPM.,BE0003820371,Euronext Brussels,Compartment B,Belgium,EVS.BR,Communication Equipment,Technology,,0.077,3.57,4.38,14.070248,10.406193,15337.0,455977376.0,EUR,412757856.0,0.17909999,15.945,2.1354656,2.42,3.27209,65233000.0,4.771,12390000.0,191702000.0,14.222,0.08076,0.16139999,139116000.0,0.16092
EXACOMPTA CLAIREFONTAINE,FR0000064164,Euronext Growth Paris,Euronext Growth,France,ALEXA.PA,Business Equipment & Supplies,Industrials,,0.242,4.46,3.55,8.856089,,21.0,190088640.0,EUR,281199648.0,0.02626,472.765,0.35535625,18.97,,133229000.0,117.748,224340000.0,817560000.0,722.558,0.023120001,0.04068,414510016.0,0.02908
EXACT THERAPEUTICS,NO0010852213,Euronext Growth Oslo,Euronext Growth,Norway,EXTX.OL,Biotechnology,Healthcare,,0.23,,,,,17798.0,111343488.0,NOK,53191360.0,0.0,1.07,1.6448597,-1.38,,58506016.0,0.925,353884.0,,,-0.64999,-1.69685,,0.0
EXAIL TECHNOLOGIES,FR0000062671,Euronext Paris,Compartment B,France,EXA.PA,Aerospace & Defense,Industrials,9,1.155,,2.63,1722.857,64.09337,110539.0,2046837120.0,EUR,2441907968.0,0.00253,6.649,18.138065,0.07,1.88163,31272000.0,1.843,341272000.0,453287008.0,26.701,0.020280002,0.01435,230596992.0,0.061350003
EXECUS,IT0005557530,Euronext Growth Milan,Euronext Growth,Italy,EXEC.MI,Education & Training Services,Consumer Defensive,,0.012,,,,15.866667,10000.0,9024733.0,EUR,9087100.0,-0.03306,0.747,1.5930389,-0.03,0.075,1407659.0,0.185,605365.0,7427584.0,0.976,-0.01337,-0.04912,1882647.0,0.00992
EXEL INDUSTRIES,FR0004527638,Euronext Paris,Compartment B,France,EXE.PA,Farm & Heavy Construction Machinery,Industrials,8,1.275,1.56,1.82,15.666665,10.599102,227.0,255033264.0,EUR,354919680.0,0.01652,68.692,0.54737085,2.4,3.54747,41772000.0,6.159,140306000.0,983009984.0,145.263,0.02701,0.03499,475502016.0,0.05708
EXMAR ord.,BE0003808251,Euronext Brussels,Compartment B,Belgium,EXM.BR,Oil & Gas Equipment & Services,Energy,,-0.423,5.95,5.67,4.412281,34.68966,1020.0,799932992.0,EUR,547352320.0,0.56235003,9.674152,1.0398844,2.28,0.29,323172000.0,5.616,299705984.0,277169984.0,4.817,0.04592,0.26835,113808000.0,0.35653
EXOSENS,FR001400Q9V2,Euronext Paris,Compartment A,France,EXENS.PA,Electrical Equipment & Parts,Industrials,7,,0.17,,48.69919,33.09685,74797.0,3049897472.0,EUR,3188861696.0,0.12908,8.461,7.079541,1.23,1.80984,89785000.0,1.769,268443008.0,431704000.0,8.492,0.069070004,0.13734001,258683008.0,0.21025999
EXPERT.AI,IT0004496029,Euronext Growth Milan,Euronext Growth,Italy,EXAI.MI,Software - Application,Technology,,2.002,,,,161.0,72118.0,182067920.0,EUR,161053504.0,-0.30225,0.258,6.2403107,-0.14,0.01,13601692.0,0.14,17941612.0,34098144.0,0.35,-0.06806,-0.62286997,2332141.0,-0.37438
EXPLOSIFS PROD.CHI,FR0014003AQ4,Euronext Paris,Compartment B,France,EXPL.PA,Specialty Chemicals,Basic Materials,,0.768,0.63,1.15,20.707506,,693.0,512006400.0,EUR,613307264.0,0.04792,81.513,2.9443157,11.59,,26644000.0,12.559,124704000.0,513620000.0,242.767,0.03093,0.15347,208624000.0,0.0589
FACEPHI,ES0105029005,Euronext Growth Paris,Euronext Growth,Spain,FACE.MC,Software - Application,Technology,,1.339,,,,96.8,3641.0,64074400.0,EUR,72287600.0,-0.22850999,0.627,3.8596494,-0.27,0.025,876588.0,0.033,9089792.0,34383772.0,1.299,-0.055069998,-0.47879001,30264942.0,-0.24209999
FAE TECHNOLOGY,IT0005500688,Euronext Growth Milan,Euronext Growth,Italy,FAE.MI,Electronic Components,Technology,,1.867,,,131.50002,12.52381,27883.0,57524100.0,EUR,56962028.0,0.012159999,1.386,1.8975469,0.02,0.21,9922154.0,0.495,14216514.0,61034880.0,3.048,0.02094,0.03024,17736404.0,0.0254
FAGRON,BE0003874915,Euronext Brussels,Compartment A,Belgium,FAGR.BR,Drug Manufacturers - Specialty & Generic,Healthcare,3,0.303,1.54,1.39,19.615385,14.148065,81423.0,1680916096.0,EUR,1950567168.0,0.09559,7.535,3.0457864,1.17,1.62213,184912992.0,2.526,469143008.0,952169024.0,13.03,0.07855,0.17242001,432004992.0,0.15333
FARMACOSMO,IT0005487670,Euronext Growth Milan,Euronext Growth,Italy,COSMO.MI,Pharmaceutical Retailers,Healthcare,,0.469,,,,-6.7500005,10400.0,20958006.0,EUR,27213014.0,-0.08161,0.189,2.857143,-0.12,-0.08,2005999.0,0.052,7867454.0,59234216.0,1.526,-0.068670005,-0.46835998,-79591.0,-0.07438
FARMINVESTE,PTFNV1AM0002,Euronext Access Lisbon,Euronext Access,Portugal,MLFMV.LS,Medical Distribution,Healthcare,,0.551,,,,,5.0,63200000.0,EUR,344668192.0,0.01316,7.502,0.42122102,-1.18,,23983784.0,1.199,248471296.0,847873088.0,42.394,0.01799,0.06924,99314368.0,0.02174
FBD HOLDINGS PLC,IE0003290289,Euronext Dublin,Compartment B,Ireland,EG7.IR,Insurance - Property & Casualty,Financial Services,3,-0.013,6.13,4.13,11.027397,11.456547,2782.0,658982528.0,EUR,353532096.0,0.11156,13.082,1.2306987,1.46,1.40531,285516992.0,7.882,52947000.0,483756000.0,13.414,0.047199998,0.11436,135339008.0,0.15547
FD,FR0012300424,Euronext Access Paris,Euronext Access,France,MLFDV.PA,Packaged Foods,Consumer Defensive,,,4.68,,20.0,,7.0,3007600.0,EUR,,0.0,,,0.02,,,,,,,,,,0.0
FERM.CASINO MUNICIPAL CANNES,FR0000062101,Euronext Paris,Compartment B,France,FCMC.PA,Resorts & Casinos,Consumer Cyclical,,0.439,,,14.244833,,11.0,353167360.0,EUR,340590368.0,0.16003999,1833.094,1.2219777,157.25,,67074000.0,425.424,45935000.0,154963008.0,982.869,0.047509998,0.09021,91876000.0,-0.11139
FERMENTALG,FR0011271600,Euronext Growth Paris,Euronext Growth,France,ALGAE.PA,Biotechnology,Healthcare,,1.263,,,,-5.45,107775.0,41866652.0,EUR,40018720.0,-0.90269,0.305,1.4295081,-0.11,-0.08,12843000.0,0.129,9415000.0,12784000.0,0.135,-0.13022,-0.33257,2678000.0,-0.6735
FERRETTI,IT0005383291,Euronext Milan,Compartment B,Italy,YACHT.MI,Recreational Vehicles,Consumer Cyclical,,1.176,2.6,,14.907693,12.975361,313983.0,1311962624.0,EUR,1215147776.0,0.06523,2.667,1.4533182,0.26,0.29872,133982000.0,0.396,36004000.0,1341618048.0,3.964,0.04482,0.0999,481774016.0,0.09115
FIDIA,IT0005654683,Euronext Milan,Compartment C,Italy,FDA.MI,Specialty Industrial Machinery,Industrials,,0.062,,,,0.16969697,1250375.0,3393419.0,EUR,4788983.0,-0.10374,0.553,0.20253167,-3.96,0.66,1671000.0,0.224,5619000.0,21130000.0,11.053,-0.10873,-0.55322,14729000.0,-0.08449
FIDUCIAL OFF.SOL.,FR0000061418,Euronext Paris,Compartment C,France,SACI.PA,Business Equipment & Supplies,Industrials,,0.014,2.61,,31.904762,,1.0,58135416.0,EUR,63503416.0,-0.01603,35.655,0.7516477,0.84,,1909000.0,0.88,7277000.0,182790000.0,84.265,-0.01143,-0.036849998,65041000.0,-0.031689998
FIDUCIAL REAL EST.,FR0000060535,Euronext Paris,Compartment B,France,ORIA.PA,Real Estate Services,Real Estate,,-0.034,2.11,0.76,13.603819,,1.0,412793984.0,EUR,,0.26865998,182.866,0.935111,12.57,,,,,87100000.0,36.143,,,87100000.0,0.53674
FIERA MILANO,IT0003365613,Euronext Milan,Compartment B,Italy,FM.MI,Specialty Business Services,Industrials,,0.769,2.81,,25.931036,19.812414,206591.0,533652000.0,EUR,721429056.0,0.06357,2.211,3.401176,0.29,0.37956,138902000.0,1.96,353396000.0,320479008.0,3.84,0.03184,0.1357,144540992.0,-0.08336
FIGEAC AERO,FR0011665280,Euronext Paris,Compartment B,France,FGA.PA,Aerospace & Defense,Industrials,,0.702,,,,20.117203,117056.0,509221888.0,EUR,785683968.0,-0.021089999,1.638,7.020757,-0.21,0.57165,86318000.0,1.957,364716992.0,447612000.0,10.573,0.02345,-0.14557,177440000.0,0.03355
FILA,IT0004967292,Euronext Milan,Compartment B,Italy,FILA.MI,Business Equipment & Supplies,Industrials,8,0.449,4.44,3.71,7.139535,9.969906,134704.0,467997792.0,EUR,726556800.0,0.114709996,11.421,0.8064093,1.29,0.92378,145504992.0,2.863,400064000.0,583995008.0,11.505,0.03975,0.11659,255144992.0,0.035380002
FILL UP MEDIA S.A.,FR001400AEM6,Euronext Growth Paris,Euronext Growth,France,ALFUM.PA,Advertising Agencies,Communication Services,,-1.038,,,,6.5562673,1498.0,18497860.0,EUR,29303306.0,-0.15496,0.803,7.721046,-0.66,0.94566,702168.0,0.235,10612561.0,13193769.0,4.422,-0.0385,-0.69461,2385938.0,-0.049689997
FINANCIERE MARJOS,FR0000060824,Euronext Paris,Compartment C,France,FINM.PA,Conglomerates,Industrials,,-0.946,,,,,242.0,16173707.0,EUR,16836766.0,-2.4597502,-0.056,-14.464285,-0.01,,33273.0,0.002,696334.0,62325.0,0.003,-3.09016,,-86105.0,-1.46135
FINANZA.TECH,IT0005475162,Euronext Growth Milan,Euronext Growth,Italy,FTC.MI,Consulting Services,Industrials,,0.901,,,,,1000.0,3688300.0,EUR,,-0.27985,0.547,0.511883,-0.12,,85372.0,,2041325.0,5816817.0,,-0.06217,-0.23103,1060441.0,-0.5236
FINAXO ENVIRONNEMENT,FR0010487272,Euronext Access Paris,Euronext Access,France,MLFXO.PA,Waste Management,Industrials,,,,,21.052631,,125.0,7244492.0,EUR,,0.0,,,0.19,,,,,,,,,,0.0
FINCANTIERI,IT0005599938,Euronext Milan,Compartment B,Italy,FCT.MI,Aerospace & Defense,Industrials,7,0.887,,,41.175,35.310005,2795445.0,5360606208.0,EUR,7893252608.0,0.01082,2.72,6.0551467,0.4,0.46644,503587008.0,1.56,3087041024.0,8838918144.0,27.958,0.01666,0.1358,1937095040.0,0.03411
FINE FOODS & PHARMACEUTICALS NTM,IT0005215329,Euronext Milan,Compartment B,Italy,FF.MI,Packaged Foods,Consumer Defensive,,0.71,1.3,1.43,22.5,16.446165,56754.0,268094160.0,EUR,325497248.0,0.04873,5.394,2.0856507,0.5,0.68405,17395108.0,0.711,67464736.0,256876112.0,9.56,0.048779998,0.09332,89350152.0,0.066
FIRST CAPITAL,IT0005252736,Euronext Growth Milan,Euronext Growth,Italy,FIC.MI,Capital Markets,Financial Services,,0.209,1.81,1.71,4.739454,,4309.0,66131040.0,EUR,81654288.0,0.7625,28.149,0.6785321,4.03,,3103832.0,1.043,23986452.0,15733169.0,5.288,0.06889,0.15923001,15733169.0,0.77414
FJORD DEFENCE GROUP ASA,NO0013647693,Oslo Bors,Compartment C,Norway,DFENS.OL,Aerospace & Defense,Industrials,,0.899,,,,24.615433,153121.0,873103168.0,NOK,369308416.0,0.0,19.503,0.80244064,-5.4,0.63578,64019000.0,2.466,27076000.0,4823412.0,0.201,-0.13998,-0.25721002,-5712343.0,-3.6391199
FLEKKEFJORD SPAREB,NO0013209858,Euronext Growth Oslo,Euronext Growth,Norway,FFSB.OL,Banks - Regional,Financial Services,,,5.12,,1.4409881,10.285714,854.0,188810368.0,NOK,2968441344.0,0.38842,1050.434,0.11995043,87.44,12.25,88810000.0,59.266,2868183040.0,326168992.0,217.665,0.010670001,0.082679994,326168992.0,0.50968
FLEURY MICHON,FR0000074759,Euronext Growth Paris,Euronext Growth,France,FR0000074759.SG,,,,,,,,,0.0,,EUR,,,,,,,,,,,,,,,
FLEXDEAL,PTFXD0AM0018,Euronext Lisbon,Compartment C,Portugal,FLEXD.LS,Asset Management,Financial Services,,-0.057,3.69,,20.869566,,100.0,17390112.0,EUR,20545202.0,0.13944,5.711,0.8404833,0.23,,5583368.0,1.541,6653906.0,3847497.0,1.057,,,2628241.0,0.34509
FLORENTAISE S.A.,FR001400GO75,Euronext Growth Paris,Euronext Growth,France,ALFLO.PA,Agricultural Inputs,Basic Materials,,0.465,,,,,5.0,4083103.0,EUR,44446500.0,-0.00039,3.953,0.12522136,-0.0,,5436000.0,0.66,45241000.0,66949000.0,8.131,0.01439,0.01116,31106000.0,0.11228
FLORIDIENNE,BE0974502347,Euronext Brussels,Compartment B,Belgium,FLOB.BR,Conglomerates,Industrials,,0.091,0.47,2.83,79.518074,26.3053,100.0,646466048.0,EUR,1153847040.0,0.01122,37.107,1.7786403,0.83,2.509,90522000.0,9.242,354464000.0,719544000.0,73.461,0.03093,0.027980002,378846016.0,0.03824
FLOWSPARKS,BE0003847648,Euronext Access Brussels,Euronext Access,Belgium,FLSP.BR,Education & Training Services,Consumer Defensive,,1.601222,,,32.307693,,7.0,45256112.0,EUR,53876324.0,0.17235,2.971,7.0683274,0.65,,,,,7919137.0,3.675,0.10772,0.20136,1849947.0,0.22518998
FLUXYS BELGIUM,BE0974265945,Euronext Brussels,Compartment B,Belgium,FLUX.BR,Oil & Gas Midstream,Energy,,0.384,7.2,6.0,18.396227,16.220938,7952.0,1370138368.0,EUR,2731016192.0,0.102749996,7.716,2.5272162,1.06,1.20215,983619008.0,13.999,2342562048.0,734731008.0,10.457,0.02535,0.13361,464403008.0,0.1658
FNAC DARTY,FR0011476928,Euronext Paris,Compartment B,France,FNAC.PA,Specialty Retail,Consumer Cyclical,4,1.282,2.82,,40.689655,13.4996,20245.0,1030417664.0,EUR,3508429056.0,0.00243,51.305,0.68999124,0.87,2.6223,379000000.0,12.92,2724999936.0,9343299584.0,313.252,0.01487,0.01548,2726700032.0,-0.01281
FNM,IT0000060886,Euronext Milan,Compartment B,Italy,FNM.MI,Railroads,Industrials,,0.614,3.64,3.34,3.1750002,4.4561405,179041.0,220930512.0,EUR,989056960.0,0.07221,0.952,0.53361344,0.16,0.114,353622016.0,0.787,1076486016.0,933051008.0,2.169,0.02152,0.16386999,222195008.0,0.16922002
FNP TECHNOLOGIES SA,FR0013230067,Euronext Access Paris,Euronext Access,France,MLFNP.PA,Software - Application,Technology,,1.825439,,,,,3000.0,2706989.0,EUR,1620000.0,-0.45966,0.365,0.16438356,-0.06,,,,,63701.0,0.004,-0.0148,-0.0085,-91286.0,-1.4310001
FONCIERE 7 INVEST,FR0000065930,Euronext Paris,Compartment C,France,LEBL.PA,"Furnishings, Fixtures & Appliances",Consumer Cyclical,,-0.414,,,,,650.0,480000.0,EUR,156285.0,0.0,0.35,0.8571429,-0.03,,346552.0,0.217,22837.0,,,-0.04438,-0.08465999,,0.0
FONCIERE VINDI,FR0011605617,Euronext Access Paris,Euronext Access,France,MLVIN.PA,Real Estate Services,Real Estate,,,,,,,2.0,88974992.0,EUR,,0.0,,,-0.01,,,,,,,,,,0.0
FONCIERE VOLTA,FR0000053944,Euronext Paris,Compartment C,France,SPEL.PA,Real Estate Services,Real Estate,,-0.079,,6.51,11.097562,,169.0,95955528.0,EUR,169673552.0,0.81535006,12.408,0.73339784,0.82,,11998000.0,1.138,92570000.0,11319000.0,1.073,0.02001,0.073020004,7292000.0,0.35379001
FOPE,IT0005203424,Euronext Growth Milan,Euronext Growth,Italy,FPE.MI,Luxury Goods,Consumer Cyclical,,0.17,2.01,2.37,18.253275,18.253275,250.0,226539648.0,EUR,222713184.0,0.14093,8.561,4.882607,2.29,2.29,17588376.0,3.257,14392274.0,87766976.0,16.254,0.16653,0.29566,30538216.0,0.20973
FORFARMERS,NL0011832811,Euronext Amsterdam,Compartment B,Netherlands,FFARM.AS,Packaged Foods,Consumer Defensive,,1.178,3.55,6.07,10.22807,9.109375,235469.0,515283392.0,EUR,699185152.0,0.01722,3.743,1.5575742,0.57,0.64,61100000.0,0.699,171600000.0,2962099968.0,32.028,0.04124,0.14936,522800000.0,0.02379
FORVIA,FR0000121147,Euronext Paris,Compartment A,France,FRVIA.PA,Auto Parts,Consumer Cyclical,3,1.717,,2.06,,7.3894496,404547.0,2706128128.0,EUR,11067188224.0,-0.01704,18.693,0.781041,-2.33,1.97579,4371599872.0,22.245,10849699840.0,26917099520.0,136.696,0.02546,-0.05898,3630899968.0,0.045939997
FOUNTAIN,BE0003752665,Euronext Brussels,Compartment C,Belgium,FOU.BR,Food Distribution,Consumer Defensive,,-0.463,,6.7,4.870968,,15.0,9025712.0,EUR,14547712.0,0.06172,0.684,2.2076023,0.31,,593000.0,0.099,6115000.0,30041000.0,5.026,0.07163,0.58652,19552000.0,0.06669
FOUNTAINE PAJOT,FR0010485268,Euronext Growth Paris,Euronext Growth,France,ALFPC.PA,Recreational Vehicles,Consumer Cyclical,,0.771,2.8,1.88,4470.0,5.2250147,1006.0,149022656.0,EUR,59777356.0,0.091850005,83.165,1.0749714,0.02,17.11,128649000.0,79.59,42001000.0,325892000.0,195.531,0.0686,0.19125,163983008.0,0.087799996
FRANCAISE ENERGIE,FR0013030152,Euronext Paris,Compartment B,France,FDE.PA,Oil & Gas E&P,Energy,,0.579,,,47.571426,15.658283,12484.0,176200816.0,EUR,252963232.0,0.121079996,16.309,2.0418174,0.7,2.12667,62574808.0,11.854,125033192.0,30369650.0,5.752,0.0254,0.030669998,18835644.0,0.35574
FRANCE TOURISME IMMOBILIER,FR0010823724,Euronext Access Paris,Euronext Access,France,MLFTI.PA,Real Estate Services,Real Estate,,1.731092,,,,,8492.0,1330541.0,EUR,994250.0,0.0,-0.002,-22.749998,-0.0,,,,,2237.0,0.0,-0.05282,-0.4975,-81426.0,-41.77559
FRANCHETTI,IT0005508574,Euronext Growth Milan,Euronext Growth,Italy,FCH.MI,Engineering & Construction,Industrials,,0.042,,,35.9375,,1000.0,54255400.0,EUR,51791344.0,0.21751,1.96,2.9336734,0.16,,5446694.0,0.601,5139013.0,6417814.0,0.708,0.06268,0.11372,4856148.0,0.2907
FRANCHI UMBERTO MARMI,IT0005335754,Euronext Growth Milan,Euronext Growth,Italy,FUM.MI,Building Products & Equipment,Industrials,,0.319,2.88,,15.909091,9.403546,3000.0,114603928.0,EUR,148358736.0,0.09551,3.696,0.9469697,0.22,0.3722,10782276.0,0.328,36457184.0,75937544.0,2.315,0.03918,0.06737,27374764.0,0.17712
FREELANCE.COM,FR0004187367,Euronext Growth Paris,Euronext Growth,France,ALFRE.PA,Staffing & Employment Services,Industrials,,1.13,3.7,,4.8444448,7.7857146,830.0,123164376.0,EUR,142732112.0,0.02234,2.949,0.7392337,0.45,0.28,105752000.0,1.872,125304000.0,1062755968.0,18.658,0.02994,0.1418,38502000.0,0.022739999
FRENDY ENERGY,IT0004819857,Euronext Growth Milan,Euronext Growth,Italy,FRE.MI,Utilities - Renewable,Utilities,,0.439,,,Infinity,,76680.0,12693891.0,EUR,14818891.0,0.094969995,0.186,1.1505376,0.0,,346000.0,0.006,894000.0,2106000.0,0.036,0.01518,0.028199999,1306000.0,0.11527
FSDV,FR0000031973,Euronext Paris,Compartment C,France,FSDV.PA,Real Estate Services,Real Estate,,,,,,,31.0,255374160.0,EUR,,-0.43758,1660.63,0.010658606,-1.53,,,,,92152000.0,450.64,,,63670000.0,1.0
FUGRO,NL00150003E1,Euronext Amsterdam,Compartment A,Netherlands,FUR.AS,Oil & Gas Equipment & Services,Energy,3,0.796,6.29,3.95,10.443479,12.590815,268638.0,1326997120.0,EUR,1769852928.0,0.06854,12.071,0.9949466,1.15,0.95387,118900000.0,1.076,556200000.0,2089033984.0,18.481,0.04645,0.09969,723086016.0,0.01337
FUT.CLUBE PORTO,PTFCP0AM0008,Euronext Lisbon,Compartment C,Portugal,FCP.LS,Entertainment,Communication Services,,0.636,,,,,3224.0,67499696.0,EUR,410494688.0,0.2624,-4.34,-0.69124424,-0.93,,22489000.0,1.0,278287008.0,149540992.0,6.646,-0.028800001,,141312000.0,-0.15247
G.A.I.,FR0000053415,Euronext Access Paris,Euronext Access,France,MLGAI.PA,Specialty Business Services,Industrials,,0.174942,,,,,6.0,40107000.0,EUR,26691900.0,-1.13972,231.518,0.62630117,-0.55,,,,,519581.0,1.878,-0.00263,-0.0092,-224696.0,-0.53293
G.M. LEATHER,IT0005498610,Euronext Growth Milan,Euronext Growth,Italy,GML.MI,Textile Manufacturing,Consumer Cyclical,,0.083,,,37.5,3.9473684,5000.0,11220418.0,EUR,32711596.0,0.0057,1.225,0.6122449,0.02,0.19,2015148.0,0.179,26593456.0,43314696.0,3.655,0.03819,0.0184,15236243.0,0.07488
GABETTI,IT0005023038,Euronext Milan,Compartment C,Italy,GAB.MI,Real Estate Services,Real Estate,,1.968,,2.34,7.9000006,,21760.0,38132080.0,EUR,73851080.0,0.03165,0.593,1.0657673,0.08,,14521000.0,0.241,47845000.0,144414000.0,2.394,0.04948,0.12356,37952000.0,0.00090000004
gAIn360,IT0005672461,Euronext Growth Milan,Euronext Growth,Italy,GAIN.MI,Software - Application,Technology,,,,,,,3500.0,9564247.0,EUR,,0.0,,,-0.04,,17607.0,,0.0,11454.0,,,,-23210.0,-3.75566
GALAPAGOS,BE0003818359,Euronext Amsterdam,Compartment A,Belgium,GLPG.AS,Biotechnology,Healthcare,5,0.095,,,,-15.160069,83809.0,1911015040.0,EUR,-1131810304.0,-1.5194299,37.137,0.7808924,-6.74,-1.91292,3050114048.0,46.291,7502000.0,286920992.0,4.355,-0.05187,-0.1672,-207196992.0,-0.5856
GALEO,FR0011100759,Euronext Access Paris,Euronext Access,France,MLGAL.PA,Household & Personal Products,Consumer Defensive,,2.335752,,,,,20.0,1606077.0,EUR,506532.0,0.05138,2.722,0.95518005,-366.72,,,,,3528902.0,5.713,0.04277,0.110360004,1139689.0,0.06412
GAMBERO ROSSO,IT0005122392,Euronext Growth Milan,Euronext Growth,Italy,GAMB.MI,Publishing,Communication Services,,0.862,,,,,1000.0,3698944.0,EUR,18133944.0,-0.15423,0.641,0.399376,-0.16,,272000.0,0.019,14699000.0,15373000.0,1.046,-0.0030500002,-0.22667,5740000.0,-0.033150002
GAROFALO HEALTH CARE,IT0005345233,Euronext Milan,Compartment B,Italy,GHC.MI,Medical Care Facilities,Healthcare,,0.132,1.57,,18.620691,16.619476,27710.0,477009664.0,EUR,692852032.0,0.05454,3.825,1.4117647,0.29,0.32492,23029000.0,0.261,228018000.0,483608992.0,5.475,0.03833,0.07812,104228000.0,0.07847
GAS PLUS,IT0004098510,Euronext Milan,Compartment C,Italy,GSP.MI,Oil & Gas E&P,Energy,,0.443,3.15,,15.700001,7.6589103,18173.0,273638112.0,EUR,304370464.0,0.112849995,5.424,1.1578172,0.4,0.81996,40839000.0,0.937,68832000.0,154474000.0,3.54,0.03865,0.07519,67352000.0,0.21591999
GASCOGNE,FR0000124414,Euronext Growth Paris,Euronext Growth,France,ALBI.PA,Packaging & Containers,Consumer Cyclical,,0.926,,4.8,37.0,,4640.0,83565400.0,EUR,277992096.0,0.00229,5.601,0.3963578,0.06,,69657000.0,1.851,262578000.0,404780000.0,9.675,0.0075,0.00464,206014000.0,-0.0014200001
GAUMONT,FR0000034894,Euronext Paris,Compartment B,France,GAM.PA,Entertainment,Communication Services,,0.044,,1.28,,,19.0,323967680.0,EUR,304366912.0,-0.105790004,57.568,1.8065592,-2.46,,57554000.0,18.476,28478000.0,120118000.0,38.501,-0.01497,-0.06862,119158000.0,0.35941002
GEA GRENOBL.ELECT.,FR0000053035,Euronext Paris,Compartment C,France,GEA.PA,Business Equipment & Supplies,Industrials,,0.57,1.8,1.43,28.733767,,118.0,97197776.0,EUR,56913204.0,0.08411,50.708,1.7452867,3.08,,40836288.0,37.185,9245.0,40226992.0,36.617,0.032479998,0.06166,18608000.0,0.10067
GECI INTL,FR001400M1R1,Euronext Growth Paris,Euronext Growth,France,ALGEC.PA,Software - Infrastructure,Technology,,2.257,,,,,1445.0,2772482.0,EUR,5228922.0,-0.04778,4.822,0.5309,-0.61,,716000.0,0.705,3203000.0,18210000.0,21.622,0.00494,-0.16952999,3814000.0,0.00942
GEFRAN,IT0003203947,Euronext Milan,Compartment C,Italy,GE.MI,Electronic Components,Technology,,1.074,3.98,2.93,15.434782,11.451612,16010.0,151246976.0,EUR,122719224.0,0.07056,7.016,1.517959,0.69,0.93,52899000.0,3.725,21734000.0,139164000.0,9.835,0.05587,0.09977999,75944000.0,0.09047
GEL,IT0005312365,Euronext Growth Milan,Euronext Growth,Italy,GEL.MI,Pollution & Treatment Controls,Industrials,,1.11,,,24.222221,,8125.0,13672742.0,EUR,16455901.0,0.012250001,1.673,1.3030485,0.09,,4217724.0,0.672,7000883.0,15599623.0,2.487,0.01808,0.01765,4523074.0,0.03549
GENERALFINANCE,IT0005144784,Euronext Milan,Compartment C,Italy,GF.MI,Credit Services,Financial Services,,-0.048,5.4,,11.052632,10.0536995,5845.0,318403680.0,EUR,642256384.0,0.41291,7.17,3.5146444,2.28,2.50654,152814016.0,12.094,476666752.0,69030064.0,5.463,0.041739997,0.34938,61983380.0,0.67915
GENFIT,FR0004163111,Euronext Paris,Compartment B,France,GNFT.PA,Biotechnology,Healthcare,5,0.975,,,,-12.796108,546661.0,393539360.0,EUR,423090496.0,-0.85894996,1.054,7.462049,-0.78,-0.61464,107511000.0,2.159,138912992.0,45125000.0,0.906,-0.08542,-0.51737,45125000.0,0.00177
GENOWAY,FR0004053510,Euronext Growth Paris,Euronext Growth,France,ALGEN.PA,Biotechnology,Healthcare,,0.507,,,13.444445,16.133333,903.0,29860668.0,EUR,,0.04738,1.832,1.3209608,0.18,0.15,2129701.0,,14489362.0,27161852.0,,0.01359,0.07115,14757388.0,-0.0040599997
GENSIGHT BIOLOGICS,FR0013183985,Euronext Paris,Compartment C,France,SIGHT.PA,Biotechnology,Healthcare,10,0.74,,,,-0.09376932,511573.0,18055920.0,EUR,29477614.0,0.0,-0.245,-0.3342857,-0.13,-0.87342,270000.0,0.002,19013000.0,945000.0,0.008,-0.85066,,945000.0,-141.45833
GENTIAN DIAGNOSTICS ASA,NO0010748866,Oslo Bors,Compartment C,Norway,GENT.OL,Medical Devices,Healthcare,,0.444,1.52,,46.511627,10.204082,14144.0,616894016.0,NOK,530407008.0,0.07511,13.29,3.0097818,0.86,3.92,105929000.0,6.869,19442000.0,176499008.0,11.444,0.065170005,0.06644,98199000.0,0.17492001
GENTILI MOSCONI,IT0005531261,Euronext Growth Milan,Euronext Growth,Italy,GM.MI,Textile Manufacturing,Consumer Cyclical,,0.093,,,,20.301125,505.0,65800000.0,EUR,54819396.0,-0.02627,1.833,1.7948718,-0.06,0.16206,13053042.0,0.653,1989046.0,42867248.0,2.143,-0.02465,-0.03076,15696262.0,-0.012560001
GENTLEMEN'S EQUITY SA,PTGVE1AE0009,Euronext Access Paris,Euronext Access,Portugal,MLGEQ.PA,Asset Management,Financial Services,,,,,Infinity,,30000.0,1658903.0,EUR,,0.0,,,0.0,,,,,,,,,,0.0
GEOX,IT0003697080,Euronext Milan,Compartment B,Italy,GEO.MI,Footwear & Accessories,Consumer Cyclical,,0.826,,5.18,,-37.3125,306418.0,109301896.0,EUR,431210880.0,-0.03051,0.217,1.3755761,-0.08,-0.008,17893000.0,0.049,339801984.0,648670976.0,2.476,-0.00017000001,-0.25417998,318385984.0,-0.0044
GEVELOT,FR0000033888,Euronext Growth Paris,Euronext Growth,France,ALGEV.PA,Specialty Industrial Machinery,Industrials,,0.205,2.96,1.88,367.3913,,7.0,126187904.0,EUR,21521906.0,0.00229,283.153,0.59685045,0.46,,117953000.0,157.971,9578000.0,148530000.0,197.97,0.0033500001,0.00345,2549000.0,0.04322
GIGANTE SALMON AS,NO0011013765,Euronext Growth Oslo,Euronext Growth,Norway,GIGA.OL,Farm Products,Consumer Defensive,,0.107,,,,4.876543,230244.0,1692682496.0,NOK,2088217344.0,-0.0031400002,4.178,1.8908569,-0.0,1.62,6564000.0,0.038,741798976.0,71580000.0,0.418,0.0017,-0.00031,84527000.0,0.24541001
GIGLIO.COM,IT0005453003,Euronext Growth Milan,Euronext Growth,Italy,GCOM.MI,Internet Retail,Consumer Cyclical,,0.482,,,,,17600.0,8507311.0,EUR,7947403.0,-0.04291,0.534,1.3108615,-0.14,,1489540.0,0.122,890433.0,40445532.0,3.313,-0.08726,-0.23367001,81247.0,-0.07433
GIMV,BE0003699130,Euronext Brussels,Compartment A,Belgium,GIMB.BR,Asset Management,Financial Services,,0.522,5.75,5.66,7.717949,39.26087,16311.0,1662013696.0,EUR,1585562112.0,0.74277997,53.903,0.8376157,5.85,1.15,439009984.0,11.926,360718016.0,270680992.0,8.145,0.05673,0.11247,252906000.0,0.80824995
GIOCAMONDO STUDY,IT0005652489,Euronext Growth Milan,Euronext Growth,Italy,GMS.MI,Education & Training Services,Consumer Defensive,,,3.49,,15.636364,12.285714,9000.0,21070000.0,EUR,,0.06286,,,0.11,0.14,2243967.0,,91851.0,23553940.0,,,,2327117.0,-0.14675
GISMONDI 1754,IT0005391138,Euronext Growth Milan,Euronext Growth,Italy,GIS.MI,Luxury Goods,Consumer Cyclical,,0.621,,,,Infinity,4000.0,5707782.0,EUR,11492984.0,-0.0519,2.542,0.54878044,-0.14,0.0,663257.0,0.162,6448459.0,10794404.0,2.638,-0.00043000001,-0.043899998,2287419.0,0.09681
GL EVENTS,FR0000066672,Euronext Paris,Compartment B,France,GLO.PA,Specialty Business Services,Industrials,8,1.074,2.73,3.29,11.912281,10.68255,11573.0,995809472.0,EUR,2169312768.0,0.050669998,15.188,2.2353175,2.85,3.17808,537756992.0,18.334,1604838016.0,1700429952.0,57.829,0.036340002,0.16896,1615152000.0,0.1197
GLENVEAGH PROPERTIES PLC,IE00BD6JX574,Euronext Dublin,Compartment B,Ireland,IE00BD6JX574.SG,,,,,,,,,0.0,,EUR,,,,,,,,,,,,,,,
GLINT,PTPAD0AM0007,Euronext Lisbon,Compartment C,Portugal,GLINT.LS,Information Technology Services,Technology,,0.248,3.22,,17.0,,95541.0,118269496.0,EUR,147886560.0,0.03821,0.943,1.4422057,0.08,,14113105.0,0.162,42210424.0,119767360.0,1.367,0.04005,0.06669,75078208.0,0.12878999
GOLD BY GOLD,FR0011208693,Euronext Growth Paris,Euronext Growth,France,ALGLD.PA,Other Precious Metals & Mining,Basic Materials,,0.068,0.63,3.18,,,3736.0,12583142.0,EUR,11782291.0,0.00045000002,1.2,3.8916667,-0.13,,882419.0,0.327,41784.0,21567606.0,7.949,0.00433,-0.08724,528695.0,0.02517
GOLDEN ENERGY OFFSHORE SERVICES ASA,NO0013228585,Euronext Growth Oslo,Euronext Growth,Norway,GEOS.OL,Marine Shipping,Industrials,,-0.05,,,,1.0759493,2975.0,552177920.0,NOK,1146006912.0,-0.16826001,15.314,0.5550477,-5.86,7.9,8544000.0,0.342,943385024.0,497636000.0,20.0,0.04077,-0.1993,249194000.0,-0.02483
GOODTECH,NO0004913609,Oslo Bors,Compartment C,Norway,GOD.OL,Engineering & Construction,Industrials,,0.311,,,18.706898,10.85,37309.0,316255520.0,NOK,258085088.0,0.026099999,9.503,1.1417447,0.58,1.0,127000000.0,4.357,63000000.0,724000000.0,24.899,0.048499998,0.110410005,522100000.0,0.07472
GPE GROUP PIZZORNO,FR0010214064,Euronext Paris,Compartment B,France,GPE.PA,Waste Management,Industrials,,-0.022,10.11,,10.861159,14.820144,212.0,238828320.0,EUR,261080480.0,0.08064,28.596,2.1611414,5.69,4.17,80928000.0,20.935,102719000.0,272376992.0,70.482,0.05389,0.21236,107934000.0,0.13269
GPI,IT0005221517,Euronext Milan,Compartment B,Italy,GPI.MI,Health Information Services,Healthcare,,0.909,3.07,,30.727272,18.005924,123979.0,488216128.0,EUR,889954112.0,0.041139998,10.152,1.6646965,0.55,0.93858,109305000.0,3.784,513019008.0,531422016.0,18.371,0.02848,0.05151,123138000.0,0.0688
GRAINES VOLTZ,FR0000065971,Euronext Paris,Compartment C,France,GRVO.PA,Agricultural Inputs,Basic Materials,10,1.182,,4.62,,5.0767264,56.0,29383280.0,EUR,67333432.0,0.01179,46.362,0.42815238,-4.31,3.91,4342000.0,2.938,42016000.0,137946000.0,93.19,0.01598,0.024530001,71349000.0,-0.02566
GREAT WESTERN MINING CORPORATION PLC,IE000T78CHJ8,Euronext Growth Dublin,Euronext Growth,Ireland,GWMO.L,Other Industrial Metals & Mining,Basic Materials,,0.462,,,,,15605964.0,7104104.0,GBp,1818025.0,0.0,0.045218933,38.14774,-0.02,,1238490.0,0.007,0.0,,,-0.11258,-0.19207,,0.0
GREEN EARTH GROUP N.V.,NL0009169515,Euronext Amsterdam,Compartment C,Netherlands,EARTH.AS,Lumber & Wood Production,Basic Materials,,0.494,,4.84,,,52783.0,15147084.0,EUR,27488000.0,0.0,-0.692,-1.6763006,-0.44,,4049000.0,0.358,18400000.0,274000.0,0.024,-0.09156,-0.54068,151000.0,-7.6976705
GREEN MINERALS AS,NO0010907744,Euronext Growth Oslo,Euronext Growth,Norway,NO0010907744.SG,,,,,,,,,0.0,,EUR,,,,,,,,,,,,,,,
GREEN OLEO,IT0005549768,Euronext Growth Milan,Euronext Growth,Italy,GRN.MI,Chemicals,Basic Materials,,-0.008,,,,22.166668,9000.0,21149660.0,EUR,36163592.0,-0.02767,0.5,1.33,-0.06,0.03,1347915.0,0.042,16309979.0,71259624.0,2.235,-0.01986,-0.117130004,8104720.0,-0.01313
GREENCOAT RENEWABLES PLC,IE00BF2NR112,Euronext Growth Dublin,Euronext Growth,Ireland,GRP.IR,Utilities - Renewable,Utilities,,0.264,,6.09,13.54,9.402778,1024728.0,753727808.0,EUR,1981552768.0,0.0,1.01,0.670297,0.05,0.072,42266000.0,0.038,1270091008.0,-105475000.0,-0.095,-0.00391,-0.04322,-105475000.0,0.21488
GRIEG SEAFOOD,NO0010365521,Oslo Bors,Compartment B,Norway,GSF.OL,Farm Products,Consumer Defensive,9,0.447,,2.68,3.7616582,22.581648,206675.0,8148910592.0,NOK,12597424128.0,-0.30187,25.116,2.8905878,19.3,3.215,24277000.0,0.216,4512075776.0,7661619200.0,68.335,-0.03011,-0.513,2983516928.0,0.08446
GRIFAL,IT0005332595,Euronext Growth Milan,Euronext Growth,Italy,GRAL.MI,Packaging & Containers,Consumer Cyclical,,1.126,,,,9.433963,4500.0,11382138.0,EUR,35227676.0,-0.02105,1.513,0.6609385,-0.08,0.106,1490091.0,0.131,25335628.0,44168416.0,3.881,0.0029699998,-0.051999997,18859972.0,-0.01677
GROLLEAU,FR0014005ZM5,Euronext Growth Paris,Euronext Growth,France,ALGRO.PA,Metal Fabrication,Industrials,,0.419,,,,,421.0,7844212.0,EUR,9671210.0,-0.06072,3.767,0.73267853,-0.39,,2970000.0,1.045,4840000.0,37272000.0,11.679,,,19836000.0,-0.00711
GRONG SPAREBANK,NO0010636491,Euronext Growth Oslo,Euronext Growth,Norway,GRONG.OL,Banks - Regional,Financial Services,,,5.87,5.81,10.4714775,12.238095,260.0,714648384.0,NOK,3191262464.0,0.43237,159.476,1.1280694,17.18,14.7,81378000.0,8.996,1645312000.0,374521984.0,48.091,0.01465,0.1167,374521984.0,0.57817
GROUPE AIRWELL,FR0014003V77,Euronext Growth Paris,Euronext Growth,France,ALAIR.PA,"Furnishings, Fixtures & Appliances",Consumer Cyclical,,-0.027,,,,,10080.0,3724981.0,EUR,11147745.0,-0.057779998,1.177,0.55055225,-0.46,,442975.0,0.073,7634736.0,46943160.0,7.716,-0.041149996,-0.31663,5748942.0,-0.09556
GROUPE CARNIVOR,FR0000076960,Euronext Access Paris,Euronext Access,France,MLGRC.PA,Packaged Foods,Consumer Defensive,,,,3.59,78.75001,,14.0,59272016.0,EUR,,0.0,,,0.32,,,,,,,,,,0.0
GROUPE CRIT,FR0000036675,Euronext Paris,Compartment B,France,CEN.PA,Staffing & Employment Services,Industrials,10,0.621,9.52,2.14,10.161813,11.154529,661.0,661641344.0,EUR,554312000.0,0.01937,65.219,0.9629095,6.18,5.63,313964000.0,29.796,194830000.0,3368368128.0,319.686,0.03677,0.09551,157254000.0,0.020569999
GROUPE GUILLIN,FR0012819381,Euronext Growth Paris,Euronext Growth,France,ALGIL.PA,Packaging & Containers,Consumer Cyclical,,0.768,4.09,3.38,9.123135,7.756463,1271.0,452019328.0,EUR,520200192.0,0.05631,34.28,0.7132439,2.68,3.15221,38164000.0,2.064,105560000.0,881334976.0,47.674,0.045050003,0.08085,321153984.0,0.07041
GROUPE JAJ,FR0004010338,Euronext Paris,Compartment C,France,GJAJ.PA,Apparel Manufacturing,Consumer Cyclical,,0.189,,,9.461539,,215.0,4379955.0,EUR,8044070.0,0.0107700005,1.859,0.66164607,0.13,,88041.0,0.025,3752156.0,31811480.0,8.933,0.00909,0.053150002,9386429.0,0.01941
GROUPE LDLC,FR0000075442,Euronext Growth Paris,Euronext Growth,France,ALLDL.PA,Electronics & Computer Distribution,Technology,,0.837,3.88,1.99,,8.5653715,9396.0,92904512.0,EUR,118218680.0,-0.0037,14.965,1.0123621,-0.34,1.76875,17133000.0,2.795,41572000.0,557542976.0,90.558,,,121652000.0,0.01663
GROUPE OKWIND,FR0013439627,Euronext Growth Paris,Euronext Growth,France,ALOKW.PA,Utilities - Renewable,Utilities,,0.208,,,,-0.46395347,28820.0,3310601.0,EUR,20790040.0,-0.24450001,3.151,0.12662646,-1.22,-0.86,11609000.0,1.408,29109000.0,41375000.0,5.008,-0.08873,-0.32576,23755000.0,-0.59311
GROUPE PARTOUCHE,FR0012612646,Euronext Paris,Compartment B,France,PARP.PA,Resorts & Casinos,Consumer Cyclical,,0.577,1.77,,3.3898306,19.952557,267.0,173135488.0,EUR,,0.11104,36.417,0.49427465,5.31,0.90214,,,,460200000.0,,,,125100000.0,0.02004
GROUPE SFPI,FR0004155000,Euronext Paris,Compartment B,France,SFPI.PA,Specialty Industrial Machinery,Industrials,10,0.772,4.73,,33.8,9.941176,13646.0,155827184.0,EUR,106219176.0,0.0075199995,2.786,0.60660446,0.05,0.17,134968000.0,1.464,85550000.0,630232000.0,6.835,0.02262,0.01894,380188992.0,0.01642
GROUPE TERA,FR0013429404,Euronext Growth Paris,Euronext Growth,France,ALGTR.PA,Scientific & Technical Instruments,Technology,,0.348,,,,,7828.0,24266446.0,EUR,30859440.0,-0.042600002,0.6,10.166666,-0.15,,902000.0,0.227,7662000.0,14155000.0,3.789,-0.04559,-0.4741,1077000.0,-0.030439999
GROUPIMO,FR0014000RP6,Euronext Growth Paris,Euronext Growth,France,ALIMO.PA,Real Estate Services,Real Estate,,-0.353,,,Infinity,,75.0,278433.0,EUR,272306.0,0.11071,1.691,0.124186866,0.0,,6157.0,0.005,30.0,475669.0,0.359,0.01323,0.02377,264861.0,0.10256
GROWENS,IT0005040354,Euronext Growth Milan,Euronext Growth,Italy,GROW.MI,Software - Application,Technology,,-0.213,14.39,,,85.666664,7970.0,35888360.0,EUR,40677284.0,-0.04142,2.235,1.1498882,-0.23,0.03,2401389.0,0.172,7154237.0,73727136.0,5.67,-0.037049998,-0.09448,19147608.0,-0.06369
GUERBET,FR0000032526,Euronext Paris,Compartment B,France,GBT.PA,Medical Devices,Healthcare,8,0.756,,2.65,22.491804,-96.56532,2974.0,173104608.0,EUR,519611520.0,0.009430001,29.848,0.45966232,0.61,-0.14208,50119000.0,3.977,401081984.0,820916992.0,65.146,0.02032,0.012519999,612025984.0,0.0379
GUILLEMOT,FR0000066722,Euronext Paris,Compartment C,France,GUI.PA,Computer Hardware,Technology,,0.226,,,,10.605302,6931.0,62034392.0,EUR,35071396.0,-0.040120002,6.542,0.6481198,-0.33,0.3998,32112000.0,2.195,5149000.0,120819000.0,8.3,-0.01091,-0.048850004,60958000.0,-0.05189
GVS,IT0005411209,Euronext Milan,Compartment B,Italy,GVS.MI,Pollution & Treatment Controls,Industrials,,1.162,,,32.5,14.579522,139793.0,788941952.0,EUR,1037422656.0,0.054130003,2.284,1.8498249,0.13,0.28979,55453000.0,0.296,314393984.0,422420992.0,2.267,0.05153,0.05869,234747008.0,0.27109
GYLDENDAL,NO0004288200,Oslo Bors,Compartment C,Norway,GYL.OL,Publishing,Communication Services,,0.185,0.74,1.58,13.401768,,2.0,1084351616.0,NOK,1724469632.0,0.02927,373.422,1.2586297,35.07,,69522000.0,30.134,707406016.0,2799330048.0,1260.458,0.03584,0.08601,1637527040.0,-0.04245
HAFFNER ENERGY,FR0014007ND6,Euronext Growth Paris,Euronext Growth,France,ALHAF.PA,Utilities - Renewable,Utilities,,0.795,,,,-0.34782606,8769904.0,3502904.0,EUR,6733193.0,0.0,0.323,0.123839,-0.29,-0.115,559000.0,0.009,4561000.0,457000.0,0.01,-0.19319001,-0.59954,-3470000.0,-103.893936
HAIKI+,IT0005628778,Euronext Growth Milan,Euronext Growth,Italy,HIK.MI,Waste Management,Industrials,,,,,,14.5,26502.0,74869896.0,EUR,177670176.0,-0.008450001,0.245,2.3673468,-0.02,0.04,10618725.0,0.085,108719208.0,215147168.0,2.231,,,85973888.0,0.06257
HAUGESUND SPB,NO0010764053,Oslo Bors,Compartment C,Norway,HGSB.OL,Banks - Regional,Financial Services,,,7.69,,21.55059,12.509535,1849.0,861629952.0,NOK,3027550208.0,0.466,477.19,0.34367862,7.61,13.11,2632954880.0,501.149,4806755840.0,394472992.0,87.605,0.01017,0.07751,394472992.0,0.51005
HAULOTTE GROUP,FR0000066755,Euronext Paris,Compartment C,France,PIG.PA,Farm & Heavy Construction Machinery,Industrials,10,1.01,9.65,2.83,4.6326528,9.812397,4691.0,66874244.0,EUR,310722048.0,-0.03703,5.557,0.4084938,0.49,0.23134,30511000.0,1.037,274638016.0,537921984.0,18.364,0.01592,-0.10757,131017000.0,0.0055
HAV GROUP ASA,NO0010931918,Euronext Growth Oslo,Euronext Growth,Norway,HAV.OL,Marine Shipping,Industrials,,1.043,,,29.411764,3.968254,78937.0,350000000.0,NOK,79053000.0,0.014049999,2.343,4.2680326,0.34,2.52,271974016.0,7.771,997000.0,838849024.0,23.375,-0.0035100002,0.17612,297495008.0,-0.01271
HAVAS,NL0015002K83,Euronext Amsterdam,Compartment A,France,HAVAS.AS,Advertising Agencies,Communication Services,,,5.59,,9.079776,6.957652,704969.0,1576608896.0,EUR,161290832.0,0.06059,0.32786614,49.29451,1.78,2.32291,404472992.0,11.696,0.0,2904999936.0,29.294,0.03173,0.105179995,908000000.0,0.13475999
HAVILA KYSTRUTEN AS,NO0013696799,Euronext Growth Oslo,Euronext Growth,Norway,HKY.OL,Travel Services,Consumer Cyclical,,0.314,,,,-6.3981047,3646.0,924464576.0,NOK,6089997312.0,-0.57832,-71.993,-0.75007296,-61.37,-8.44,151474000.0,8.848,5317006848.0,1817223936.0,106.148,0.07753,,1547501952.0,0.50303
HAVILA SHIPPING,NO0010257728,Oslo Bors,Compartment C,Norway,HAVI.OL,Marine Shipping,Industrials,9,0.683,,,13.125,-0.525,46424.0,288927296.0,NOK,1196783488.0,0.05926,1.319,0.7960576,0.08,-2.0,144004000.0,0.523,1053235968.0,658086016.0,3.081,0.05208,0.19966999,372384000.0,0.14403
HAWICK DATA NV,NL0010556726,Euronext Amsterdam,Compartment C,Netherlands,HWK.AS,Asset Management,Financial Services,,0.24,,,0.9565218,,60.0,8648449.0,EUR,170000.0,3.6928399,2.737,0.8037998,2.3,,8630000.0,2.158,0.0,2445000.0,0.615,0.03049,1.40365,1932000.0,0.15256
HEALTH ITALIA,IT0005585861,Euronext Growth Milan,Euronext Growth,Italy,HI.MI,Healthcare Plans,Healthcare,,0.173,,,18.383715,,27.0,56383984.0,EUR,61713644.0,0.08134,131.742,2.2619967,16.21,,3474822.0,18.31,8364641.0,37829888.0,199.335,0.04615,0.09762,6239233.0,0.13157
HELYX INDUSTRIES (ex Ulisse Biomed S.p.A.),IT0005451213,Euronext Growth Milan,Euronext Growth,Italy,HLX.MI,Biotechnology,Healthcare,,0.777,,,,-22.823528,10000.0,20214480.0,EUR,18940470.0,0.0,0.868,0.8940093,-0.02,-0.034,1061064.0,0.043,1003554.0,925866.0,0.038,-0.12798999,-0.23064,-804442.0,-4.68993
HERIGE,FR0000066540,Euronext Growth Paris,Euronext Growth,France,ALHRG.PA,Building Materials,Basic Materials,,0.896,,5.16,,2.7160492,628.0,62695360.0,EUR,90426280.0,-0.0464,50.845,0.43268758,-6.26,8.1,52980000.0,18.475,79040000.0,390132992.0,136.497,-0.0134000005,-0.11418,200512000.0,-0.02397
HERMANA HOLDING ASA,NO0013401380,Oslo Bors,Compartment C,Norway,HERMA.OL,Asset Management,Financial Services,,,,,,,6935.0,242567200.0,NOK,,0.0,,,-0.83,,,,,,,,,,0.0
HEXAGON COMPOSITES,NO0003067902,Oslo Bors,Compartment B,Norway,HEX.OL,Packaging & Containers,Consumer Cyclical,6,0.95,,,,8.929729,684653.0,2077717376.0,NOK,3539529728.0,-0.38311002,10.997,0.75111395,-4.91,0.925,211406000.0,0.87,1743618048.0,2953828096.0,12.816,-0.01126,-0.36473998,1471197056.0,0.05994
HEXAGON PURUS ASA,NO0010904923,Oslo Bors,Compartment B,Norway,HPUR.OL,Industrial Distribution,Industrials,,1.274,,,,-0.8562757,326693.0,479904448.0,NOK,2639831040.0,-1.31301,1.079,1.0379982,-3.57,-1.30799,321804000.0,0.751,2355014912.0,1143891968.0,2.673,-0.13637,-1.13229,439456000.0,-0.94478995
HEXAOM,FR0004159473,Euronext Growth Paris,Euronext Growth,France,ALHEX.PA,Residential Construction,Consumer Cyclical,9,1.031,1.38,2.85,26.666666,10.0358095,827.0,241246624.0,EUR,235737984.0,0.0146200005,33.449,1.0523484,1.32,3.50744,133496000.0,19.48,122698000.0,617809024.0,90.149,0.0223,0.040799998,130613000.0,0.04009
HF COMPANY,FR0000038531,Euronext Growth Paris,Euronext Growth,France,ALHF.PA,Communication Equipment,Technology,,0.419,47.51,6.15,,26.4375,921.0,11977490.0,EUR,-9385795.0,-1.2038,5.643,0.74960124,-0.56,0.16,21354000.0,7.512,0.0,1737000.0,0.612,-0.05177,-0.10882,694000.0,-2.70623
H-FARM,IT0004674666,Euronext Growth Milan,Euronext Growth,Italy,FARM.MI,Asset Management,Financial Services,,0.595,,,1.017647,-17.3,115500.0,34627148.0,EUR,15965062.0,0.89188004,0.209,0.82775116,0.17,-0.01,21465136.0,0.107,2800888.0,38542360.0,0.193,-0.086660005,1.3875,19097588.0,-0.17815
HIGH CO,FR0000054231,Euronext Paris,Compartment C,France,HCO.PA,Advertising Agencies,Communication Services,,0.1,7.4,2.48,0.07059074,11.402782,35385.0,64195104.0,EUR,-23960416.0,0.03877,4.727,0.7002327,46.89,0.29028,93968000.0,4.782,4998000.0,143308992.0,7.297,0.0286,0.07609,17217000.0,0.10588
HIGH QUALITY FOOD,IT0005450694,Euronext Growth Milan,Euronext Growth,Italy,HQF.MI,Food Distribution,Consumer Defensive,,0.451,,,29.2,5.457944,18750.0,6552019.0,EUR,16251055.0,0.01243,0.747,0.78179383,0.02,0.107,1336133.0,0.119,10928975.0,18834322.0,1.679,0.023139998,0.02406,4449904.0,0.104779996
HIPAY GROUP,FR0012821916,Euronext Growth Paris,Euronext Growth,France,ALHYP.PA,Software - Infrastructure,Technology,,1.055,,,25.181818,5.3786407,1693.0,34979420.0,EUR,48324416.0,0.01539,5.958,0.9298422,0.22,1.03,11706000.0,1.854,25051000.0,75625000.0,13.415,0.015240001,0.034730002,21069000.0,0.0424
HITECHPROS,FR0010396309,Euronext Growth Paris,Euronext Growth,France,ALHIT.PA,Information Technology Services,Technology,,0.263,7.04,7.12,13.148148,,379.0,23251492.0,EUR,16724301.0,0.06306,2.756,5.152395,1.08,,6673149.0,4.06,60062.0,27979004.0,17.024,0.10619,0.39518002,2458548.0,0.071339995
HK,DE000A11Q133,Euronext Access Paris,Euronext Access,Germany,MLHK.PA,Aerospace & Defense,Industrials,,-0.103,0.13,,42.083336,,3046.0,1433504512.0,EUR,1428034944.0,0.09211001,4.056,9.960552,0.96,,51900000.0,1.51,91500000.0,368875008.0,10.423,0.08094,0.28847998,129684000.0,0.19378
HOCHE BAINS L.BAIN,FR0000051302,Euronext Access Paris,Euronext Access,France,MLHBB.PA,Mortgage Finance,Financial Services,,,,,1280.0,,10.0,7192960.0,EUR,,0.0,,,0.05,,,,,,,,,,0.0
HOEGH AUTOLINERS ASA,NO0011082075,Oslo Bors,Compartment A,Norway,HAUTO.OL,Marine Shipping,Industrials,10,0.278,19.98,,4.323928,6.9347367,736652.0,22498246656.0,NOK,23165599744.0,0.38541,59.97164,1.9675967,27.29,17.015787,229792000.0,1.205,884992000.0,1419501952.0,7.451,0.15338999,0.43773997,679392000.0,0.33124
HOFFMANN,FR0013451044,Euronext Growth Paris,Euronext Growth,France,FR0013451044.SG,,,,,,,,,0.0,,EUR,,,,,,,,,,,,,,,
HOFSETH BIOCARE,NO0010598683,Oslo Bors,Compartment C,Norway,HBC.OL,Packaged Foods,Consumer Defensive,9,0.439,,,,,14110.0,554305408.0,NOK,802384256.0,-0.52618,-0.182,-7.60989,-0.33,,67050000.0,0.163,300776992.0,256340000.0,0.624,-0.19139999,,95373000.0,-0.51827997
HØLAND OG SETSKOG,NO0010012636,Oslo Bors,Compartment C,Norway,HSPG.OL,Banks - Regional,Financial Services,,,3.31,5.65,17.791222,16.682981,696.0,103171240.0,NOK,,0.29128,1284.192,0.116789386,8.43,8.99,627049024.0,,3055378944.0,162852000.0,,0.0053399997,0.04433,162852000.0,0.29887
Holland Colours,NL0000440311,Euronext Amsterdam,Compartment C,Netherlands,HOLCO.AS,Specialty Chemicals,Basic Materials,,0.473,6.99,4.1,18.975332,16.722408,348.0,86035200.0,EUR,74557928.0,0.04032,68.051,1.4694861,5.27,5.98,10484000.0,12.193,778000.0,112336000.0,130.616,0.04966,0.07572,52269000.0,0.0481
HOPENING,FR0010312181,Euronext Access Paris,Euronext Access,France,MLHPE.PA,Advertising Agencies,Communication Services,,,,,12.448979,,8.0,4397837.0,EUR,,0.0,2.629,2.3202739,0.49,,,,,,,,,,0.0
HOPIUM,FR0014010QE1,Euronext Growth Paris,Euronext Growth,France,ALHPI.PA,Auto Manufacturers,Consumer Cyclical,,-0.609,,,0.010447761,,96426640.0,5341755.0,EUR,6910680.0,0.83654,-0.254,-0.05511811,1.34,,2635551.0,0.04,8114093.0,9554318.0,0.143,0.1721,,4905674.0,0.60043997
HOPSCOTCH GROUPE,FR0000065278,Euronext Growth Paris,Euronext Growth,France,ALHOP.PA,Advertising Agencies,Communication Services,,0.545,4.94,5.4,11.101696,6.6497464,1020.0,39208172.0,EUR,66082472.0,0.011670001,9.774,1.3402905,1.18,1.97,28210000.0,9.424,54327000.0,308316992.0,104.555,0.02563,0.14068,29739000.0,0.0143099995
HOT.MAJESTIC CANNE,FR0006226791,Euronext Access Paris,Euronext Access,France,MLHMC.PA,Lodging,Consumer Cyclical,,0.097,,2.93,15.151515,,1.0,395673600.0,EUR,,0.27205,,,422.4,,718399.0,,1036198.0,89189064.0,,0.13502,0.21511,88197224.0,-0.26054
HOTELES BESTPRICE,ES0105664009,Euronext Access Paris,Euronext Access,Spain,MLHBP.PA,Lodging,Consumer Cyclical,,,,,410.0,,10.0,83640000.0,EUR,,0.0,,,0.01,,,,,,,,,,0.0
HOTELIM,FR0000053738,Euronext Access Paris,Euronext Access,France,MLHOT.PA,Lodging,Consumer Cyclical,,,2.9,,10.632184,,1.0,53863472.0,EUR,,0.0,35.407,1.5674866,5.22,,,,,,,,,,0.0
HOTELS DE PARIS,FR0004165801,Euronext Paris,Compartment C,France,HDP.PA,Lodging,Consumer Cyclical,,0.875,,,,,1160.0,14035264.0,EUR,175204256.0,-0.25706,-7.214,-0.26337674,-1.61,,6734000.0,0.912,168480000.0,46382000.0,6.279,0.01948,,14113000.0,0.0335
HOTL.IMMOB.NICE,FR0006563904,Euronext Access Paris,Euronext Access,France,MLHIN.PA,Lodging,Consumer Cyclical,,-0.034377,,,44.628098,,8.0,12674880.0,EUR,11736000.0,0.04089,238.397,0.90605164,4.84,,,,,6637033.0,113.106,0.01238,0.01959,1475801.0,0.053540003
HUDDLESTOCK FINTECH,NO0010859648,Euronext Growth Oslo,Euronext Growth,Norway,NO0010859648.SG,,,,,,,,,0.0,,EUR,,,,,,,,,,,,,,,
HUDDLY AS,NO0013470534,Euronext Growth Oslo,Euronext Growth,Norway,HDLY.OL,Communication Equipment,Technology,,0.872,,,,56.97674,3260.0,667905536.0,NOK,648709184.0,-0.71029,13.451,1.8214259,-7.5,0.43,84926000.0,3.197,82815000.0,197976000.0,11.523,-0.14578,-0.43428,98573000.0,-0.72345
HUNTER GROUP,NO0012953720,Oslo Bors,Compartment C,Norway,HUNT.OL,Oil & Gas Midstream,Energy,,2.071,10.77,,,,3782031.0,408461632.0,NOK,355031680.0,0.0,1.0658242,2.8428705,-0.58,0.0,8460000.0,0.065,142000.0,-5927000.0,-0.052,-0.24707001,-0.40797,-5927000.0,-0.92444
HUNYVERS,FR0014007LQ2,Euronext Growth Paris,Euronext Growth,France,ALHUN.PA,Specialty Retail,Consumer Cyclical,,0.397,,,,6.4806643,276.0,28333046.0,EUR,64604184.0,-0.00612,7.191,1.0207204,-0.19,1.1326,6926566.0,1.794,43429716.0,122877712.0,31.833,0.00587,-0.026689999,25813740.0,0.03712
HYDRATEC Gewone aandelen,NL0009391242,Euronext Amsterdam,Compartment C,Netherlands,HYDRA.AS,Farm & Heavy Construction Machinery,Industrials,,0.542,6.06,3.54,12.5969,,55.0,253169872.0,EUR,254239360.0,0.07704,81.348,2.3971088,15.48,,11176000.0,8.595,11867000.0,260222000.0,200.416,0.07986,0.20055,147800000.0,0.10181
HYDRAULIQUE HOLDING,FR0000064735,Euronext Access Paris,Euronext Access,France,MLHYD.PA,Specialty Industrial Machinery,Industrials,,0.589381,,,7.117438,,6.0,53013800.0,EUR,45340752.0,0.12543,871.362,0.8721978,106.78,,,,,32693898.0,468.696,0.060560003,0.07019,32693898.0,0.18888001
HYDROGENE DE FRANCE,FR0014003VY4,Euronext Paris,Compartment B,France,HDF.PA,Utilities - Renewable,Utilities,,0.389,,,,-5.6166663,4717.0,49298604.0,EUR,20787464.0,-1.12558,5.616,0.6000712,-0.74,-0.6,29211000.0,1.986,437000.0,10965000.0,0.746,-0.10415,-0.13861,-968000.0,-20.11951
HYDROGENPRO ASA,NO0010892359,Oslo Bors,Compartment C,Norway,NO0010892359.SG,,,,,,,,,0.0,,EUR,,,,,,,,,,,,,,,
HYDROGEN-REFUELING-SOLUTIONS,FR0014001PM5,Euronext Growth Paris,Euronext Growth,France,ALHRS.PA,Specialty Retail,Consumer Cyclical,,1.655,,,,-7.6392775,59476.0,24552854.0,EUR,44616480.0,-1.03458,2.576,0.4774845,-0.73,-0.16101,6755000.0,0.439,31841000.0,11278000.0,0.733,-0.046690002,-0.25782,7772000.0,1.24272
HYLORIS,BE0974363955,Euronext Brussels,Compartment B,Belgium,HYL.BR,Biotechnology,Healthcare,,0.407,,,,-46.381603,5650.0,204402736.0,EUR,182702832.0,-0.75801,1.056,6.912879,-0.24,-0.15739,19120000.0,0.699,1649000.0,8459000.0,0.312,-0.09033,-0.20179,8212000.0,-1.05511
HYNION AS,NO0010920945,Euronext Growth Oslo,Euronext Growth,Norway,HYN.OL,Specialty Retail,Consumer Cyclical,,1.194,,,,,943571.0,14711433.0,NOK,8806446.0,0.0,0.154,0.12727273,-0.22,,3474571.0,0.032,10183000.0,6333378.0,0.059,-0.23285,-0.83715,1500803.0,-2.18726
I GRANDI VIAGGI,IT0005108219,Euronext Milan,Compartment C,Italy,IGV.MI,Resorts & Casinos,Consumer Cyclical,,0.48,,1.87,33.42857,26.847178,4790.0,111377768.0,EUR,108340624.0,0.05013,1.467,1.5950919,0.07,0.08716,11143000.0,0.227,2039000.0,66987000.0,1.396,0.01771,0.04829,4986000.0,0.22793
I.CO.P.,IT0001214433,Euronext Growth Milan,Euronext Growth,Italy,ICOP.MI,Engineering & Construction,Industrials,,,0.33,,29.43662,13.220902,16250.0,714650240.0,EUR,797887808.0,0.13817,2.896,7.2168508,0.71,1.58083,36594756.0,1.152,169493184.0,155266272.0,4.886,,,96569856.0,0.29205
I.M.D. INTERNATIONAL MEDICAL DEVICES,IT0005549255,Euronext Growth Milan,Euronext Growth,Italy,IMD.MI,Medical Devices,Healthcare,,-0.09,7.52,,16.875,9.874195,16500.0,23383588.0,EUR,17930052.0,0.03661,1.346,1.0029718,0.08,0.13672,5770970.0,0.333,317436.0,36642032.0,2.294,0.03224,0.053489998,9088998.0,0.03309
I2S,FR0005854700,Euronext Growth Paris,Euronext Growth,France,ALI2S.PA,Electrical Equipment & Parts,Industrials,,0.109,1.79,,10.42373,,454.0,10195784.0,EUR,8492682.0,0.00656,6.684,0.9201077,0.59,,4320214.0,2.558,2427083.0,16990988.0,10.061,0.012940001,0.00989,6854158.0,-0.04863
Ibersol-SGPS,PTIBS0AM0008,Euronext Lisbon,Compartment B,Portugal,IBS.LS,Restaurants,Consumer Cyclical,10,0.256,6.17,0.93,34.090908,28.737835,14470.0,457522144.0,EUR,617600832.0,0.02563,7.861,1.4311156,0.33,0.39147,128106552.0,3.174,287590208.0,522727680.0,12.725,0.02657,0.04131,116422248.0,0.11255
ICAPE HOLDING,FR001400A3Q3,Euronext Growth Paris,Euronext Growth,France,ALICA.PA,Electronic Components,Technology,,0.242,2.24,,12.391304,7.1548715,2190.0,45003104.0,EUR,87788152.0,0.01972,3.284,1.7356882,0.46,0.79666,23853000.0,2.847,63202000.0,193548000.0,23.792,0.03162,0.110649996,67083000.0,0.03897
ICELANDIC SALMON,NO0010724701,Euronext Growth Oslo,Euronext Growth,Norway,NO0010724701.SG,,,,,,,,,0.0,,EUR,,,,,,,,,,,,,,,
ID LOGISTICS GROUP,FR0010929125,Euronext Paris,Compartment A,France,IDL.PA,Specialty Business Services,Industrials,10,0.917,,,47.746143,32.52859,3850.0,2626541056.0,EUR,4005240064.0,0.01661,89.696,4.4873796,8.43,12.37373,295247008.0,44.026,1599218944.0,3514171904.0,535.519,0.03229,0.112679996,561120000.0,0.03539
IDEX BIOMETRICS,NO0013536078,Oslo Bors,Compartment C,Norway,IDEX.OL,Software - Application,Technology,,1.823,,,0.35325018,,27292.0,349764384.0,NOK,306343232.0,0.0,0.4377492,12.290142,15.23,0.0,1062000.0,0.019,1231000.0,209000.0,0.008,-0.82935995,-2.60951,-1128000.0,-67.253586
IDI,FR0000051393,Euronext Paris,Compartment B,France,IDIP.PA,Asset Management,Financial Services,,0.473,7.54,4.87,18.104736,6.199829,104.0,517988416.0,EUR,460784192.0,0.58093,94.791,0.7658955,4.01,11.71,131701000.0,17.921,49899000.0,50123000.0,6.859,0.02378,0.04152,40922000.0,0.55906
IDS,FR0000079691,Euronext Access Paris,Euronext Access,France,MLIDS.PA,Software - Application,Technology,,-0.290297,8.45,,,,900.0,3409922.0,EUR,,0.1707,,,-0.09,,,,,4663000.0,,,,807000.0,0.17306
IEP INVEST,BE0003748622,Euronext Brussels,Compartment C,Belgium,IEP.BR,Real Estate - Development,Real Estate,,-0.108,,,31.764706,,17.0,47556652.0,EUR,24763638.0,0.19278,7.686,0.70257616,0.17,,33438000.0,5.29,10934000.0,5649000.0,0.691,0.02073,0.02474,4968000.0,0.46932998
IKONISYS,FR00140048X2,Euronext Growth Paris,Euronext Growth,France,ALIKO.PA,Medical Devices,Healthcare,,0.728,,,,-18.82353,16582.0,25311838.0,EUR,25623826.0,-1.9393201,1.357,1.1790715,-0.23,-0.085,-21157.0,-0.002,3163898.0,1474591.0,0.105,-0.06101,-0.16402,1221168.0,-1.16423
ILPRA,IT0005359101,Euronext Growth Milan,Euronext Growth,Italy,ILP.MI,Specialty Industrial Machinery,Industrials,,0.799,2.18,,13.75,7.746479,1200.0,65024300.0,EUR,90777400.0,0.05849,2.68,2.0522387,0.4,0.71,19160916.0,1.621,38102880.0,80389872.0,6.799,0.05053,0.16256,35749096.0,0.08568
IMALLIANCE,FR0010086371,Euronext Access Paris,Euronext Access,France,MLIML.PA,Publishing,Communication Services,,1.246753,,,,,5000.0,894455.0,EUR,482765.0,-0.13022,0.846,0.23640662,-0.08,,,,,3478313.0,2.046,-0.090299994,-0.41674998,-112441.0,-0.102139995
IMMERSION,FR0013060100,Euronext Growth Paris,Euronext Growth,France,ALIMR.PA,Software - Application,Technology,,-0.058,,,,,3.0,3424383.0,EUR,2378030.0,-0.021440001,1.676,1.6109786,-0.02,,1491730.0,1.176,445377.0,7602730.0,5.994,-0.02461,-0.07384,1811799.0,0.01459
IMMOBEL,BE0003599108,Euronext Brussels,Compartment B,Belgium,IMMO.BR,Real Estate - Development,Real Estate,,0.844,,5.97,9.543726,4.527989,1366.0,256690896.0,EUR,1044836928.0,0.06503,40.401,0.6212717,2.63,5.5433,155792000.0,15.234,925411968.0,414335008.0,40.872,0.00811,0.06367,43716000.0,0.14427
IMMSI,IT0001413837,Euronext Milan,Compartment B,Italy,IMS.MI,Auto Manufacturers,Consumer Cyclical,,0.721,4.08,2.25,,17.933332,222411.0,183205120.0,EUR,1111616128.0,-0.0008,1.042,0.51631474,-0.0,0.03,188999008.0,0.555,1117410048.0,1623865984.0,4.769,0.02369,0.02633,418199008.0,0.04196
IMPIANTI,IT0005518953,Euronext Growth Milan,Euronext Growth,Italy,MPT.MI,Information Technology Services,Technology,,,,,,,4500.0,6440490.0,EUR,,0.0,,,-0.07,,,,,,,,,,0.0
IMPLANET,FR0013470168,Euronext Growth Paris,Euronext Growth,France,ALIMP.PA,Medical Devices,Healthcare,,0.732,,,,,89733.0,31640174.0,EUR,33234034.0,-0.4335,-0.011,-20.0,-0.04,,502000.0,0.004,6118000.0,11098000.0,0.088,-0.19484,-4.50047,4887000.0,-0.36856997
"Impresa, SGPS - Nom.",PTIPR0AM0000,Euronext Lisbon,Compartment C,Portugal,IPR.LS,Broadcasting,Communication Services,,0.584,,,,3.2583334,375748.0,32844000.0,EUR,179896528.0,-0.37245,0.504,0.38789684,-0.4,0.06,5362782.0,0.032,152415312.0,180661072.0,1.075,0.02162,-0.5685,19934412.0,0.00887
IMPRIMERIE CHIRAT,FR0000065773,Euronext Access Paris,Euronext Access,France,MLIMP.PA,Publishing,Communication Services,,0.579067,6.25,,,,1.0,3688135.0,EUR,5389056.0,0.0291,7.111,0.6159471,-0.28,,,,,22909028.0,27.207,0.022839999,0.11797,9719476.0,0.02641
IMPULSE FITNESS SOLUTIONS S.A.,ES0105590006,Euronext Access Paris,Euronext Access,Spain,MLIFS.PA,Leisure,Consumer Cyclical,,0.017162,,,,,50.0,56154288.0,EUR,105824416.0,0.014570001,0.441,15.873015,-0.01,,,,,883053.0,0.11,-0.00239,0.00396,850015.0,-0.017339999
INCLUSIO SA/NV,BE0974374069,Euronext Brussels,Compartment C,Belgium,BE0974374069.SG,,,,,,,,,0.0,,EUR,,,,,,,,,,,,,,,
INDEL B,IT0005245508,Euronext Milan,Compartment C,Italy,INDB.MI,Auto Parts,Consumer Cyclical,,0.115,4.04,,4.469526,6.8512106,657.0,103690416.0,EUR,133022336.0,0.11743,26.483,0.74764943,4.43,2.89,31732000.0,6.027,59881000.0,197467008.0,37.459,0.02774,0.17695999,61440000.0,0.07836
INDUCT,NO0010536048,Euronext Growth Oslo,Euronext Growth,Norway,INDCT.OL,Health Information Services,Healthcare,,,,,,,4730.0,122731472.0,NOK,123788464.0,-0.43054,1.334,2.938531,-0.7,,2661000.0,0.085,3718000.0,16584000.0,0.53,-0.056220002,-0.20924999,15936000.0,-1.04246
INDUSTRIE CHIMICHE FORESTALI,IT0005416281,Euronext Growth Milan,Euronext Growth,Italy,ICF.MI,Specialty Chemicals,Basic Materials,,0.344,3.32,,17.529411,8.962406,3000.0,34094044.0,EUR,46093780.0,0.02878,12.891,0.4623381,0.34,0.665,3963000.0,0.681,15395000.0,72890000.0,12.533,0.02118,0.02722,29600000.0,0.0657
INDUSTRIE DE NORA,IT0005186371,Euronext Milan,Compartment B,Italy,DNR.MI,Electrical Equipment & Parts,Industrials,,0.633,1.48,,15.543478,19.47645,107335.0,1421056128.0,EUR,1367973760.0,0.10097,4.741,1.5081207,0.46,0.36711,198475008.0,0.999,160622000.0,902451968.0,4.542,0.05979,0.09806,342427008.0,0.15582
INFOCLIP,FR0011158823,Euronext Access Paris,Euronext Access,France,MLIFC.PA,Software - Infrastructure,Technology,,-0.056913,,,3.2258065,,45.0,1099646.0,EUR,,-0.06901,3.334,0.59988,0.62,,,,,3418340.0,,,,294571.0,-0.0563
INFOTEL,FR0000071797,Euronext Paris,Compartment B,France,INF.PA,Information Technology Services,Technology,10,0.499,5.59,3.83,16.318182,11.46562,3001.0,248170032.0,EUR,168538880.0,0.05271,16.267,2.206922,2.2,3.1311,110374000.0,15.986,32991000.0,292191008.0,42.274,0.06435,0.12016,160087008.0,0.0686
INIFY LABORATORIES AB,SE0017486103,Euronext Growth Oslo,Euronext Growth,Sweden,INIFY.OL,Diagnostics & Research,Healthcare,,,,,,,55.0,284052288.0,NOK,,0.0,,,-1.02,,,,,,,,,,0.0
ININ GROUP AS,NO0010864036,Euronext Growth Oslo,Euronext Growth,Norway,NO0010864036.SG,,,,,,,,,0.0,,EUR,,,,,,,,,,,,,,,
INIZIATIVE BRESCIANE,IT0005037905,Euronext Growth Milan,Euronext Growth,Italy,IB.MI,Utilities - Renewable,Utilities,,0.045,4.96,3.61,27.333334,10.165289,780.0,65824496.0,EUR,164746096.0,0.09024999,13.783,0.8924037,0.45,1.21,5900745.0,1.103,103936112.0,26234820.0,4.902,0.01884,0.037130002,20479932.0,0.23489
INNATE PHARMA,FR0010331421,Euronext Paris,Compartment B,France,IPH.PA,Biotechnology,Healthcare,8,0.566,,,,0.8111732,49005.0,136088224.0,EUR,100815120.0,0.0,0.056,25.928572,-0.55,1.79,60027000.0,0.651,27029000.0,12636000.0,0.15,-0.25922,-2.71367,-30788000.0,-5.23189
INNELEC MULTIMEDIA,FR0000064297,Euronext Growth Paris,Euronext Growth,France,ALINN.PA,Electronics & Computer Distribution,Technology,,0.259,,5.07,,45.483356,1012.0,8553664.0,EUR,,-0.022780001,6.336,0.45296717,-0.94,0.0631,,,,121806000.0,40.218,,,15442000.0,-0.02153
INNOVATEC,IT0005412298,Euronext Growth Milan,Euronext Growth,Italy,IT0005412298.SG,,,,,,,,,0.0,,EUR,,,,,,,,,,,,,,,
INNOVATIVE RFK SPA,IT0005391161,Euronext Access Paris,Euronext Access,Italy,MLIRF.PA,Asset Management,Financial Services,,0.053,,,15.833333,,5.0,22290498.0,EUR,12632578.0,4.55627,1.305,1.4559387,0.12,,8604742.0,0.843,1845101.0,255376.0,0.025,-0.03507,0.083100006,-720189.0,-153.23463
INSTABANK,NO0010762792,Euronext Growth Oslo,Euronext Growth,Norway,INSTA.OL,Banks - Regional,Financial Services,,0.232,1.94,,21.842106,8.432732,211930.0,1878316288.0,NOK,2064278272.0,0.29705,2.743,1.5129421,0.19,0.49213,5151000.0,0.011,191112992.0,413347008.0,0.673,0.01372,0.10114,413347008.0,0.44257
INSTALLUX,FR0000060451,Euronext Growth Paris,Euronext Growth,France,ALLUX.PA,Aluminum,Basic Materials,,-0.042,2.67,2.23,11.862396,,5.0,83829600.0,EUR,63666800.0,0.04518,440.308,0.68134123,25.29,,53771000.0,192.441,32942000.0,156356992.0,559.555,0.030840002,0.061139997,78815000.0,0.06877
INTEGRAGEN,FR0010908723,Euronext Growth Paris,Euronext Growth,France,ALINT.PA,Biotechnology,Healthcare,,0.476,,,,,96773.0,1003037.0,EUR,,-0.23426001,0.286,0.52972025,-0.04,,1721000.0,,417000.0,6608000.0,,-0.23715,-1.38,768000.0,-0.53365004
INTEGRATED WIND SOLUTIONS ASA,NO0013461350,Euronext Growth Oslo,Euronext Growth,Norway,IWS.OL,Specialty Industrial Machinery,Industrials,,0.32,,,12.828054,8.8517685,14813.0,2265451776.0,NOK,2455629824.0,0.15609999,46.42306,1.2213757,4.42,6.4055,29195000.0,0.731,177215008.0,99000000.0,2.495,0.04033,0.10715,76866000.0,0.27766
INTERCOS,IT0005455875,Euronext Milan,Compartment A,Italy,ICOS.MI,Household & Personal Products,Consumer Defensive,6,0.936,1.62,,24.16,15.964899,84500.0,1143830528.0,EUR,1306909184.0,0.0434,4.831,2.5005176,0.5,0.75666,126191000.0,1.31,261019008.0,1089895936.0,11.318,0.06283,0.103760004,218928992.0,0.092130005
INTERNATIONAL CARE COMPANY,IT0005469371,Euronext Growth Milan,Euronext Growth,Italy,ICC.MI,Specialty Business Services,Industrials,,1.046,,,,,1500.0,6053767.0,EUR,5479632.0,-0.09060001,0.908,1.3986784,-0.17,,737811.0,0.155,163677.0,9018507.0,1.864,-0.07981,-0.18802999,3343386.0,-0.104049996
INTEROIL EXPLORATION AND PRODUCTION,NO0013119255,Oslo Bors,Compartment C,Norway,IOX.OL,Oil & Gas E&P,Energy,,0.476,,,,100.0,21760.0,20134428.0,NOK,62960072.0,-1.32327,-15.235576,-0.06563585,-9.87,0.01,213000.0,0.011,42193000.0,15770000.0,0.835,-0.19608,,-2481000.0,-0.67179
INTEXA,FR0000064958,Euronext Paris,Compartment C,France,ITXT.PA,Apparel Manufacturing,Consumer Cyclical,,-0.347,,,,,232.0,2530000.0,EUR,,0.0,3.188,0.7841907,-0.62,,,,37000.0,173000.0,0.171,-0.114630006,-0.17614001,71000.0,-1.5714301
INTRASENSE,FR0011179886,Euronext Growth Paris,Euronext Growth,France,ALINS.PA,Health Information Services,Healthcare,,0.256,,,,-5.06,11300.0,13323487.0,EUR,13410473.0,-2.44822,-0.022,-11.5,-0.12,-0.05,1441000.0,0.027,1370000.0,2646000.0,0.05,-0.4428,-3.1439002,-3593000.0,-1.71179
INTRED,IT0005337818,Euronext Growth Milan,Euronext Growth,Italy,ITD.MI,Telecom Services,Communication Services,,0.514,1.07,0.62,21.59091,17.879662,586.0,150828368.0,EUR,188472672.0,0.12163,3.876,2.4509804,0.44,0.53133,7035040.0,0.442,44426568.0,57122056.0,3.592,0.047069997,0.11715999,39941496.0,0.21878
INVENTIVA,FR0013233012,Euronext Paris,Compartment B,France,IVA.PA,Biotechnology,Healthcare,8,0.887,,,,-7.6577535,342505.0,1108088320.0,EUR,757283264.0,0.0,-0.064,-83.90624,-3.76,-0.70125,122513000.0,0.881,132798000.0,16970000.0,0.192,-0.56769,,16153000.0,-9.91889
INVIBES ADVERTISING N.V.,BE0974299316,Euronext Growth Paris,Euronext Growth,Belgium,ALINV.PA,Advertising Agencies,Communication Services,,0.546,,,,,3202.0,4009543.0,EUR,241543.0,-0.30191,2.695,0.32578853,-1.63,,7658000.0,1.677,3931000.0,24600000.0,5.371,-0.10271,-0.46886003,-2653000.0,-0.31379
ION BEAM APPLICATIONS,BE0003766806,Euronext Brussels,Compartment B,Belgium,IBAB.BR,Medical Devices,Healthcare,9,1.229,1.59,1.42,26.344828,18.634146,23235.0,448059520.0,EUR,474246304.0,0.02894,3.78,4.042328,0.58,0.82,36700000.0,1.251,67800000.0,585756992.0,17.029,0.03894,0.16201,185091008.0,0.02296
IPSOS,FR0000073298,Euronext Paris,Compartment A,France,IPS.PA,Consulting Services,Industrials,6,0.656,6.17,2.8,7.374083,5.5765724,108551.0,1300715392.0,EUR,1672415360.0,0.07315,33.109,0.9109305,4.09,5.40834,250431008.0,5.803,627940992.0,2457289984.0,57.096,0.06631,0.12715,1687526016.0,0.08906999
IRCE,IT0001077780,Euronext Milan,Compartment C,Italy,IRC.MI,Electrical Equipment & Parts,Industrials,,0.912,2.76,1.95,11.421053,4.7173915,96.0,57323592.0,EUR,119020440.0,0.01322,5.916,0.36680192,0.19,0.46,9337000.0,0.353,71321000.0,378600000.0,14.317,0.02091,0.03249,50739000.0,0.00269
IRISH CONTINENTAL GROUP PLC,IE00BLP58571,Euronext Dublin,Compartment B,Ireland,ICGC.L,Marine Shipping,Industrials,5,0.369,2.48,2.39,16.838234,,4250.0,849778752.0,GBp,1160549760.0,0.104270004,1.6157073,354.33398,0.34,,17800000.0,0.109,241900000.0,628200000.0,3.829,0.07082,0.22451,602499968.0,0.082609996
ISCC FINTECH,IT0005474108,Euronext Growth Milan,Euronext Growth,Italy,ISC.MI,Credit Services,Financial Services,,0.17,,,,11.421687,22604.0,12229283.0,EUR,14377833.0,-0.09567001,0.863,1.0984937,-0.05,0.083,1439986.0,0.112,3528379.0,6807400.0,0.528,-0.01186,-0.05219,2504192.0,-0.31351
ISPD NETWORK,ES0109429037,Euronext Growth Paris,Euronext Growth,Spain,ALISP.PA,Advertising Agencies,Communication Services,,-0.143,,,24.75,5.6774197,1815.0,29138202.0,EUR,43569068.0,0.0086199995,0.094,21.063831,0.08,0.34875,5196141.0,0.353,20589402.0,148570912.0,10.096,0.01193,0.64053,11915218.0,-0.04295
IT LINK,FR0000072597,Euronext Growth Paris,Euronext Growth,France,ALITL.PA,Information Technology Services,Technology,,0.559,2.54,,9.178403,8.362813,485.0,33348564.0,EUR,30616566.0,0.04462,17.003,1.1497971,2.13,2.33773,10264000.0,6.017,7532000.0,83031000.0,47.712,0.05633,0.13294,5738000.0,0.05308
IT WAY,IT0003057624,Euronext Milan,Compartment C,Italy,ITW.MI,Information Technology Services,Technology,,0.856,,2.69,11.7,,9388.0,12180665.0,EUR,17113664.0,0.00982,1.188,0.9848485,0.1,,2446000.0,0.235,6342000.0,65681000.0,6.309,,,10957000.0,-0.00438
ITALIAN EXHIBITION GROUP,IT0003411417,Euronext Milan,Compartment C,Italy,IEG.MI,Advertising Agencies,Communication Services,,0.274,1.77,,13.103448,10.526316,3919.0,348207552.0,EUR,460480256.0,0.101210006,4.357,2.6164792,0.87,1.083,41974000.0,1.374,149407008.0,261207008.0,8.552,0.074,0.20972,71992000.0,0.01253
ITALIAN WINE BRANDS,IT0005075764,Euronext Growth Milan,Euronext Growth,Italy,IWB.MI,Beverages - Wineries & Distilleries,Consumer Defensive,,0.759,2.4,1.35,8.134921,7.5618973,15319.0,190186512.0,EUR,282511104.0,0.05933,24.194,0.8473175,2.52,2.71096,53584112.0,5.744,144589936.0,395868224.0,42.437,0.05308,0.10852,75856448.0,0.08804
ITALMOBILIARE,IT0005253205,Euronext Milan,Compartment A,Italy,ITM.MI,Packaged Foods,Consumer Defensive,7,0.525,3.24,3.21,36.075947,10.342088,37503.0,1200064512.0,EUR,1672903552.0,0.045489997,34.245,0.8322383,0.79,2.75573,225899008.0,5.343,504727008.0,731924992.0,17.31,0.026659999,0.026659999,307009984.0,0.10521
ITALY INNOVAZIONI,IT0005336521,Euronext Access Paris,Euronext Access,Italy,MLITN.PA,Electrical Equipment & Parts,Industrials,,0.042,,,,,6.0,30776680.0,EUR,31627906.0,0.0,1.043,7.718121,-0.06,,17421.0,0.005,868648.0,0.0,0.0,,,-72335.0,0.0
ITERA,NO0010001118,Oslo Bors,Compartment C,Norway,ITERA.OL,Information Technology Services,Technology,,0.152,4.21,2.33,25.642857,8.676107,29949.0,586706752.0,NOK,587315712.0,0.02722,0.559,12.844364,0.28,0.82756,58434000.0,0.715,59043000.0,844284032.0,10.335,0.08366,0.49734002,781843968.0,0.018029999
IVECO GROUP,NL0015000LU4,Euronext Milan,Compartment A,Netherlands,IVG.MI,Farm & Heavy Construction Machinery,Industrials,6,1.436,1.74,,21.896551,7.596148,901855.0,5073906176.0,EUR,8450357248.0,0.021300001,10.303,1.8489759,0.87,2.50785,2795000064.0,10.388,6061000192.0,13427999744.0,50.238,0.01723,0.08321,2044999936.0,0.05125
IVISION TECH,IT0005554784,Euronext Growth Milan,Euronext Growth,Italy,IVN.MI,Footwear & Accessories,Consumer Cyclical,,1.6,,,Infinity,,12000.0,15668427.0,EUR,23951326.0,0.00448,1.272,1.5566038,0.0,,2542406.0,0.321,10623852.0,21415368.0,2.706,0.02329,0.01074,12074510.0,0.063200004
JACQUES BOGART,FR0012872141,Euronext Paris,Compartment C,France,JBOG.PA,Household & Personal Products,Consumer Defensive,,0.447,4.85,2.79,,4.8656716,652.0,47660064.0,EUR,246953184.0,-0.03533,4.39,0.7425968,-0.67,0.67,18982000.0,1.296,217987008.0,278187008.0,18.981,-0.00854,-0.13698,145644000.0,-0.08668
JACQUET METALS,FR0000033904,Euronext Paris,Compartment B,France,JCQ.PA,Steel,Basic Materials,7,0.986,0.83,3.24,55.227272,16.674099,6013.0,493285984.0,EUR,795562752.0,0.0059100003,28.416,0.855152,0.44,1.45735,169000000.0,7.388,411000000.0,1854366976.0,89.212,0.02168,0.01974,447563008.0,0.02547
JÆREN SPAREBANK,NO0010359433,Oslo Bors,Compartment C,Norway,JAREN.OL,Banks - Regional,Financial Services,,,5.6,4.76,11.446945,9.983174,257.0,1750898432.0,NOK,5856181248.0,0.52009,569.138,0.62550735,31.1,35.66,387524000.0,78.565,4482548224.0,590686976.0,119.754,0.01544,0.11344,590686976.0,0.57394004
JENSEN-GROUP,BE0003858751,Euronext Brussels,Compartment B,Belgium,JEN.BR,Specialty Industrial Machinery,Industrials,,0.552,1.57,1.61,11.636364,9.315866,1070.0,588975296.0,EUR,615893760.0,0.10629,30.82,2.0765736,5.5,6.87,27030000.0,2.88,44053000.0,488984992.0,51.584,0.081590004,0.18351,213388000.0,0.13689
JUVENTUS FC,IT0005572778,Euronext Milan,Compartment B,Italy,JUVE.MI,Entertainment,Communication Services,7,0.566,,,,-46.470238,582146.0,890936256.0,EUR,1171146240.0,-0.115439996,0.035,67.14285,-0.21,-0.05057,59166000.0,0.156,339376000.0,503678016.0,1.794,-0.03359,-2.17624,440924000.0,-0.30001
KALDVIK AS,NO0010884794,Euronext Growth Oslo,Euronext Growth,Norway,KLDVK.OL,Farm Products,Consumer Defensive,,0.282,,,,2.2218394,500.0,1085330688.0,NOK,1253516416.0,-0.52647,19.586315,0.32931155,-4.73,2.903,8316000.0,0.05,187740992.0,105587000.0,0.765,-0.04743,-0.19083999,18279000.0,-0.55809
KALEON,IT0005678104,"Euronext Growth Paris, Milan",Euronext Growth,Italy,ALKLN.PA,Travel Services,Consumer Cyclical,,,,,27.999998,22.697794,762.0,59608436.0,EUR,54670128.0,0.0917,0.753,5.5776887,0.15,0.18504,324284.0,0.032,13494412.0,22892128.0,2.289,,,7121071.0,0.16961999
KALRAY,FR0010722819,Euronext Growth Paris,Euronext Growth,France,ALKAL.PA,Semiconductors,Technology,,2.189,,,,-5.095253,442236.0,55300160.0,EUR,46699932.0,-0.37008998,2.773,1.2982329,-1.82,-0.70654,2285000.0,0.191,9259000.0,38574000.0,3.825,-0.17424999,-0.40467998,20193000.0,-0.49073002
KAUFMAN ET BROAD,FR0004007813,Euronext Paris,Compartment B,France,KOF.PA,Residential Construction,Consumer Cyclical,3,0.964,7.1,7.12,11.446886,10.21559,40297.0,612951360.0,EUR,357602688.0,0.04772,11.551,2.7053936,2.73,3.05905,322542016.0,16.239,56269000.0,1135981952.0,57.194,0.03382,0.2726,221919008.0,0.08738
KENDRION N.V.,NL0000852531,Euronext Amsterdam,Compartment B,Netherlands,KENDR.AS,Specialty Industrial Machinery,Industrials,,1.033,2.82,3.42,34.95652,14.752293,21642.0,254150704.0,EUR,333652000.0,0.03306,10.089,1.5938151,0.46,1.09,3500000.0,0.222,85300000.0,299500000.0,18.964,0.030030001,0.04658,150700000.0,0.0915
KENMARE RESOURCES PLC,IE00BDC5DG00,Euronext Dublin,Compartment B,Ireland,KMR.L,Other Industrial Metals & Mining,Basic Materials,2,0.448,7.73,8.07,,-12.240305,62048.0,234348640.0,GBp,319587616.0,-0.12033,8.659181,30.603357,-0.43,-0.21649787,46507000.0,0.521,129640000.0,417323008.0,4.677,0.0374,-0.04601,86795000.0,0.10037
KERLINK,FR0013156007,Euronext Growth Paris,Euronext Growth,France,ALKLK.PA,Communication Equipment,Technology,,1.091,,,,-3.947826,1812.0,6784691.0,EUR,14518029.0,-0.23412001,0.391,2.3222506,-0.4,-0.23,3054000.0,0.41,10804000.0,12677000.0,1.697,-0.07627,-0.67195,4674000.0,-0.13623999
KEYRUS,FR0004029411,Euronext Growth Paris,Euronext Growth,France,FR0004029411.SG,,,,,,,,,0.0,,EUR,,,,,,,,,,,,,,,
Keyware Technologies,BE0003880979,Euronext Brussels,Compartment C,Belgium,KEYW.BR,Software - Infrastructure,Technology,,0.1,,,,6.0,1175.0,17562984.0,EUR,11614986.0,-0.08101,1.341,0.5816555,-0.08,0.13,7058000.0,0.313,1110000.0,21626000.0,0.96,,,10093000.0,-0.080570005
KID,NO0010743545,Oslo Bors,Compartment B,Norway,KID.OL,Specialty Retail,Consumer Cyclical,,0.704,8.45,6.98,20.957447,12.696025,22718.0,4804257792.0,NOK,,0.05804,35.72,3.3090703,5.64,9.31,,,2105339008.0,3949796096.0,97.178,0.05467,0.15333,2429510912.0,0.20919001
KINEPOLIS GROUP,BE0974274061,Euronext Brussels,Compartment A,Belgium,KIN.BR,Entertainment,Communication Services,,0.361,2.05,1.77,15.545977,10.403846,40815.0,723550016.0,EUR,1369666048.0,0.07975,7.477,3.617761,1.74,2.6,58662000.0,2.188,703180032.0,593294976.0,22.132,0.05268,0.24715,145606000.0,0.087019995
KITRON,NO0003079709,Oslo Bors,Compartment B,Norway,KIT.OL,Electronic Components,Technology,,0.874,0.73,2.07,40.8,21.410192,1462084.0,22307651584.0,NOK,20694499328.0,0.05933,16.462877,6.195758,2.5,4.7640862,145800000.0,0.678,114300000.0,738300032.0,3.708,0.06215,0.17083,249500000.0,0.09666
KKO INTERNATIONAL,FR0013374667,Euronext Growth Paris,Euronext Growth,France,ALKKO.PA,Farm Products,Consumer Defensive,,-0.752,,,Infinity,,549064.0,14663102.0,EUR,22597534.0,0.02953,0.066,1.3636364,0.0,,403812.0,0.002,7294255.0,15172353.0,0.09,-0.00927,0.04874,1865723.0,-0.026500002
KLARSEN,FR0011038348,Euronext Growth Paris,Euronext Growth,France,ALKLA.PA,Advertising Agencies,Communication Services,,0.971,,,,,2112.0,4071313.0,EUR,4750014.0,-0.022820001,0.474,2.3839662,-0.05,,155115.0,0.047,1163335.0,5740183.0,1.732,0.043130003,-0.08078,-333319.0,0.37932998
KLAVENESS COMBINATION CARRIERS,NO0010833262,Oslo Bors,Compartment B,Norway,KCC.OL,Marine Shipping,Industrials,,0.171,3.99,10.35,16.722847,8.341255,39992.0,5294610944.0,NOK,5511687680.0,0.14013,58.753555,1.5199081,5.34,10.705823,52047000.0,0.878,269124000.0,238455008.0,4.019,0.04405,0.09206,86070000.0,0.21305001
KLEA HOLDING,FR0013481835,Euronext Growth Paris,Euronext Growth,France,ALKLH.PA,Diagnostics & Research,Healthcare,,-0.911,,,24.400002,,354069.0,74922480.0,EUR,76804496.0,0.118879996,0.089,2.741573,0.01,,3290000.0,0.011,5061000.0,20861000.0,0.068,0.05414,0.09137,9558000.0,0.15589
KMC PROPERTIES ASA,NO0013637181,Oslo Bors,Compartment B,Norway,NO0013637181.SG,,,,,,,,,,,EUR,,,,,,,,,,,,,,,
KME GROUP,IT0004552359,Euronext Milan,Compartment B,Italy,KME.MI,Copper,Basic Materials,,0.652,,2.91,,,428.0,254780832.0,EUR,286156832.0,-0.03562,0.826,1.0605327,-0.28,,106233000.0,0.459,138680000.0,1822808064.0,6.223,-0.00493,-0.25651,264559008.0,-0.00324
KOMPLETT ASA,NO0011016040,Oslo Bors,Compartment C,Norway,KOMPL.OL,Internet Retail,Consumer Cyclical,,1.798,,,,11.136363,107721.0,2147929344.0,NOK,2631929344.0,-0.041840002,11.766,1.0411355,-3.76,1.1,814000000.0,4.642,1298000000.0,15774999552.0,89.967,-0.0014,-0.28424,1163000064.0,0.0191
KONGSBERG AUTOMOTIVE,NO0003033102,Oslo Bors,Compartment B,Norway,KOA.OL,Auto Parts,Consumer Cyclical,3,0.709,,,,16.986229,1307390.0,2040095872.0,NOK,2143954560.0,-0.021710001,2.4243279,0.9054056,-0.23,0.12922232,79500000.0,0.086,197300000.0,727900032.0,0.758,-0.00065,-0.08186,404100000.0,0.03926
Koninklijke BAM Groep N.V.,NL0000337319,Euronext Amsterdam,Compartment B,Netherlands,BAMNB.AS,Engineering & Construction,Industrials,,0.595,2.55,2.64,24.219513,10.366643,1072182.0,2579057664.0,EUR,2397312768.0,0.019270001,3.404,2.9171565,0.41,0.95788,500600000.0,1.923,347400000.0,6685551104.0,25.532,0.029949998,0.11884,1859992960.0,0.028670002
KONINKLIJKE PORCELEYNE FLES,NL0000378669,Euronext Amsterdam,Compartment C,Netherlands,PORF.AS,Household & Personal Products,Consumer Defensive,,0.182,4.07,,42.647057,,819.0,14404836.0,EUR,31737414.0,0.03625,16.636,0.8716038,0.34,,455000.0,0.439,16356000.0,9849000.0,10.788,0.01672,0.02289,8637000.0,0.15511
KRAFT BANK ASA,NO0010815103,Euronext Growth Oslo,Euronext Growth,Norway,KRAB.OL,Banks - Regional,Financial Services,,0.391,,,9.419355,8.111112,32260.0,608083776.0,NOK,558537984.0,0.34347,12.069,1.2097108,1.55,1.8,102345000.0,2.437,47683000.0,189360992.0,4.509,0.014780001,0.1349,189360992.0,0.49887002
KRUSO KAPITAL,IT0005573800,Euronext Growth Milan,Euronext Growth,Italy,KK.MI,Credit Services,Financial Services,,-0.012,,,4.5555553,3.9518073,17100.0,40359736.0,EUR,,0.24595,2.264,0.7243816,0.36,0.415,8463000.0,,134688000.0,35682000.0,,0.041840002,0.16295,35682000.0,0.56512
KUMULUS VAPE,FR0013419876,Euronext Growth Paris,Euronext Growth,France,FR0013419876.SG,,,,,,,,,0.0,,EUR,,,,,,,,,,,,,,,
L.D.C.,FR001400SF56,Euronext Paris,Compartment A,France,LOUP.PA,Farm Products,Consumer Defensive,,0.472,1.65,1.93,12.743243,10.340298,1822.0,3275272192.0,EUR,3215162368.0,0.03777,68.461,1.3774266,7.4,9.11966,797718976.0,22.968,724049984.0,6788779008.0,196.057,0.04917,0.11326,2121339008.0,0.051939998
LABORATOIRES EUROMEDIS,FR0000075343,Euronext Growth Paris,Euronext Growth,France,ALEMG.PA,Medical Distribution,Healthcare,,0.561,,1.14,11.868422,10.333372,5463.0,12873268.0,EUR,5103999.0,-0.14191,5.796,0.7781229,0.38,0.43645,16105000.0,5.662,8410000.0,38594140.0,12.638,0.01324,-0.28348,1480590.0,-0.00259
LABORATORIO FARMACEUTICO ERFO,IT0005497885,Euronext Growth Milan,Euronext Growth,Italy,ERFO.MI,Packaged Foods,Consumer Defensive,,1.367,,,27.6,,72000.0,11761740.0,EUR,12411511.0,0.04729,0.93,1.483871,0.05,,1044957.0,0.123,1468527.0,7898757.0,0.927,0.046690002,0.06821,3155789.0,0.14682001
LACROIX GROUP,FR0000066607,Euronext Paris,Compartment C,France,LACR.PA,Scientific & Technical Instruments,Technology,,1.165,,2.63,,5.3149805,2137.0,64341188.0,EUR,174786368.0,-0.068330005,23.603,0.5804347,-3.74,2.57762,35865000.0,7.637,143216000.0,586883008.0,125.149,-0.024500001,-0.23061001,180452000.0,0.04681
L'AGENCE AUTOMOBILIERE S.A.,FR0014005WE9,Euronext Access Paris,Euronext Access,France,MLAA.PA,Auto & Truck Dealerships,Consumer Cyclical,,,,,,,48.0,2320000.0,EUR,,0.0,,,-0.03,,,,,,,,,,0.0
LANDI RENZO,IT0005619843,Euronext Milan,Compartment C,Italy,LNDR.MI,Auto Parts,Consumer Cyclical,,1.039,,,,-4.764913,14411.0,38930936.0,EUR,151951504.0,-0.11825,2.426,0.37304202,-1.47,-0.18993,15400000.0,0.684,143722000.0,279932000.0,12.44,-0.039100002,-0.51533,52554000.0,-0.09828
LANSON-BCC,FR0004027068,Euronext Growth Paris,Euronext Growth,France,ALLAN.PA,Beverages - Wineries & Distilleries,Consumer Defensive,,0.181,3.0,1.39,9.11043,7.640029,180.0,196945008.0,EUR,735152384.0,0.084630005,56.268,0.5278311,3.26,3.88742,5466000.0,0.824,543593024.0,259691008.0,39.145,0.02945,0.06038,119441000.0,0.11833999
LARGO,FR0013308582,Euronext Growth Paris,Euronext Growth,France,ALLGO.PA,Electronics & Computer Distribution,Technology,,0.253,,,,-8.31579,456.0,6670589.0,EUR,10992790.0,-0.06301,0.246,6.4227643,-0.73,-0.19,3882000.0,0.916,8180000.0,33781312.0,7.973,-0.0992,-1.46304,3201543.0,-0.12054
LATECOERE,FR001400JY13,Euronext Paris,Compartment B,France,LAT.PA,Aerospace & Defense,Industrials,,-0.005,,5.01,,,5543581.0,220849856.0,EUR,442649088.0,-0.02469,0.008,2.175,-0.0,0.0,40822000.0,0.003,252471008.0,731257024.0,0.059,0.01045,-0.17245,308884000.0,0.0094
LAURENT-PERRIER,FR0006864484,Euronext Paris,Compartment B,France,LPE.PA,Beverages - Wineries & Distilleries,Consumer Defensive,,0.01,2.36,1.53,11.51436,10.08091,428.0,516746304.0,EUR,751883072.0,0.1525,109.293,0.807005,7.66,8.74921,44740000.0,7.636,276360000.0,296449984.0,50.413,0.04086,0.07249,169410000.0,0.27594
LAVIDE HOLDING,NL0010545679,Euronext Amsterdam,Compartment C,Netherlands,LVIDE.AS,Shell Companies,Financial Services,,0.208,,,,,2159.0,4194154.0,EUR,3920456.0,0.0,0.014,34.357143,-0.11,,713698.0,0.082,440000.0,,,,,,0.0
LEBON,FR0000121295,Euronext Growth Paris,Euronext Growth,France,ALBON.PA,Asset Management,Financial Services,,0.542,3.02,7.28,178.2143,15.608139,488.0,112592864.0,EUR,260272640.0,0.00564,151.204,0.6600355,0.56,6.3941,15233000.0,13.459,158988000.0,114043000.0,100.659,0.0074299998,-0.0186,71376000.0,0.081520006
LECTRA,FR0000065484,Euronext Paris,Compartment A,France,LSS.PA,Software - Application,Technology,2,0.906,2.03,1.26,28.647058,16.308352,17100.0,740725120.0,EUR,811208576.0,0.05124,9.069,2.1479764,0.68,1.19448,65065000.0,1.711,111751000.0,506734016.0,13.353,0.027509999,0.069699995,369262016.0,0.06435
LEMON SISTEMI,IT0005573438,Euronext Growth Milan,Euronext Growth,Italy,LS.MI,Solar,Technology,,-0.009,,,13.681818,4.894309,29000.0,12980738.0,EUR,15511394.0,0.09494001,0.898,1.6759466,0.11,0.3075,349732.0,0.041,2930429.0,9862210.0,1.148,0.04393,0.12971,5119900.0,0.29281
LEONE FILM GROUP,IT0004973696,Euronext Growth Milan,Euronext Growth,Italy,LFG.MI,Entertainment,Communication Services,,0.427,,,,13.200001,300.0,18599592.0,EUR,83656592.0,-0.16363001,2.828,0.46676096,-0.49,0.1,7558000.0,0.536,72615000.0,41765000.0,2.964,-0.00225,-0.15796,46951000.0,0.12887
LEPERMISLIBRE S.A.,FR001400F2Z1,Euronext Growth Paris,Euronext Growth,France,ALLPL.PA,Personal Services,Consumer Cyclical,,0.321,,,,,282500.0,1882013.0,EUR,2597061.0,-0.25531998,-0.196,-0.46683675,-0.19,,560497.0,0.046,2004722.0,10453670.0,0.861,-0.21336001,,-1058367.0,-0.22292
LES HOTELS BAVEREZ,FR0007080254,Euronext Growth Paris,Euronext Growth,France,ALLHB.PA,Lodging,Consumer Cyclical,,0.051,0.41,0.4,28.100777,,400.0,172003936.0,EUR,156386608.0,0.111219995,19.835,3.6551552,2.58,,29400922.0,12.393,13783607.0,38217328.0,16.109,0.06111,0.09386,10861877.0,0.04284
LEXIBOOK LINGUIST.,FR0000033599,Euronext Growth Paris,Euronext Growth,France,ALLEX.PA,Leisure,Consumer Cyclical,,1.805,,,6.409091,8.952381,112.0,43785124.0,EUR,,0.08590999,3.143,1.7944639,0.88,0.63,,,,79812744.0,9.534,,,47852796.0,0.0767
LHYFE S.A.,FR0014009YQ1,Euronext Paris,Compartment B,France,LHYFE.PA,Specialty Chemicals,Basic Materials,,1.296,,,,-4.938319,45165.0,122563568.0,EUR,146480192.0,0.0,1.063,2.3988712,-0.77,-0.51637,65401000.0,1.366,89944000.0,8066000.0,0.169,-0.09762,-0.5373,5716000.0,-4.05906
LIFECARE ASA,NO0013355859,Oslo Bors,Compartment C,Norway,LIFE.OL,Medical Devices,Healthcare,,-0.594,,,,-0.11327883,3310503.0,79863064.0,NOK,47179060.0,0.0,-0.316,-1.3227848,-2.73,-3.69001,6035000.0,0.317,45892000.0,1825000.0,0.115,-0.83908,-3.1993601,1825000.0,-122.679695
LIGHTON,FR0013230950,Euronext Growth Paris,Euronext Growth,France,ALTAI.PA,Software - Infrastructure,Technology,,,,,,-6.510989,5900.0,38044220.0,EUR,29423742.0,-1.7138699,1.213,4.8845835,-0.99,-0.91,8896000.0,1.385,115000.0,3736000.0,0.649,,,-6100000.0,-1.8524699
LINDBERGH,IT0005469272,Euronext Growth Milan,Euronext Growth,Italy,LDB.MI,Integrated Freight & Logistics,Industrials,,0.592,,,36.090908,26.466665,1250.0,75434920.0,EUR,79965968.0,0.01915,1.008,7.876984,0.22,0.3,3067698.0,0.322,7540459.0,29397776.0,3.081,0.0653,0.24160999,5898810.0,0.10167
LINEDATA SERVICES,FR0004156297,Euronext Paris,Compartment B,France,LIN.PA,Software - Application,Technology,9,0.237,4.24,3.04,13.666667,7.414239,174.0,200996512.0,EUR,268572544.0,0.14179,23.618,1.7359641,3.0,5.5299,24570000.0,4.988,89711000.0,180604992.0,36.943,0.07261,0.21632999,58494000.0,0.13836001
LINK MOBILITY GROUP HOLDING,NO0010894231,Oslo Bors,Compartment B,Norway,LINK.OL,Telecom Services,Communication Services,,1.426,,,73.57143,11.303155,3635181.0,6083821056.0,NOK,7791438336.0,0.01195,18.869,1.0917379,0.28,1.8225,1032211968.0,3.389,2671517952.0,7083090944.0,23.155,0.024249999,0.01567,1148845952.0,0.05035
LISI,FR0000050353,Euronext Paris,Compartment A,France,FII.PA,Aerospace & Defense,Industrials,8,1.151,0.63,1.53,46.518517,24.109985,16479.0,2871013376.0,EUR,3397130496.0,0.03254,21.383,2.9369125,1.35,2.60473,255248000.0,5.583,774924032.0,1934212992.0,42.383,0.04388,0.0645,952276992.0,0.094799995
LITIX,IT0005600801,Euronext Growth Milan,Euronext Growth,Italy,LTX.MI,Specialty Industrial Machinery,Industrials,,,,,,,2000.0,5403096.0,EUR,5931287.0,-0.0298,0.632,1.278481,-0.02,,312817.0,0.047,808244.0,4533580.0,0.919,,,2010278.0,-0.00666
LLEIDA,ES0105089009,Euronext Growth Paris,Euronext Growth,Spain,ES0105089009.SG,,,,,,,,,0.0,,EUR,,,,,,,,,,,,,,,
LNA SANTE,FR0004170017,Euronext Paris,Compartment B,France,LNA.PA,Medical Care Facilities,Healthcare,7,0.603,2.47,1.7,12.008928,9.499292,1974.0,275860704.0,EUR,1120410880.0,0.02405,31.078,0.86556405,2.24,2.83179,67996000.0,6.626,903004992.0,863424000.0,84.298,0.027290002,0.06869,265267008.0,0.07369
LOCASYSTEM INTL,FR0004155208,Euronext Access Paris,Euronext Access,France,MLLOI.PA,Information Technology Services,Technology,,-0.376172,11.3,,,,37.0,5063873.0,EUR,6688847.0,-0.91962,11.555,1.1596711,-3.52,,,,,264864.0,0.701,-0.02378,-0.034649998,-272228.0,-1.13088
LOGIC INSTRUMENT,FR0000044943,Euronext Growth Paris,Euronext Growth,France,ALLOG.PA,Computer Hardware,Technology,,0.578,,,9.888888,7.12,21572.0,19584944.0,EUR,15543962.0,0.04934,0.879,2.0250285,0.18,0.25,4961794.0,0.546,4344107.0,32643724.0,3.595,0.06387,0.23175,5972802.0,0.07967
LOKOTECH GROUP AS,NO0010921299,Euronext Growth Oslo,Euronext Growth,Norway,LOKO.OL,Software - Infrastructure,Technology,,0.085,,,,,942780.0,427160736.0,NOK,377638112.0,0.0,0.217,3.124424,-0.07,,54657916.0,0.087,0.0,8936064.0,0.014,-0.16979,-0.31896,-5555445.0,-3.48964
LOMBARD ET MEDOT,FR0006205019,Euronext Access Paris,Euronext Access,France,MLCAC.PA,Beverages - Wineries & Distilleries,Consumer Defensive,,0.342627,,,100.71429,,6.0,6895450.0,EUR,6112975.0,0.00419,28.024,0.50314015,0.14,,,,,43058560.0,88.047,0.02162,0.01119,4540796.0,0.043130003
LONGINO&CARDENAL,IT0005337073,Euronext Growth Milan,Euronext Growth,Italy,LON.MI,Food Distribution,Consumer Defensive,,0.152,,,,8.2,1500.0,5125000.0,EUR,10004579.0,-0.03979,0.534,1.5355805,-0.24,0.1,1576634.0,0.252,7609005.0,37092624.0,5.935,-0.0152900005,-0.51459,5970914.0,-0.03413
LOUIS HACHETTE GROUP,FR001400TL40,Euronext Growth Paris,Euronext Growth,France,ALHG.PA,Specialty Business Services,Industrials,,,3.57,,42.7,15.598173,1610576.0,1693684608.0,EUR,6866880512.0,0.00415,2.238,0.7631814,0.04,0.1095,398000000.0,0.401,5040999936.0,9402000384.0,9.478,0.02441,0.03618,5107999744.0,0.03461
LUCIBEL,FR0014013HG9,Euronext Growth Paris,Euronext Growth,France,ALUCI.PA,Electrical Equipment & Parts,Industrials,,0.041,,,,40.833332,2057.0,1632435.0,EUR,4076065.0,-0.30715,-4.313,-1.7041502,-12.09,0.18,232000.0,1.403,3093000.0,6251000.0,41.017,-0.21365999,-2.61402,2220000.0,-0.19344999
LUCISANO MEDIA GROUP,IT0004522162,Euronext Growth Milan,Euronext Growth,Italy,LMG.MI,Entertainment,Communication Services,,0.301,3.42,,2.897436,3.2011333,33600.0,16786648.0,EUR,45072648.0,0.11101,3.545,0.31875882,0.39,0.353,8429000.0,0.567,36679000.0,50988000.0,3.436,0.049510002,0.112749994,32819000.0,0.18986
LUMI GRUPPEN AS,NO0010927288,Euronext Growth Oslo,Euronext Growth,Norway,LUMI.OL,Education & Training Services,Consumer Defensive,,0.472,,,37.4,18.15534,704.0,1081624192.0,NOK,1528502144.0,0.03748,8.615,2.1706328,0.5,1.03,45342000.0,0.784,492220000.0,473608000.0,8.187,0.034879997,0.03627,229328000.0,0.11812
LUMIBIRD,FR0000038242,Euronext Paris,Compartment B,France,LBIRD.PA,Diagnostics & Research,Healthcare,10,0.912,,,47.083336,21.523811,18410.0,497687264.0,EUR,592145280.0,0.04896,8.902,2.5387552,0.48,1.05,71393000.0,3.242,165851008.0,219096992.0,9.949,0.03364,0.055069998,142698000.0,0.08853
LUVE,IT0005107492,Euronext Milan,Compartment B,Italy,LUVE.MI,Building Products & Equipment,Industrials,9,0.777,1.06,1.44,25.124224,19.338152,27534.0,898246464.0,EUR,1008943488.0,0.06067,11.822,3.421587,1.61,2.09172,365795008.0,16.473,469544000.0,590496000.0,26.58,0.03727,0.14527,227144000.0,0.09954
LYTIX BIOPHARMA AS,NO0010405780,Euronext Growth Oslo,Euronext Growth,Norway,NO0010405780.SG,,,,,,,,,0.0,,EUR,,,,,,,,,,,,,,,
M VEST WATER AS,NO0010976343,Euronext Growth Oslo,Euronext Growth,Norway,MVW.OL,Pollution & Treatment Controls,Industrials,,,,,,43.285713,15752.0,213891728.0,NOK,,-0.71851,0.988,6.133603,-0.67,0.14,,,8091000.0,26523000.0,0.811,-0.23989001,-0.60859,15562000.0,-0.65488
MAAT PHARMA,FR0012634822,Euronext Paris,Compartment C,France,MAAT.PA,Biotechnology,Healthcare,,0.218,,,,-2.2846754,87110.0,143815936.0,EUR,114824928.0,0.0,0.549,13.91621,-2.15,-3.34402,15038000.0,0.995,14405000.0,3922000.0,0.27,-0.38102,-1.8364301,2055000.0,-6.07705
MACOMPTA.FR,FR001400NQB6,Euronext Access Paris,Euronext Access,France,MLMCA.PA,Software - Application,Technology,,,2.1,,19.642857,,50.0,16558272.0,EUR,,0.0,,,0.28,,,,,,,,,,0.0
MAGILLEM DESIGN SERVICES,FR0010827741,Euronext Access Paris,Euronext Access,France,MLMGL.PA,Software - Application,Technology,,0.532849,3.44,,2.28,,102.0,,EUR,5387162.0,0.07713,3.715,0.92059225,1.5,,,,,8661000.0,19.453,,,5885000.0,0.06142
MAGIS,IT0005525347,Euronext Growth Milan,Euronext Growth,Italy,MGS.MI,Specialty Chemicals,Basic Materials,,0.677,9.2,,9.708738,12.562972,1382.0,58014800.0,EUR,55544840.0,0.10122,7.533,1.3274924,1.03,0.79599,11516918.0,1.979,8879600.0,81815768.0,15.337,0.111619994,0.21285,25553860.0,0.06282
MAGNORA,NO0010187032,Oslo Bors,Compartment B,Norway,MGN.OL,Utilities - Renewable,Utilities,,0.288,3.61,,,5.821243,55590.0,1361375360.0,NOK,1162075520.0,-0.24031,5.701,3.7361863,-0.17,3.6590123,192600000.0,3.013,600000.0,51600000.0,0.792,-0.08182,-0.061350003,53200000.0,-53.4
MAIRE,IT0004931058,Euronext Milan,Compartment A,Italy,MAIRE.MI,Engineering & Construction,Industrials,9,0.95,2.27,,20.538464,17.29312,988780.0,5236683264.0,EUR,5027126784.0,0.03686,1.97,8.13198,0.78,0.92638,1221902976.0,3.733,957249024.0,6909012992.0,21.102,0.02636,0.42023998,1337915008.0,0.04713
MAISON POMMERY & ASSOCIES,FR0000062796,Euronext Paris,Compartment C,France,POMRY.PA,Beverages - Wineries & Distilleries,Consumer Defensive,,0.266,7.08,3.8,75.0,38.793106,17304.0,99978472.0,EUR,864676544.0,0.00459,44.06,0.25533363,0.15,0.29,7674000.0,0.864,766931008.0,303779008.0,34.193,0.01578,0.00319,87067000.0,0.12542
MAISONS DU MONDE,FR0013153541,Euronext Paris,Compartment B,France,MDM.PA,Home Improvement Retail,Consumer Cyclical,4,1.075,,,,-3.059978,18297.0,55084500.0,EUR,705529600.0,-0.16975,10.43,0.13691275,-4.32,-0.46667,96299000.0,2.501,746131968.0,981102016.0,25.547,-0.00983,-0.33783,621307008.0,-0.05293
MAKING SCIENCE GROUP S.A.,ES0105463006,Euronext Growth Paris,Euronext Growth,Spain,ES0105463006.SG,,,,,,,,,0.0,,EUR,,,,,,,,,,,,,,,
MALIN CORPORATION PLC,IE00BVGC3741,Euronext Growth Dublin,Euronext Growth,Ireland,MLC.IR,Drug Manufacturers - Specialty & Generic,Healthcare,7,0.497,,,Infinity,-63.333332,28.0,32878876.0,EUR,81458480.0,0.0,10.228,0.74305826,0.0,-0.12,62100000.0,3.288,0.0,,,-0.00992,0.0,,0.0
MALTERIES FCO-BEL.,FR0000030074,Euronext Paris,Compartment B,France,MALT.PA,Beverages - Brewers,Consumer Defensive,,0.583,0.42,1.51,12.535005,,10.0,466224960.0,EUR,387487968.0,0.27915,680.066,1.3822188,74.99,,80403000.0,162.108,1666000.0,132521000.0,267.188,0.01085,0.1153,13226000.0,0.0365
MANITOU BF,FR0000038606,Euronext Paris,Compartment B,France,MTU.PA,Farm & Heavy Construction Machinery,Industrials,9,1.398,5.51,2.53,12.116402,8.171275,9753.0,876342144.0,EUR,1213632768.0,0.02884,24.442,0.9369119,1.89,2.8025,53724000.0,1.404,390915008.0,2523757056.0,65.755,0.04097,0.07793,443664000.0,0.05093
MAPS,IT0005364333,Euronext Growth Milan,Euronext Growth,Italy,MAPS.MI,Software - Application,Technology,,0.498,,,19.428572,8.947369,3700.0,35612120.0,EUR,,0.060310002,1.157,2.3509076,0.14,0.304,4433750.0,,15441094.0,31150456.0,,0.03502,0.07379,7127336.0,0.08438
MARE ENGINEERING GROUP,IT0005588626,Euronext Growth Milan,Euronext Growth,Italy,MARE.MI,Engineering & Construction,Industrials,,,0.46,,,7.848101,20939.0,71460048.0,EUR,107119520.0,-0.01544,2.668,1.3943028,-0.04,0.474,10592555.0,0.575,45607272.0,39672216.0,2.155,0.01363,-0.01051,15922144.0,-0.04476
MARE NOSTRUM,FR0013400835,Euronext Growth Paris,Euronext Growth,France,ALMAR.PA,Staffing & Employment Services,Industrials,,0.3,,,,,17195.0,3283440.0,EUR,15670034.0,-0.08306,-2.44,-0.19262294,-1.2,,9872000.0,1.303,21354000.0,109670000.0,14.478,-0.04126,,26488000.0,-0.053629998
MARIE BRIZARD WINE AND SPIRITS,FR0000060873,Euronext Paris,Compartment B,France,MBWS.PA,Beverages - Wineries & Distilleries,Consumer Defensive,,-0.379,,,55.8,39.857143,5395.0,312076352.0,EUR,268395568.0,0.031889997,1.92,1.453125,0.05,0.07,50726000.0,0.453,6923000.0,180080992.0,1.61,0.014880001,0.027090002,71103000.0,0.03457
MARKBASS,IT0005670960,Euronext Growth Milan,Euronext Growth,Italy,MARK.MI,Leisure,Consumer Cyclical,,,,,23.055555,,28000.0,21762600.0,EUR,,0.04543,,,0.09,,1004333.0,,5276911.0,13231050.0,,,,3685809.0,0.049650002
MARR,IT0003428445,Euronext Milan,Compartment B,Italy,MARR.MI,Food Distribution,Consumer Defensive,8,0.716,6.3,3.39,16.672415,13.246031,189301.0,618131712.0,EUR,870518400.0,0.01771,5.185,1.8649952,0.58,0.73003,210720000.0,3.312,466084992.0,2076739968.0,32.367,0.032509997,0.10963,430878016.0,0.046550002
"Martifer, SGPS, SA",PTMFR0AM0003,Euronext Lisbon,Compartment C,Portugal,MAR.LS,Engineering & Construction,Industrials,,0.635,4.8,,12.55,,1095.0,245438064.0,EUR,300196640.0,0.07182,0.754,3.3289125,0.2,,52841268.0,0.54,104728952.0,270742912.0,2.769,0.046880003,0.25946,127595120.0,0.08474
MARZOCCHI POMPE,IT0004376858,Euronext Growth Milan,Euronext Growth,Italy,MARP.MI,Specialty Industrial Machinery,Industrials,,0.169,,,,,8000.0,14467390.0,EUR,25907394.0,-0.04756,3.214,0.70317364,-0.27,,5665071.0,0.877,16977950.0,37062092.0,5.739,-0.01846,-0.08064,17889436.0,-0.02826
MASI AGRICOLA,IT0004125677,Euronext Growth Milan,Euronext Growth,Italy,MASI.MI,Beverages - Wineries & Distilleries,Consumer Defensive,,-0.016,,,,88.906525,2310.0,144037184.0,EUR,56205096.0,-0.0182,55.493,0.0807309,-0.03,0.05039,6400747.0,2.721,47312504.0,65947020.0,4.617,0.0064700004,-0.0074199997,17541332.0,0.05625
MÅSØVAL AS,NO0010974983,Euronext Growth Oslo,Euronext Growth,Norway,MAS.OL,Farm Products,Consumer Defensive,,0.553,,,,13.043478,7584.0,2940203008.0,NOK,5346121728.0,-0.02668,14.758,1.6262366,-0.84,1.84,16622000.0,0.136,2395859968.0,2481640960.0,20.364,0.0065200003,-0.03707,984043008.0,0.0089300005
MASTRAD,FR0004155687,Euronext Growth Paris,Euronext Growth,France,ALMAS.PA,Household & Personal Products,Consumer Defensive,,0.582,,,,,284715.0,1026897.0,EUR,1819082.0,-2.01403,0.006,0.96666664,-0.02,,72000.0,0.001,1413000.0,784000.0,0.01,-0.24417,-1.18366,-504000.0,-2.1596
MATERIALISE NV,BE0974501331,Euronext Brussels,Compartment B,Belgium,MTLS.BR,Software - Application,Technology,,1.16,,,59.875,,1691.0,282720192.0,EUR,215107936.0,0.01683,4.257,1.1252055,0.08,,132022000.0,2.235,64278000.0,263148992.0,4.455,0.0070700003,0.017719999,148536000.0,0.03806
MATICA FINTEC,IT0005388449,Euronext Growth Milan,Euronext Growth,Italy,MFT.MI,Computer Hardware,Technology,,0.864,,,9.973684,,9900.0,65494404.0,EUR,23552532.0,0.09333,1.618,1.171199,0.19,,3001081.0,0.274,5825797.0,21797808.0,1.993,0.06202,0.12113,14707834.0,0.11818
MATVAREEXPRESSEN AS,NO0013008664,Euronext Growth Oslo,Euronext Growth,Norway,MVE.OL,Internet Retail,Consumer Cyclical,,,,,35.976788,26.724138,251.0,225795264.0,NOK,,0.0,,,5.17,6.96,,,,,,,,,0.0
MAUNA KEA TECHNOLOGIES S.A.,FR0010609263,Euronext Growth Paris,Euronext Growth,France,ALMKT.PA,Medical Devices,Healthcare,,1.277,,,,-1.48,2163826.0,28430398.0,EUR,44004908.0,-1.27027,-0.369,-0.40108404,-0.28,-0.1,663000.0,0.008,32866000.0,8177000.0,0.111,-0.20881,,7141000.0,-0.69263
MAUREL ET PROM,FR0000051070,Euronext Paris,Compartment A,France,MAU.PA,Oil & Gas E&P,Energy,6,0.215,4.4,2.83,7.823232,7.8869653,171680.0,1540579328.0,EUR,1380847104.0,0.34438,5.0712714,1.5272304,0.99,0.982,292934016.0,1.473,141495008.0,684958976.0,3.438,0.06737,0.21358,684958976.0,0.32861
MAZARO,BE0974404361,Euronext Access Brussels,Euronext Access,Belgium,MLMAZ.BR,Auto Parts,Consumer Cyclical,,,,,,,646.0,2339285.0,EUR,,0.0,,,-0.34,,,,,,,,,,0.0
MEDIA 6,FR0000064404,Euronext Paris,Compartment C,France,EDI.PA,Business Equipment & Supplies,Industrials,,-0.231,,2.32,,,1.0,19933452.0,EUR,36757444.0,-0.05736,9.689,0.8669625,-1.97,,3760000.0,1.584,20585000.0,81438000.0,34.318,-0.038310003,-0.17944999,8399000.0,-0.01561
MEDIA LAB,IT0005324105,Euronext Access Paris,Euronext Access,Italy,MLLAB.PA,Health Information Services,Healthcare,,0.533995,,,17.777777,,15.0,7584000.0,EUR,,0.05375,0.578,5.536332,0.18,,,,,1256062.0,,0.040510003,0.0673,271946.0,0.084259994
MEDIAN TECHNOLOGIES,FR0011049824,Euronext Growth Paris,Euronext Growth,France,ALMDT.PA,Medical Devices,Healthcare,,0.497,,,,-10.728323,860015.0,170243456.0,EUR,124660024.0,-0.94039,-2.081,-2.229697,-1.16,-0.4325,4426000.0,0.228,39027000.0,23384000.0,1.231,-0.4414,,2579000.0,-0.81611
MEDINCELL S.A.,FR0004065605,Euronext Paris,Compartment B,France,MEDCL.PA,Biotechnology,Healthcare,9,1.06,,,,40.840675,67724.0,803439552.0,EUR,832430848.0,-0.61494,-0.925,-25.902702,-0.61,0.58667,53502000.0,1.616,73588000.0,32439000.0,1.026,-0.09158,,32439000.0,-0.46738
MEDISTIM,NO0010159684,Oslo Bors,Compartment B,Norway,MEDI.OL,Medical Devices,Healthcare,,1.072,3.19,1.91,25.578405,22.013275,67053.0,3636345344.0,NOK,3499986432.0,0.21508,22.908,8.686921,7.78,9.04,157662000.0,8.628,21303000.0,662177024.0,36.214,0.21069999,0.34583,536547008.0,0.24312
MELHUS SPAREBANK,NO0006001908,Oslo Bors,Compartment C,Norway,MELG.OL,Banks - Regional,Financial Services,,,6.62,7.13,12.903226,13.995801,387.0,554349376.0,NOK,,0.41672,551.226,0.36282757,15.5,14.29,332137984.0,,2517293056.0,336299008.0,,0.01211,0.08582,336299008.0,0.50131
MEMSCAP REGPT,FR0010298620,Euronext Paris,Compartment C,France,MEMS.PA,Semiconductor Equipment & Materials,Technology,,0.387,,,48.649998,9.73,13868.0,36976048.0,EUR,,0.07458,2.437,1.9963068,0.1,0.5,,,,11987000.0,,,,4958000.0,0.09842
MERSEN,FR0000039620,Euronext Paris,Compartment B,France,MRN.PA,Electrical Equipment & Parts,Industrials,5,1.331,3.38,2.7,13.618091,9.406065,21784.0,659831104.0,EUR,1137004288.0,0.040159997,32.538,0.8328724,1.99,2.88112,161600000.0,6.637,609200000.0,1230000000.0,50.646,0.04125,0.059510004,364400000.0,0.09486
MET.EXTRA GROUP,IT0005481855,Euronext Milan,Compartment C,Italy,MET.MI,Asset Management,Financial Services,,0.69,,,2.9714284,,2757.0,9974656.0,EUR,15772415.0,0.057690002,7.512,0.2768903,0.7,,1737000.0,0.412,8744000.0,50823000.0,12.061,0.06856,0.118999995,8301000.0,0.105909996
METAVISIO (THOMSON COMPUTING),FR00140066X4,Euronext Growth Paris,Euronext Growth,France,ALTHO.PA,Computer Hardware,Technology,,,,,,,301660354.0,1796423.0,EUR,,0.0,,,-0.11,,,,,,,,,,0.0
METHANOR,FR0011217710,Euronext Growth Paris,Euronext Growth,France,ALMET.PA,Utilities - Diversified,Utilities,,0.203,,2.82,4.0,10.086956,891.0,5596833.0,EUR,5002500.0,89.161446,5.829,0.39800993,0.58,0.23,594773.0,0.247,440.0,15571.0,0.006,,,-76716.0,-8.24412
METRIKS AI,IT0005651481,Euronext Growth Milan,Euronext Growth,Italy,MTK.MI,Software - Application,Technology,,,,,115.00001,17.25,2000.0,33699640.0,EUR,28311868.0,0.03115,0.658,5.243161,0.03,0.2,5504870.0,0.621,3195475.0,744907.0,,0.06666,0.54207003,581504.0,0.17202999
METROPOLE TV,FR0000053225,Euronext Paris,Compartment A,France,MMT.PA,Broadcasting,Communication Services,9,0.701,10.83,5.46,9.844828,8.803441,372248.0,1436670592.0,EUR,1387539712.0,0.11409,9.75,1.171282,1.16,1.29722,179200000.0,1.426,100900000.0,1287600000.0,10.238,0.070700005,0.115480006,346300000.0,0.15878999
MEVIM,IT0005586950,Euronext Growth Milan,Euronext Growth,Italy,MEV.MI,Real Estate Services,Real Estate,,0.311,,,,,32676.0,459486.0,EUR,,-0.32073003,,,-0.49,,112121.0,,538252.0,5807858.0,,-0.12515001,-0.56716,493017.0,-0.43569002
MEXEDIA S.P.A,IT0005450819,Euronext Growth Paris,Euronext Growth,Italy,ALMEX.PA,Telecom Services,Communication Services,,-1.081,,,,,23401.0,69453304.0,EUR,68927000.0,-0.17415,6.425,1.8988326,-3.07,,613000.0,0.108,0.0,138640992.0,24.323,-0.079569995,-0.48861998,9692000.0,0.01248
MFE B,NL0015001OJ9,Euronext Milan,Compartment A,Netherlands,MFEB.MI,Broadcasting,Communication Services,,1.064,6.87,8.55,9.390476,8.28972,302814.0,2756349952.0,EUR,,0.09899,5.112,0.771518,0.42,0.47577,,,2851599872.0,2877199872.0,5.244,0.03744,0.0921,872300032.0,-0.088190004
MG INTERNATIONAL,FR0010204453,Euronext Growth Paris,Euronext Growth,France,ALMGI.PA,Security & Protection Services,Industrials,,0.626,,,,,3065.0,12384113.0,EUR,11093445.0,-0.00411,6.56,0.36585367,-0.04,,5028674.0,0.975,3738009.0,49108128.0,9.517,,,6806246.0,0.035639998
MGI DIGITAL GRAPHI,FR0010353888,Euronext Growth Paris,Euronext Growth,France,ALMDG.PA,Computer Hardware,Technology,,0.428,,,54.86666,7.5517054,9650.0,50751364.0,EUR,32356556.0,0.14939,23.103,0.35623077,0.15,1.08982,29420000.0,4.814,11550000.0,83655000.0,13.687,,,47482000.0,0.02341
MIGUET ET ASSOCIES,FR0010500363,Euronext Access Paris,Euronext Access,France,MLNMA.PA,Financial Data & Stock Exchanges,Financial Services,,1.438,,2.1,,,1000.0,1090080.0,EUR,1119798.0,-0.51623,0.09,1.111111,-0.156,,4372.0,0.0,34094.0,148340.0,0.014,-0.0083,-0.075229995,-19570.0,-0.54626
MIKO,BE0003731453,Euronext Brussels,Compartment C,Belgium,MIKO.BR,Packaged Foods,Consumer Defensive,,0.08,3.17,1.44,21.362007,11.732284,252.0,74023200.0,EUR,156300112.0,0.0117999995,99.888,0.59666824,2.79,5.08,17819000.0,14.34,98434000.0,293979008.0,236.634,0.01847,0.028789999,150452992.0,0.03855
MILIBOO,FR0013053535,Euronext Growth Paris,Euronext Growth,France,ALMLB.PA,"Furnishings, Fixtures & Appliances",Consumer Cyclical,,0.727,,,,36.6,501.0,12577711.0,EUR,12404711.0,-0.00659,0.949,1.9283457,-0.04,0.05,2680000.0,0.39,2507000.0,38982000.0,5.672,-0.0223,-0.03865,7074000.0,-0.01518
MINCON GROUP PLC,IE00BD64C665,Euronext Growth Dublin,Euronext Growth,Ireland,MCON.L,Tools & Accessories,Industrials,7,0.199,3.63,3.07,25.25,14.890517,3235.0,107298568.0,GBp,130654568.0,0.02961,0.5974117,84.53132,0.02,0.0339142,11175000.0,0.053,34531000.0,150398000.0,0.708,0.03382,0.03383,44875000.0,0.053340003
MINT,FR0004172450,Euronext Growth Paris,Euronext Growth,France,ALMIN.PA,Utilities - Renewable,Utilities,,0.874,,,18.774195,8.953847,1986.0,34687876.0,EUR,5000455.0,0.021860002,5.457,1.0665201,0.31,0.65,38864112.0,6.521,9176692.0,86342752.0,14.487,0.03602,0.056599997,13690498.0,0.03263
MISITANO & STRACUZZI,IT0005603078,Euronext Growth Milan,Euronext Growth,Italy,MS.MI,Packaged Foods,Consumer Defensive,,,5.88,,10.805555,28.60294,1521.0,65285484.0,EUR,,0.07062,,,0.18,0.068,27843064.0,,64681816.0,77829640.0,,0.05266,0.22981001,17448872.0,0.06455
MIT SIM,IT0005427510,Euronext Growth Milan,Euronext Growth,Italy,MTS.MI,Asset Management,Financial Services,,-0.255,,,,6.071429,800.0,3536867.0,EUR,2085248.0,-0.03093,1.374,1.2372636,-0.06,0.28,1646556.0,0.791,194939.0,3957736.0,1.902,-0.02733,-0.04188,3132808.0,-0.1246
MKB Nedsense N.V.,NL0009312842,Euronext Amsterdam,Compartment C,Netherlands,NEDSE.AS,Software - Application,Technology,,0.476,48.33,,,,46420.0,9800000.0,EUR,7740000.0,0.0,0.087,1.1264368,-0.01,,2060000.0,0.021,0.0,-552000.0,-0.006,-0.04602,-0.06162,-578000.0,1.29916
MOLTIPLY GROUP,IT0004195308,Euronext Milan,Compartment A,Italy,MOL.MI,Credit Services,Financial Services,8,1.367,0.37,1.08,25.346155,12.183309,79707.0,1254428160.0,EUR,1730175872.0,0.08162,7.804,4.2221937,1.3,2.70452,142090000.0,3.8,639921024.0,620076992.0,12.466,0.05662,0.15329,264842000.0,0.15633
MON COURTIER ENERGIE GROUPE S.A.,FR001400H3A0,Euronext Growth Paris,Euronext Growth,France,ALMCE.PA,Specialty Business Services,Industrials,,1.12,,,1.6917293,7.7586207,7.0,15892740.0,EUR,8483111.0,0.033299997,3.053,1.47396,2.66,0.58,8130000.0,2.302,774000.0,27601000.0,7.546,0.04427,0.091359995,4183000.0,0.10074
MONCEY (FIN.) NOM.,FR001400SU99,Euronext Paris,Compartment A,France,FMONC.PA,Asset Management,Financial Services,,0.503,0.24,0.33,263.63635,,44.0,2162576384.0,EUR,2167901184.0,0.0,104.677,1.1081709,0.44,,13318000.0,0.714,0.0,,,-0.00021,0.00445,-618000.0,0.0
MONDADORI EDIT,IT0001469383,Euronext Milan,Compartment B,Italy,MN.MI,Publishing,Communication Services,7,0.658,7.0,6.8,10.075001,8.193389,377323.0,523895296.0,EUR,756332608.0,0.056399997,1.268,1.5891168,0.2,0.24593,58082000.0,0.224,294999008.0,933358016.0,3.583,0.041989997,0.16653,306713984.0,0.22760999
MONDO TV,IT0001447785,Euronext Milan,Compartment C,Italy,MTV.MI,Entertainment,Communication Services,,1.191,,,,0.70250005,2725456.0,5124138.0,EUR,9396277.0,0.0,-0.003,-18.733334,-0.35,0.08,638000.0,0.009,7780000.0,7167000.0,0.109,-0.40243,-2.7854002,5419000.0,-18.76756
MONDO TV France,FR0014011ND8,Euronext Growth Paris,Euronext Growth,France,MTVFR.MI,Entertainment,Communication Services,,0.644,,,,,45500.0,1040937.0,EUR,1377435.0,-2.05711,0.034,0.6470588,-0.1,,35373.0,0.001,402228.0,2167282.0,0.046,0.01857,-1.15517,1490979.0,-1.12762
MONNALISA,IT0005338139,Euronext Growth Milan,Euronext Growth,Italy,MNL.MI,Apparel Manufacturing,Consumer Cyclical,,-0.508,,,,-1.9545455,7900.0,4503219.0,EUR,27372124.0,-0.26736,1.139,0.7550483,-1.45,-0.44,1156562.0,0.222,24040380.0,33273410.0,6.349,0.00735,-0.75585,10822084.0,-0.13617
MOPOLI,NL0000488153,Euronext Brussels,Compartment C,Netherlands,MOP.BR,Asset Management,Financial Services,,-0.046,26.04,,23.255814,,4.0,21783760.0,EUR,-5505920.0,0.0,555.416,0.414104,9.89,,27171000.0,288.452,0.0,,,-0.00282,0.03006,,0.0
MORELD,NO0013325506,Oslo Bors,Compartment B,Norway,MORLD.OL,Oil & Gas Equipment & Services,Energy,,,10.26,,10.389937,6.9704647,58812.0,2911599104.0,NOK,4682814976.0,0.028959999,4.427,3.7316468,1.59,2.37,1090859008.0,6.104,2822170880.0,9828694016.0,54.9,0.07913,0.38249,2677181952.0,0.02944
MOTA ENGIL,PTMEN0AE0005,Euronext Lisbon,Compartment A,Portugal,EGL.LS,Engineering & Construction,Industrials,9,1.035,3.03,3.93,11.704546,10.0672455,2986920.0,1579896064.0,EUR,4687429632.0,0.02227,0.654,7.874618,0.44,0.51156,473371008.0,1.543,3067614976.0,5963764224.0,19.798,0.045700002,0.36256,4485715968.0,0.110089995
MOULINVEST,FR0011033083,Euronext Growth Paris,Euronext Growth,France,ALMOU.PA,Lumber & Wood Production,Basic Materials,,0.975,1.32,,20.487804,10.677967,1705.0,76258960.0,EUR,79955952.0,0.036510002,23.882,1.0551881,1.23,2.36,22030000.0,7.28,24866000.0,95428000.0,31.534,0.02331,0.0521,27388000.0,0.05908
MOURY CONSTRUCT,BE0003602134,Euronext Brussels,Compartment B,Belgium,MOUR.BR,Engineering & Construction,Industrials,,0.323,1.79,2.35,10.962732,,116.0,279385376.0,EUR,164380976.0,0.11946999,335.775,2.1025984,64.4,,117263000.0,296.621,2538000.0,213278000.0,539.091,0.08573,0.20611,52723000.0,0.14483
MPC CONTAINER SHIPS,NO0010791353,Oslo Bors,Compartment B,Norway,MPCC.OL,Marine Shipping,Industrials,9,0.329,14.38,,3.6222427,7.335484,2877415.0,8743113728.0,NOK,8861711360.0,0.48576,19.422743,1.0145323,5.44,2.6862576,409171008.0,0.922,523166016.0,520799008.0,1.174,0.10954001,0.29628,311900000.0,0.39014
MPC ENERGY SOLUTIONS N.V.,NL0015268814,Euronext Growth Oslo,Euronext Growth,Netherlands,MPCES.OL,Utilities - Renewable,Utilities,,0.827,,,,35.465515,37606.0,300375008.0,NOK,361195008.0,-1.4449,20.003235,0.6748908,-7.73,0.38065147,14710000.0,0.661,75530000.0,10917000.0,0.491,-0.01118,-0.29001,7666000.0,0.32825002
MR BRICOLAGE,FR0004034320,Euronext Growth Paris,Euronext Growth,France,ALMRB.PA,Home Improvement Retail,Consumer Cyclical,,0.206,,4.29,5.89011,3.9703703,2169.0,57812592.0,EUR,83537368.0,0.03637,13.372,0.4008376,0.91,1.35,48020000.0,4.668,76415000.0,287052000.0,27.968,0.02881,0.07077,117083000.0,0.055170003
MULTICONSULT,NO0010734338,Oslo Bors,Compartment B,Norway,MULTI.OL,Engineering & Construction,Industrials,,0.218,3.21,5.0,16.64859,10.4651785,8927.0,4229812736.0,NOK,5697059840.0,0.044710003,43.072,3.5638003,9.22,14.66769,113541000.0,4.12,1538834944.0,5657269760.0,206.246,0.06041,0.20145,1360004992.0,0.05282
MUNIC,FR0013462231,Euronext Growth Paris,Euronext Growth,France,ALMUN.PA,Software - Infrastructure,Technology,,0.129,,,,-30.000002,7135.0,5528539.0,EUR,7838004.0,0.01658,1.216,0.49342108,-0.04,-0.02,1920638.0,0.211,4308936.0,13957646.0,1.527,-0.02754,0.02118,5671028.0,-0.06631
"MUTTER VENTURES, S.A.",ES0105697009,Euronext Access Paris,Euronext Access,Spain,MLMUT.PA,Shell Companies,Financial Services,,,,,,,1.0,16896356.0,EUR,,0.0,,,-0.07,,,,,,,,,,0.0
MYHOTELMATCH,FR001400IE67,Euronext Paris,Compartment C,France,MHM.PA,Travel Services,Consumer Cyclical,,0.459,,,,-0.19833332,3805.0,849037.0,EUR,3063176.0,0.0,-0.907,-0.26240352,-0.14,-1.2,3000.0,0.001,2209000.0,62000.0,0.017,-0.109469995,,59000.0,-10.46774
NACON,FR0013482791,Euronext Paris,Compartment C,France,NACON.PA,Electronic Gaming & Multimedia,Communication Services,,0.226,,,,2.0,1432173.0,30520480.0,EUR,165225312.0,-0.02063,2.613,0.10715653,-0.03,0.14,16475000.0,0.152,141591008.0,169008992.0,1.562,-0.00366,-0.012200001,109781000.0,-0.01066
NANOBIOTIX,FR0011341205,Euronext Paris,Compartment B,France,NANO.PA,Biotechnology,Healthcare,8,0.405,,,,-80.17544,216149.0,1105664768.0,EUR,1124124544.0,0.0,-1.43,-15.979022,-1.09,-0.285,28818000.0,0.598,51240000.0,10159000.0,0.214,-0.41643003,,10159000.0,0.0306
NAPATECH,DK0060520450,Oslo Bors,Compartment C,Denmark,NAPA.OL,Communication Equipment,Technology,,0.365,,,,-242.30771,141205.0,3467353344.0,NOK,3066998784.0,-0.71165,2.3169541,13.595435,-1.38,-0.13,117655000.0,1.177,34968000.0,133231000.0,1.208,-0.22722,-0.50573003,93400000.0,-0.27695
NAVAMEDIC,NO0010205966,Oslo Bors,Compartment C,Norway,NAVA.OL,Medical Distribution,Healthcare,,0.168,,,,14.965035,6445.0,513201472.0,NOK,,-0.04163,12.267,1.7445178,-1.83,1.43,74157000.0,,208223008.0,565358976.0,,0.0168,-0.085480005,220320000.0,-0.00795
NEDAP,NL0000371243,Euronext Amsterdam,Compartment B,Netherlands,NEDAP.AS,Information Technology Services,Technology,,0.365,3.67,5.09,27.4613,16.863117,2922.0,584402176.0,EUR,601898496.0,0.08106,11.134,7.9665885,3.23,5.26,2700000.0,0.409,19129000.0,262424000.0,39.794,0.13077,0.29056,190467008.0,0.10896
NEKKAR,NO0003049405,Oslo Bors,Compartment C,Norway,NKR.OL,Specialty Industrial Machinery,Industrials,,0.445,,,,7.2797933,161662.0,1374634368.0,NOK,1324839680.0,-0.07166,3.016,4.6584883,-0.34,1.93,149556992.0,1.524,23698000.0,571086976.0,4.745,-0.0135699995,-0.08071999,247372992.0,0.08743
NEL,NO0010081235,Oslo Bors,Compartment A,Norway,NEL.OL,Specialty Industrial Machinery,Industrials,1,1.364,,,,-7.93941,1803650.0,3911348736.0,NOK,2394401024.0,-0.4375,2.608,0.81595093,-0.26,-0.26803,1756614016.0,0.956,239751008.0,1048187008.0,0.594,-0.05703,-0.09417,613472000.0,-0.34518
NEODECORTECH,IT0005275778,Euronext Milan,Compartment C,Italy,NDT.MI,Paper & Paper Products,Basic Materials,,0.782,4.03,,7.0769234,7.6269436,2678.0,50769360.0,EUR,84388160.0,0.03817,6.18,0.5954693,0.52,0.4825,10267000.0,0.76,45017000.0,187840992.0,13.635,0.034679998,0.08712,69493000.0,0.0669
NEOLIFE,FR0011636083,Euronext Growth Paris,Euronext Growth,France,ALNLF.PA,"Furnishings, Fixtures & Appliances",Consumer Cyclical,,0.592,,,Infinity,,64160.0,5762977.0,EUR,,-0.03898,0.045,1.3288888,0.0,,,,,13431125.0,0.139,-0.042140003,-0.11474,2312179.0,-0.05617
NEOVACS,FR0014010856,Euronext Growth Paris,Euronext Growth,France,ALNEV.PA,Biotechnology,Healthcare,,-23.04,,,,0.015999999,49381429.0,762.0,EUR,132914.0,0.0,39.632,4.0371415e-05,-221.36,0.1,38511.0,0.081,170663.0,199267.0,0.418,-0.10657,-0.2323,-2907859.0,-16.83642
NETGEM,FR0004154060,Euronext Growth Paris,Euronext Growth,France,ALNTG.PA,Communication Equipment,Technology,,0.503,6.98,7.73,14.04,9.36,24748.0,23492554.0,EUR,20645384.0,0.04685,0.706,0.99433434,0.05,0.075,5111000.0,0.153,2248000.0,32445000.0,0.969,0.028870001,0.06347,22864000.0,0.03264
NETMEDIA GROUP,FR001400RF99,Euronext Growth Paris,Euronext Growth,France,ALNMG.PA,Advertising Agencies,Communication Services,,-0.233,,,,,111523.0,3428616.0,EUR,7263952.0,-0.08324,0.694,1.2334294,-0.5,,823000.0,0.196,4719000.0,19041000.0,4.54,0.00879,-0.85161,8571000.0,0.0222
NEUFCOUR-FIN.,BE0003680916,Euronext Access Brussels,Euronext Access,Belgium,MLNEU.BR,Real Estate Services,Real Estate,,0.494,,,,,360.0,4068400.0,EUR,4791400.0,0.0,17.977,0.6230183,-0.56,,464000.0,1.277,1187000.0,,,-0.021979999,-0.03066,-10966.0,-0.052249998
NEURONES,FR0004050250,Euronext Paris,Compartment B,France,NRO.PA,Information Technology Services,Technology,8,0.561,3.77,0.38,17.091347,16.15909,12632.0,864789824.0,EUR,650947264.0,0.06097,15.287,2.3255053,2.08,2.2,288699008.0,11.89,41470000.0,832182016.0,34.28,0.06611,0.1464,401232000.0,0.0779
NEUROSOFT,GRS802003004,Euronext Growth Milan,Euronext Growth,Greece,NRST.MI,Information Technology Services,Technology,,1.005,,,9.916667,,15000.0,15222835.0,EUR,16656774.0,0.03978,0.329,1.8085108,0.06,,1291347.0,0.05,2725288.0,37692120.0,1.473,0.07441,0.19566,8489664.0,0.01508
New Sources Energy N.V.,NL0009822014,Euronext Amsterdam,Compartment C,Netherlands,NSE.AS,Utilities - Renewable,Utilities,,-0.362,,,,,24002.0,4596493.0,EUR,4782493.0,0.0,0.002,19.5,-0.01,,5000.0,0.0,191000.0,,,-7.11486,,,0.0
NEWPRINCES,IT0005385213,Euronext Milan,Compartment B,Italy,NWL.MI,Packaged Foods,Consumer Defensive,,0.494,,,9.699029,10.893091,64199.0,845247808.0,EUR,1286844672.0,0.03489,9.508,2.1013882,2.06,1.83419,737667968.0,16.994,1086376960.0,2680939008.0,61.04,0.02157,0.21449,485512000.0,0.04428
NEWTREE,BE0003832491,Euronext Access Brussels,Euronext Access,Belgium,NEWT.BR,Confectioners,Consumer Defensive,,0.782,,,,,2300.0,28715518.0,EUR,2526386.0,-0.13883,5.413,0.41381857,-0.21,,75515.0,0.07,170491.0,4757083.0,4.383,-0.06495,-0.1084,652905.0,0.14222999
NEXITY,FR0010112524,Euronext Paris,Compartment B,France,NXI.PA,Real Estate - Diversified,Real Estate,6,0.694,,9.93,,33.96154,105118.0,491809760.0,EUR,2148727552.0,-0.04968,31.614,0.27930662,-2.73,0.26,419464992.0,7.504,2011924992.0,3053533952.0,54.902,-0.0074199997,-0.07532,723913024.0,0.00023
NEXT BIOMETRICS GROUP,NO0010629108,Oslo Bors,Compartment C,Norway,NEXT.OL,Scientific & Technical Instruments,Technology,,0.733,,,,-3.992,252888.0,119620696.0,NOK,110630224.0,-0.63417,0.271,3.682657,-0.34,-0.25,7431000.0,0.065,3137000.0,65687000.0,0.57,-0.28393,-0.64715,42415000.0,-6.39139
NEXT GEOSOLUTIONS EUROPE,IT0005594418,Euronext Growth Milan,Euronext Growth,Italy,NXT.MI,Oil & Gas Equipment & Services,Energy,,,,,13.484849,9.709091,11500.0,640800000.0,EUR,579273408.0,0.22027999,3.491,3.8241193,0.99,1.375,83920304.0,1.748,22294748.0,215346304.0,4.486,0.14345,0.32946,100845040.0,0.29172
NEXTEDIA,FR0004171346,Euronext Growth Paris,Euronext Growth,France,ALNXT.PA,Advertising Agencies,Communication Services,,0.773,,,11.6,9.28,466424.0,17646252.0,EUR,16962456.0,0.02498,0.805,0.5763975,0.04,0.05,7023344.0,0.18,5662100.0,62043896.0,1.591,0.03783,0.06181,9151640.0,0.04487
NFL BIOSCIENCES S.A.,FR0014003XT0,Euronext Growth Paris,Euronext Growth,France,ALNFL.PA,Biotechnology,Healthcare,,1.317,,,,,32273.0,13686022.0,EUR,,0.0,0.099,10.909091,-0.28,,,,,164.0,0.0,,,-1546152.0,-13425.076
NICOX S.A.,FR0013018124,Euronext Growth Paris,Euronext Growth,France,ALCOX.PA,Biotechnology,Healthcare,,0.292,,,,-1.6416667,719205.0,40633496.0,EUR,37756188.0,0.0,-0.066,-5.969697,-0.38,-0.24,5705234.0,0.079,14846705.0,3315822.0,0.046,,,-10177997.0,-3.3766901
NIDAROS SPAREBANK,NO0010733082,Euronext Growth Oslo,Euronext Growth,Norway,NISB.OL,Banks - Regional,Financial Services,,0.167,5.15,5.68,11.169542,16.694992,386.0,124165488.0,NOK,419095392.0,0.27089,481.366,0.22855788,9.85,6.59,667881024.0,591.794,962811008.0,139604992.0,117.694,0.00753,0.0616,139604992.0,0.37623
NORAM DRILLING AS,NO0010360019,Euronext Growth Oslo,Euronext Growth,Norway,NORAM.OL,Oil & Gas Equipment & Services,Energy,,-0.061,9.11,,13.8267145,9.103875,177262.0,1659077632.0,NOK,1649718784.0,0.12678,13.294253,2.880944,2.77,4.207,9359000.0,0.216,0.0,101257000.0,2.339,0.10463,0.20086001,72077000.0,0.11686
NORBIT,NO0010856511,Oslo Bors,Compartment B,Norway,NORBT.OL,Scientific & Technical Instruments,Technology,,0.298,2.58,1.44,31.88291,21.414118,271764.0,12874342400.0,NOK,13432943616.0,0.16156,18.962,10.626516,6.32,9.40968,158900000.0,2.487,717500032.0,2502500096.0,39.257,0.14402,0.34135,1392499968.0,0.22551
NORCOD,NO0010892912,Euronext Growth Oslo,Euronext Growth,Norway,NCOD.OL,Farm Products,Consumer Defensive,,0.598,,,,,9090.0,822840192.0,NOK,848449088.0,-0.48053002,3.567,3.2800672,-4.42,,20385000.0,0.466,356791008.0,445324992.0,9.891,-0.16591999,-1.27113,71659000.0,-1.75819
NORCONSULT ASA,NO0013052209,Oslo Bors,Compartment B,Norway,NORCO.OL,Engineering & Construction,Industrials,,0.113,8.44,,18.802816,13.327786,398495.0,12427530240.0,NOK,13845530624.0,0.05705,10.035,3.9910314,2.13,3.005,1552000000.0,5.002,2969999872.0,11411000320.0,37.385,0.06599,0.23091999,2359000064.0,0.0648
NORDHEALTH AS A-AKSJER,NO0011002651,Euronext Growth Oslo,Euronext Growth,Norway,NO0011002651.SG,,,,,,,,,0.0,,EUR,,,,,,,,,,,,,,,
NORDIC AQUA PARTNERS AS,NO0012928805,Euronext Growth Oslo,Euronext Growth,Norway,NOAP.OL,Farm Products,Consumer Defensive,,-0.111,,,,176.37329,790.0,1688599936.0,NOK,1743246080.0,-1.5035001,35.58688,2.2367795,-9.63,0.4513155,4702000.0,0.222,76319000.0,12427000.0,0.594,-0.06624,-0.29930001,12462000.0,-0.71486
NORDIC FINANCIALS ASA,NO0013683409,Euronext Expand Oslo,Compartment C,Norway,NOFIN.OL,Utilities - Renewable,Utilities,,-0.395,,,,,65314.0,33877708.0,NOK,5431729.0,0.0,1.612,1.0671215,-3.68,,28446000.0,1.444,0.0,,,-0.41581002,-0.72065,,0.0
NORDIC HALIBUT AS,NO0003058109,Euronext Growth Oslo,Euronext Growth,Norway,NOHAL.OL,Farm Products,Consumer Defensive,,8.786,,,,9.41704,4253.0,1122237568.0,NOK,1335551616.0,-0.47681,12.151,1.7282528,-1.33,2.23,15459000.0,0.289,228772992.0,131707000.0,2.625,-0.02859,-0.11626001,153398000.0,0.14739999
NORDIC MINING,NO0013162693,Oslo Bors,Compartment C,Norway,NOM.OL,Other Industrial Metals & Mining,Basic Materials,,0.219,,,,7.8857145,204344.0,1196863360.0,NOK,2339530752.0,0.0,9.066,1.2177366,-1.33,1.4,329428992.0,3.039,1495947008.0,4774000.0,0.044,-0.086339995,-0.36555,-210215008.0,-124.172165
NORDIC TECHNOLOGY GROUP AS,NO0011018434,Euronext Growth Oslo,Euronext Growth,Norway,NTG.OL,Scientific & Technical Instruments,Technology,,-0.022,,,,,2578.0,383561344.0,NOK,434056352.0,0.0,1.48,1.3513514,-4.32,,4436000.0,0.031,75778000.0,45705000.0,0.315,,,57240000.0,-4.11777
NORSE ATLANTIC ASA,NO0012885252,Oslo Bors,Compartment B,Norway,NORSE.OL,Airlines,Industrials,,-0.155,,,,3.889719,422891.0,1043780672.0,NOK,1767082496.0,-0.09003,-15.311706,-0.41928706,-4.2,1.6505048,25514000.0,0.173,843705024.0,700828032.0,4.748,-0.01498,,143528992.0,0.01079
NORSK TITANIUM AS,NO0010969108,Euronext Growth Oslo,Euronext Growth,Norway,NTI.OL,Aerospace & Defense,Industrials,,-0.574,,,,-5.8627453,1095742.0,1231246592.0,NOK,594014464.0,0.0,0.32355377,3.6964488,-0.57,-0.204,12098000.0,0.024,6154000.0,5200000.0,0.009,-0.54254,-2.51141,-3453000.0,-8.11705
NORSKE SKOG,NO0010861115,Oslo Bors,Compartment B,Norway,NO0010861115.SG,,,,,,,,,0.0,,EUR,,,,,,,,,,,,,,,
North Atlantic Energies,FR0000120669,Euronext Paris,Compartment B,France,NAE.PA,Oil & Gas Refining & Marketing,Energy,10,-0.289,7.13,6.6,,,2005.0,532179584.0,EUR,-764120448.0,-0.00637,115.297,0.3590727,-7.33,,1312499968.0,102.104,16200000.0,14782100480.0,1149.948,-0.03704,-0.05012,172100000.0,-0.027
NORTH ENERGY,NO0010550056,Oslo Bors,Compartment C,Norway,NORTH.OL,Asset Management,Financial Services,,0.134,5.66,,,-2.7419355,1257112.0,298991552.0,NOK,188573568.0,0.0,2.838,0.89852005,-0.06,-0.93,193362000.0,1.649,82944000.0,90000.0,0.001,-0.046240002,-0.02178,90000.0,-324.2
NORWEGIAN AIR SHUTTLE,NO0010196140,Oslo Bors,Compartment B,Norway,NAS.OL,Airlines,Industrials,7,0.83,9.65,,7.0040164,8.325258,5788795.0,18351017984.0,NOK,26765367296.0,0.06688,7.283,2.3946178,2.49,2.09483,10512000000.0,9.962,18873999360.0,37395898368.0,37.554,0.061539996,0.33808,7824399872.0,0.24931
NORWEGIAN BLOCK EXCHANGE AS,NO0010984966,Euronext Growth Oslo,Euronext Growth,Norway,NBX.OL,Capital Markets,Financial Services,,1.265,,,,,582278.0,104422640.0,NOK,70526112.0,-1.42978,0.534,0.7209738,-0.14,,10188053.0,0.074,27952640.0,16252611.0,0.119,-0.11354999,-0.41435,2477762.0,-0.8887
NOS NOVA AS,NO0010917339,Euronext Growth Oslo,Euronext Growth,Norway,NO0010917339.SG,,,,,,,,,0.0,,EUR,,,,,,,,,,,,,,,
"NOS, SGPS, SA",PTZON0AM0006,Euronext Lisbon,Compartment A,Portugal,NOS.LS,Telecom Services,Communication Services,10,0.379,7.24,8.53,9.84,12.500318,776497.0,2517583872.0,EUR,4206288128.0,0.14185001,2.055,2.3941605,0.5,0.39359,8516000.0,0.017,1733123968.0,1784921984.0,3.493,0.05434,0.24535,1042864000.0,0.19673
NOTORIOUS PICTURES,IT0005025355,Euronext Growth Milan,Euronext Growth,Italy,NPI.MI,Entertainment,Communication Services,,0.412,,4.53,2.030303,4.161491,9200.0,14660860.0,EUR,61172492.0,0.02523,1.424,0.47050563,0.33,0.161,3433214.0,0.157,49944848.0,95521088.0,4.365,0.03209,0.08046,26292736.0,-0.058390003
"Novabase, SGPS - Nom.",PTNBA0AM0006,Euronext Lisbon,Compartment C,Portugal,NVQ.F,Information Technology Services,Technology,,0.234,14.67,11.33,44.04762,33.035713,2.0,350652256.0,EUR,348724000.0,0.06579,1.162,7.9604135,0.21,0.28,27427000.0,0.727,17393000.0,130346000.0,3.691,0.04691,0.13042,57832000.0,0.08449
NOVACYT,FR0010397232,Euronext Growth Paris,Euronext Growth,France,ALNOV.PA,Medical Devices,Healthcare,,1.081,,,,1.5346154,95123.0,28179872.0,EUR,15268620.0,-1.5630299,0.6646773,0.60029125,-0.47,0.26,23717000.0,0.336,10947000.0,19450000.0,0.275,-0.11101,-0.51219004,11222000.0,-0.64914
NOVAMARINE,IT0005605701,Euronext Growth Milan,Euronext Growth,Italy,NOVA.MI,Recreational Vehicles,Consumer Cyclical,,,0.5,,45.454544,29.411764,2000.0,124995000.0,EUR,127342360.0,0.099379994,2.071,4.828585,0.22,0.34,9591356.0,0.767,11938717.0,29907740.0,2.393,0.04765,0.14821,10798198.0,0.16813
NOVATECH IND.,FR0000185464,Euronext Access Paris,Euronext Access,France,MLNOV.PA,Electronic Components,Technology,,0.650496,,,62.333332,,6.0,18895266.0,EUR,10104420.0,0.043720003,10.477,1.7848622,0.3,,,,,47694000.0,47.122,0.03537,0.27317,15130000.0,0.03875
NR 21,FR0014001PV6,Euronext Paris,Compartment C,France,NR21.PA,Apparel Retail,Consumer Cyclical,,,,,18.577076,,13.0,3460046.0,EUR,,0.0,,,2.53,,,,,,,,,,0.0
NRC GROUP,NO0003679102,Oslo Bors,Compartment C,Norway,NO0003679102.SG,,,,,,,,,0.0,,EUR,,,,,,,,,,,,,,,
NRJ GROUP,FR0000121691,Euronext Paris,Compartment B,France,NRG.PA,Broadcasting,Communication Services,,0.225,4.07,1.36,15.866667,15.972082,8738.0,553046144.0,EUR,234498000.0,0.06443,9.08,0.7863436,0.45,0.44703,354408992.0,4.58,37476000.0,410275008.0,5.301,0.027460001,0.04835,232388992.0,0.06176
NSC GROUPE,FR0000064529,Euronext Growth Paris,Euronext Growth,France,ALNSC.PA,Specialty Industrial Machinery,Industrials,,0.105,1.81,3.44,3.1841254,,6.0,28773276.0,EUR,20088724.0,0.12417,100.644,0.68558484,21.67,,18872000.0,45.257,9982000.0,75953000.0,182.154,0.041479997,0.25011,51568000.0,0.058720004
NSE,FR0004065639,Euronext Growth Paris,Euronext Growth,France,ALNSE.PA,Scientific & Technical Instruments,Technology,,0.215,0.63,0.96,66.71875,14.396494,208.0,140912784.0,EUR,134105528.0,0.02094,13.86,3.0808082,0.64,2.966,13272000.0,4.025,6573000.0,99970000.0,30.896,0.03422,0.04834,45393000.0,0.04572
NUSCO,IT0005453110,Euronext Growth Milan,Euronext Growth,Italy,NUS.MI,Building Products & Equipment,Industrials,,1.102,,,,,37500.0,14659813.0,EUR,26422736.0,-0.01804,1.342,0.54769003,-0.05,,1414592.0,0.071,11925062.0,49916132.0,2.503,0.00078,-0.03252,14820950.0,0.02333
NX FILTRATION N.V.,NL0015000D50,Euronext Amsterdam,Compartment B,Netherlands,NXFIL.AS,Pollution & Treatment Controls,Industrials,,0.593,,,,-8.277227,39122.0,121333008.0,EUR,118536008.0,-2.02602,1.661,1.2582781,-0.44,-0.2525,28504000.0,0.491,25707000.0,12681000.0,0.218,-0.11038999,-0.23555,5641000.0,-1.85355
NYKODE THERAPEUTICS ASA,NO0010714785,Oslo Bors,Compartment B,Norway,NO0010714785.SG,,,,,,,,,0.0,,EUR,,,,,,,,,,,,,,,
NYRSTAR,BE0974294267,Euronext Brussels,Compartment C,Belgium,NYR.BR,Other Industrial Metals & Mining,Basic Materials,,-1.309,,,,0.14459017,92472.0,9690799.0,EUR,9087905.0,0.0,-0.077,-1.1454546,-0.02,0.61,11218637.0,0.102,10615743.0,,,-0.24875,,-5266846.0,0.0
NYXOAH SA,BE0974358906,Euronext Brussels,Compartment C,Belgium,BE0974358906.SG,,,,,,,,,0.0,,EUR,,,,,,,,,,,,,,,
OBIZ S.A.,FR0014003711,Euronext Growth Paris,Euronext Growth,France,ALBIZ.PA,Advertising Agencies,Communication Services,,0.451,,,,6.131579,4396.0,13448795.0,EUR,32763156.0,-0.051209997,1.219,1.9114027,-0.64,0.38,3621000.0,0.627,22919000.0,142226272.0,24.611,,,9621198.0,-0.05361
OBSERVE MEDICAL,NO0013457952,Euronext Expand Oslo,Compartment C,Norway,OBSRV.OL,Medical Devices,Healthcare,,-0.194,,,,,70332.0,109599472.0,NOK,153406464.0,-2.9345498,0.191,4.2146597,-35.11,,2959000.0,0.032,82186000.0,17831000.0,0.971,-0.13142,-0.94175005,2123000.0,-1.3850999
OCEAN GEOLOOP AS,NO0010914641,Euronext Growth Oslo,Euronext Growth,Norway,OCEAN.OL,Pollution & Treatment Controls,Industrials,,0.529,,,,,30317.0,180286928.0,NOK,165584928.0,-0.21103,3.16,1.0822785,-0.95,,34860996.0,0.661,3124961.0,237485344.0,4.47,-0.17368999,-0.33106,42991804.0,-0.33161998
OCEAN SUN,NO0010887565,Euronext Growth Oslo,Euronext Growth,Norway,OSUN.OL,Utilities - Renewable,Utilities,,0.42,,,,31.400002,20.0,78350568.0,NOK,,0.0,0.63,2.4920635,-0.41,0.05,15815000.0,,0.0,2190000.0,,-0.43421,-0.91079,1852000.0,-2.43262
OCI,NL0010558797,Euronext Amsterdam,Compartment A,Netherlands,OCI.AS,Specialty Chemicals,Basic Materials,4,0.293,,,,-62.937355,229491.0,755649088.0,EUR,-158009344.0,5.14221,7.4554186,0.48018765,-1.31,-0.056881957,1769400064.0,8.388,853699968.0,1033000000.0,4.891,-0.026659999,-0.17462,-52300000.0,-0.21732001
OCTOPUS BIOSAFETY,FR0013310281,Euronext Access Paris,Euronext Access,France,MLOCT.PA,Computer Hardware,Technology,,1.411,,,,,1738.0,20467480.0,EUR,982020.0,-2.89292,-0.044,-3.659091,-0.04,,,,,277480.0,0.068,-0.27247998,,-55131.0,-2.6161802
ODFJELL SER. A,NO0003399909,Oslo Bors,Compartment B,Norway,ODF.OL,Marine Shipping,Industrials,9,-0.308,8.39,3.97,6.328167,5.9059215,51804.0,9369707520.0,NOK,10160039936.0,0.13923,119.429405,0.99138063,18.71,20.047676,148600000.0,1.879,943200000.0,1115399936.0,14.101,0.0631,0.16156,453900000.0,0.18822001
ODIOT HOLDING,FR0014010DV3,Euronext Access Paris,Euronext Access,France,MLODT.PA,,,,,,,,29.850746,200.0,8906880.0,EUR,,,-62.173,-0.6433661,,,,,,,,,,,
Odyssée Technologies S.A.,FR001400U4P9,Euronext Growth Paris,Euronext Growth,France,ALODY.PA,Aerospace & Defense,Industrials,,,,,31.185566,25.420166,2058.0,48865368.0,EUR,48697376.0,0.07497,9.153,3.3049273,0.97,1.19,6705185.0,4.151,6133347.0,20826286.0,10.83,,,11702427.0,0.09701
OENEO,FR0000052680,Euronext Paris,Compartment B,France,SBT.PA,Beverages - Wineries & Distilleries,Consumer Defensive,,0.089,3.81,1.48,22.0,19.013128,363.0,594509952.0,EUR,648037184.0,0.09385,4.908,1.8826406,0.42,0.48598,47109000.0,0.735,103259000.0,292361984.0,4.559,0.05085,0.0881,169954000.0,0.13958
OFFICINA STELLARE,IT0005374035,Euronext Growth Milan,Euronext Growth,Italy,OS.MI,Aerospace & Defense,Industrials,,0.822,,,615.0,57.2093,2250.0,148725520.0,EUR,,0.01159,1.679,14.651578,0.04,0.43,3930962.0,,15668197.0,18892304.0,,0.01729,0.037550002,11065145.0,0.08691
OKEA,NO0010816895,Oslo Bors,Compartment B,Norway,OKEA.OL,Oil & Gas E&P,Energy,,-0.009,,,,4.520727,297515.0,2784797440.0,NOK,2787839488.0,-0.069759995,5.233958,5.120408,-5.06,5.92825,308390016.0,2.968,311432000.0,783684992.0,7.542,0.0678,-0.65309995,483623008.0,-0.55131
OLIDATA,IT0005634610,Euronext Milan,Compartment C,Italy,OLI.MI,Computer Hardware,Technology,,-0.341,,,3.8510637,14.140624,21324.0,34907588.0,EUR,28981304.0,0.00467,0.735,2.462585,0.47,0.128,15999000.0,0.83,9748000.0,72226000.0,3.745,0.49608,-0.020569999,89892000.0,0.03009
OMDA AS,NO0010894512,Euronext Growth Oslo,Euronext Growth,Norway,OMDA.OL,Health Information Services,Healthcare,,0.555,,,,13.135313,1142.0,816204992.0,NOK,1283586944.0,-0.06356,1.628,24.447174,-1.46,3.03,20094000.0,0.98,487476000.0,476287008.0,23.225,0.028269999,-0.64082,203468000.0,0.17021
OMER,IT0005453748,Euronext Growth Milan,Euronext Growth,Italy,OMER.MI,Tools & Accessories,Industrials,,0.449,1.77,,10.102565,11.831832,8161.0,112823512.0,EUR,99797168.0,0.12145001,2.343,1.6816049,0.39,0.333,19058908.0,0.666,6032569.0,91221360.0,3.186,0.10901,0.17691,47445332.0,0.14331001
OMER-DECUGIS & CIE,FR0014003T71,Euronext Growth Paris,Euronext Growth,France,ALODC.PA,Food Distribution,Consumer Defensive,,0.424,1.94,,13.287671,8.029801,11060.0,82372984.0,EUR,83503008.0,0.022149999,4.408,2.2005444,0.73,1.208,3475787.0,0.409,4419223.0,284884480.0,33.548,0.07377,0.18111,32981894.0,0.02712
ONCODESIGN PRECISION MEDICINE,FR001400CM63,Euronext Growth Paris,Euronext Growth,France,ALOPM.PA,Biotechnology,Healthcare,,-0.415,,,1.3486487,0.12382133,41467.0,9194671.0,EUR,13319867.0,3.6070402,0.574,0.869338,0.37,4.03,2454536.0,0.135,6532113.0,1738769.0,0.096,,,9312111.0,13.15543
Oncoinvent,NO0013711713,Euronext Oslo,Compartment C,Norway	,ONCIN.OL,Biotechnology,Healthcare,,,,,,,14412.0,203767744.0,NOK,-24697798.0,0.0,71.064,0.6402679,-167.26,,75385000.0,77.125,6214000.0,19996000.0,15.684,,,19996000.0,-4.34933
ONE EXPERIENCE,FR0013266772,Euronext Growth Paris,Euronext Growth,France,ALEXP.PA,Capital Markets,Financial Services,,1.307,,,54.000004,,1725.0,6346611.0,EUR,6537570.0,-0.08292,0.743,0.7267834,0.01,,475000.0,0.052,2078000.0,4450000.0,0.486,-0.02004,-0.05469,1325000.0,-0.00989
ONLINEFORMAPRO,FR0004174712,Euronext Access Paris,Euronext Access,France,MLONL.PA,Education & Training Services,Consumer Defensive,,-1.192513,5.38,,2.267442,,25.0,1263600.0,EUR,,0.08882,0.452,2.1570797,0.43,,,,,14847577.0,,0.12747,0.33238998,9937076.0,0.13688
ONTEX GROUP,BE0974276082,Euronext Brussels,Compartment B,Belgium,ONTEX.BR,Household & Personal Products,Consumer Defensive,4,0.472,,2.06,24.0,5.860806,94493.0,382720864.0,EUR,961310592.0,-0.09849,11.87,0.4043808,0.2,0.819,70400000.0,0.879,647400000.0,1761600000.0,21.965,0.02712,0.0177,479400000.0,0.05685
ONWARD MEDICAL,NL0015000HT4,Euronext Brussels,Compartment C,Netherlands,ONWD.BR,Biotechnology,Healthcare,,0.908,,,,-5.136759,46194.0,238036240.0,EUR,163837248.0,0.0,0.621,6.8438005,-0.74,-0.82737,40931000.0,0.917,15061000.0,2716000.0,0.055,-0.4366,-1.678,-10540000.0,-16.85485
OPMOBILITY,FR0000124570,Euronext Paris,Compartment A,France,OPM.PA,Auto Parts,Consumer Cyclical,7,1.246,5.85,3.24,15.486486,9.443291,63878.0,2458334464.0,EUR,4063022592.0,0.01538,14.158,1.2141546,1.11,1.82034,706000000.0,4.943,2288999936.0,10403000320.0,72.623,0.03348,0.079,1148000000.0,0.044260003
OPS ECOM,IT0005122400,Euronext Milan,Compartment C,Italy,OEC.MI,Internet Retail,Consumer Cyclical,,0.441,,,,,466385.0,5126925.0,EUR,13774810.0,-0.32716998,0.007,15.428572,-0.61,,93000.0,0.003,10275000.0,15515000.0,0.466,-0.09581,,-3287000.0,-0.08863
OPS Italia (ex EEMS Italia),IT0005577868,Euronext Milan,Compartment C,Italy,OPS.MI,Utilities - Regulated Gas,Utilities,,0.05,,,,,43786.0,2080994.0,EUR,1285336.0,0.0,0.026,5.076923,-0.38,,271000.0,0.029,309000.0,649000.0,0.091,-0.71573997,-2.66717,-2249000.0,-15.072371
OPS RETAIL,IT0005545675,Euronext Milan,Compartment C,Italy,OPR.MI,Advertising Agencies,Communication Services,,4.628,,,,,1198000.0,1549446.0,EUR,8853279.0,-1.05211,-0.24,-0.0875,-0.55,,618000.0,0.01,7846000.0,28324000.0,0.505,-0.28773,-60.01413,2465000.0,-0.22372
OPTION,BE0974496284,Euronext Brussels,Compartment C,Belgium,OPTI.BR,Communication Equipment,Technology,,0.325,,,Infinity,127.4,8873.0,19374804.0,EUR,21778340.0,-0.36731997,-1.37,-5.579562,0.0,0.06,224000.0,0.112,6648000.0,12447000.0,6.242,-0.0505,,5143000.0,-0.17958
ORANGE BELGIUM,BE0003735496,Euronext Brussels,Compartment B,Belgium,OBEL.BR,Telecom Services,Communication Services,,0.189,,2.84,33.62069,19.941914,1942.0,1314538112.0,EUR,3319600128.0,0.02104,14.963,1.3032146,0.58,0.97784,82600000.0,1.226,2087900032.0,1963299968.0,29.124,0.02341,0.04198,1075699968.0,0.089049995
ORDISSIMO,FR0013318052,Euronext Growth Paris,Euronext Growth,France,ALORD.PA,Computer Hardware,Technology,,-0.367,,,,5.8888884,5133.0,3560877.0,EUR,2753368.0,-0.09372,1.272,0.41666666,-0.12,0.09,162050.0,0.05,1201960.0,3204330.0,1.11,-0.0287,-0.06947,1142024.0,-0.122959994
OREGE,FR0010609206,Euronext Paris,Compartment C,France,OREGE.PA,Waste Management,Industrials,,0.894,,,,-1.3210526,5901.0,12666748.0,EUR,79155216.0,0.0,-1.113,-0.2255166,-0.23,-0.19,2475000.0,0.049,68971000.0,2819000.0,0.056,-0.40358,,-3804000.0,-5.3451705
ORIGIN ENTERPRISES PLC,IE00B1WV4493,Euronext Growth Dublin,Euronext Growth,Ireland,OIZ.IR,Agricultural Inputs,Basic Materials,3,0.274,4.22,3.72,9.021276,7.707689,30500.0,454863232.0,EUR,592467712.0,0.025009999,3.975,1.0666666,0.47,0.5501,169778000.0,1.591,309735008.0,2109145984.0,19.828,0.03376,0.12724,358340000.0,0.05367
ORSERO,IT0005138703,Euronext Milan,Compartment B,Italy,ORS.MI,Food Distribution,Consumer Defensive,,0.34,2.65,,10.411111,11.074734,27008.0,315743584.0,EUR,426831584.0,0.01893,16.089,1.1647708,1.8,1.69214,83945000.0,4.982,193520000.0,1692134016.0,100.455,0.04901,0.12523,156292000.0,0.03816
OSAI AUTOMATION SYSTEM,IT0005424830,Euronext Growth Milan,Euronext Growth,Italy,IT0005424830.SG,,,,,,,,,0.0,,EUR,,,,,,,,,,,,,,,
OSE IMMUNOTHERAPEUTICS,FR0012127173,Euronext Paris,Compartment C,France,OSE.PA,Biotechnology,Healthcare,,0.509,,,,-5.951636,85660.0,98212848.0,EUR,83287000.0,0.0,1.524,2.8713908,-0.24,-0.73526,59117000.0,2.687,46132000.0,1782000.0,0.081,-0.18419,-0.66823,1782000.0,-22.72158
OSMOSUN S.A.,FR001400IUV6,Euronext Growth Paris,Euronext Growth,France,ALWTR.PA,Pollution & Treatment Controls,Industrials,,2.509,,,,-0.79375005,11756.0,8933902.0,EUR,3773082.0,-0.87518996,-0.001,-508.0,-0.88,-0.64,500672.0,0.089,1399600.0,2167835.0,0.386,-0.15106,-0.6873,6220665.0,-1.96552
OTELLO CORPORATION,NO0010040611,Oslo Bors,Compartment C,Norway,OTEC.OL,Advertising Agencies,Communication Services,9,0.943,,0.54,3.731656,,121488.0,1247802880.0,NOK,1388575488.0,0.0,16.177689,1.1002808,4.77,,14694000.0,0.189,0.0,,,-0.01716,0.35487998,-1979000.0,0.0
OTOFARMA,IT0005663361,Euronext Growth Milan,Euronext Growth,Italy,OTO.MI,Medical Devices,Healthcare,,,,,38.583336,14.935484,2100.0,27534610.0,EUR,,0.0,,,0.12,0.31,,,,,,,,,0.0
OVH,FR0014005HJ9,Euronext Paris,Compartment A,France,OVH.PA,Software - Infrastructure,Technology,6,1.205,,,Infinity,21.000467,93256.0,1354413056.0,EUR,2607206912.0,0.00037,0.187,48.15508,0.0,0.4288,41900000.0,0.279,1295500032.0,1084600064.0,7.209,0.0248,0.0019,798000000.0,0.04937
OVS,IT0005043507,Euronext Milan,Compartment B,Italy,OVS.MI,Apparel Manufacturing,Consumer Cyclical,6,0.969,2.25,,26.03158,12.591009,364203.0,1205241344.0,EUR,2638796032.0,0.02685,3.569,1.3858224,0.19,0.39282,87432000.0,0.358,1519745024.0,1736499968.0,7.076,0.03455,0.05376,1043313984.0,0.09729999
OXURION,BE0974487192,Euronext Brussels,Compartment C,Belgium,OXUR.BR,Biotechnology,Healthcare,,0.182,,,0.002690583,-0.012765958,282966.0,420590.0,EUR,10852686.0,979.5,-2.425,-0.002474227,2.23,-0.47,6000.0,0.001,10830000.0,2000.0,0.0,0.118149996,,-13000.0,450.5
PACTE NOVATION,FR0000077992,Euronext Access Paris,Euronext Access,France,MLPAC.PA,Software - Application,Technology,,-0.256684,,,,,30.0,4249600.0,EUR,,0.0038,4.229,1.962639,-0.31,,,,,8305121.0,,0.00556,0.0128999995,-186122.0,0.00538
PANORO ENERGY,NO0010564701,Oslo Bors,Compartment B,Norway,PEN.OL,Oil & Gas E&P,Energy,,0.268,12.53,,9.050388,7.851802,741547.0,2623014656.0,NOK,2488083712.0,0.13087,22.239563,1.0499307,2.58,2.9738398,43702000.0,0.429,150864000.0,238602000.0,1.946,0.0452,0.12987,116337000.0,0.14144
PARETO BANK,NO0010397581,Oslo Bors,Compartment B,Norway,PARB.OL,Banks - Regional,Financial Services,,0.643,9.56,5.83,10.258303,9.435222,54100.0,6403582976.0,NOK,13706206208.0,0.60289,67.604,1.2336549,8.13,8.83922,202252992.0,2.634,7504804864.0,1120624000.0,14.602,0.0257,0.12089,1120624000.0,0.74122
PARROT,FR0004038263,Euronext Paris,Compartment C,France,PARRO.PA,Communication Equipment,Technology,,0.422,,,,-27.217392,81089.0,193686576.0,EUR,186629344.0,-0.1675,0.874,7.162472,-0.44,-0.23,17012000.0,0.554,8858000.0,81046000.0,2.635,-0.100109994,-0.36936,57692000.0,-0.38627
PARX MATERIALS NV,NL0012650535,Euronext Access Paris,Euronext Access,Netherlands,MLPRX.PA,Specialty Chemicals,Basic Materials,,0.57372,,,,,93309.0,2814145.0,EUR,,-1.27926,0.299,0.9030101,-0.01,,,,,128210.0,,-0.02385,-0.04438,50612.0,-1.57135
PASQUARELLI AUTO,IT0005546319,Euronext Growth Milan,Euronext Growth,Italy,PSQ.MI,Auto & Truck Dealerships,Consumer Cyclical,,0.421,,,6.428571,,9900.0,22351230.0,EUR,86429816.0,0.00921,1.428,0.6302521,0.14,,2307149.0,0.093,66385736.0,383061408.0,15.424,0.03184,0.10462,32860832.0,0.02508
PASSAT,FR0000038465,Euronext Growth Paris,Euronext Growth,France,ALPAS.PA,Specialty Retail,Consumer Cyclical,,0.111,,7.89,10.023255,,765.0,16948014.0,EUR,2804000.0,0.02655,10.517,0.40981266,0.43,,22208000.0,5.694,8012000.0,63118000.0,15.5,0.02248,0.045560002,18951000.0,0.01862
PATTERN,IT0005378143,Euronext Growth Milan,Euronext Growth,Italy,PTR.MI,Apparel Manufacturing,Consumer Cyclical,,0.897,,,,70.2,942.0,50735484.0,EUR,75017504.0,-0.022330001,2.395,1.4655533,-0.28,0.05,24043912.0,1.664,41551540.0,119352896.0,8.262,-0.020639999,-0.07813,48654076.0,-0.0432
PAULIC MEUNERIE,FR0013479730,Euronext Growth Paris,Euronext Growth,France,ALPAU.PA,Packaged Foods,Consumer Defensive,,1.12,,,0.14149746,18.583334,1322.0,5145821.0,EUR,11265749.0,-0.01429,1.493,0.7468185,7.88,0.06,252303.0,0.055,6395308.0,18014360.0,4.07,,,3808334.0,0.011
PB HOLDING N.V.,NL0000336303,Euronext Amsterdam,Compartment C,Netherlands,PBH.AS,Specialty Business Services,Industrials,,0.892,,4.99,,,1081.0,19046000.0,EUR,19735000.0,0.0,2.967,1.1998651,-0.1,0.0,53000.0,0.01,208000.0,,,,,,0.0
PCI BIOTECH HOLDING,NO0010405640,Oslo Bors,Compartment C,Norway,PCIB.OL,Biotechnology,Healthcare,,1.229,,,,-0.07123288,56517.0,7763889.0,NOK,-5533784.0,0.0,0.335,0.6208955,-0.55,-2.92,13617000.0,0.365,282000.0,4688000.0,0.125,-0.48344,-0.92472,4688000.0,-8.65627
PERMANENT TSB GROUP HOLDINGS PLC,IE00BWB8X525,Euronext Dublin,Compartment B,Ireland,PTSB.IR,Banks - Regional,Financial Services,5,0.518,,43.63,24.46154,15.25253,792773.0,1733073408.0,EUR,1468073216.0,0.16914,3.96,0.8030303,0.13,0.20849,2264999936.0,4.156,2000000000.0,674000000.0,0.153,0.00386,0.04572,674000000.0,0.24845
PERRIER (GERARD),FR0000061459,Euronext Paris,Compartment B,France,PERR.PA,Electrical Equipment & Parts,Industrials,,0.593,2.63,2.29,19.551569,15.879605,114.0,329314464.0,EUR,301969600.0,0.05243,34.792,2.506323,4.46,5.49132,69858952.0,18.546,43366104.0,320083520.0,84.932,0.05077,0.13244,232887408.0,0.05745
PET SERVICE HOLDING N.V.,NL0015001HZ9,Euronext Growth Paris,Euronext Growth,Netherlands,ALPET.PA,Internet Retail,Consumer Cyclical,,,,,,-97.200005,51.0,14303447.0,EUR,,0.0,,,-0.03,-0.05,,,,,,,,,0.0
PETROLIA,CY0102630916,Oslo Bors,Compartment C,Cyprus,PSE.OL,Oil & Gas Equipment & Services,Energy,,-0.165,,,7.9836063,,2.0,287494528.0,NOK,284912544.0,0.06531,7.451253,0.6535813,0.61,,15407000.0,0.261,10807000.0,55552000.0,0.941,0.050430004,0.06702,52494000.0,0.12114
PETRONOR E&P ASA,NO0012942525,Oslo Bors,Compartment C,Norway,PNOR.OL,Oil & Gas E&P,Energy,,0.03,41.9,,11.446809,2.9723759,232646.0,1531759744.0,NOK,1504157696.0,0.10584,9.639998,1.1161828,0.94,3.62,45917000.0,0.323,0.0,117309000.0,0.824,0.12694,0.09252,61958000.0,0.35556
PEUGEOT INVEST,FR0000064784,Euronext Paris,Compartment A,France,PEUG.PA,Asset Management,Financial Services,4,1.065,4.65,3.13,44.465405,8.356974,5679.0,1754190208.0,EUR,2528340736.0,0.23029,159.165,0.44419312,1.59,8.46,247443008.0,9.973,587025024.0,172998000.0,6.981,0.01291,0.013730001,172998000.0,0.9454
PEXIP HOLDING,NO0010840507,Oslo Bors,Compartment B,Norway,PEXIP.OL,Software - Application,Technology,,1.589,6.48,,27.051283,20.159235,411826.0,6486798848.0,NOK,5772201984.0,0.20215,14.742,4.293854,2.34,3.14,600312000.0,5.858,49678000.0,1228285952.0,11.934,0.07354,0.15923001,469977984.0,0.23793
PHARMANUTRA,IT0005274094,Euronext Milan,Compartment B,Italy,PHN.MI,Drug Manufacturers - Specialty & Generic,Healthcare,4,0.285,1.54,1.44,36.923073,27.42857,18504.0,644503232.0,EUR,647512384.0,0.13722,6.846,9.81595,1.82,2.45,21965000.0,2.276,20984000.0,127151000.0,13.251,0.14965001,0.27726,65198000.0,0.22159
PHARMING GROUP,NL0010391025,Euronext Amsterdam,Compartment B,Netherlands,PHARM.AS,Biotechnology,Healthcare,1,0.233,,,Infinity,54.06933,15790773.0,999747584.0,EUR,685502848.0,0.00105,0.44475952,3.2264626,0.0,0.02654,166168000.0,0.331,130922000.0,362273984.0,0.571,0.05763,0.00028,325695008.0,0.26645002
"PHarol, SGPS, SA",PTPTC0AM0009,Euronext Lisbon,Compartment C,Portugal,PHR.LS,Telecom Services,Communication Services,,0.34,,12.2,2.68,,3744391.0,66074564.0,EUR,50601024.0,0.0,0.115,0.6991304,0.03,,15488021.0,0.019,19812.0,,,0.17246,0.32755002,-1083156.0,0.0
PHILOGEN,IT0005373789,Euronext Milan,Compartment B,Italy,IT0005373789.SG,,,,,,,,,0.0,,EUR,,,,,,,,,,,,,,,
PHONE WEB,FR0000185480,Euronext Access Paris,Euronext Access,France,MLPHW.PA,Specialty Business Services,Industrials,,0.581741,4.95,,5.5999994,,2999.0,853272.0,EUR,1136250.0,-0.16323,1.292,0.65015477,0.15,,,,,3523299.0,3.132,-0.22860001,-1.14716,-408925.0,-0.15843001
PHOTOCURE,NO0010000045,Oslo Bors,Compartment C,Norway,PHO.OL,Drug Manufacturers - Specialty & Generic,Healthcare,4,0.374,,,782.5,23.938814,110431.0,1665577600.0,NOK,1413442688.0,0.0039399997,18.289,3.4228225,0.08,2.615,247771008.0,9.312,11600000.0,537590976.0,20.07,0.00525,0.00429,499036992.0,0.017690001
PHOTONIKE CAPITAL,BE0948608451,Euronext Access Paris,Euronext Access,Belgium,MLPHO.PA,Capital Markets,Financial Services,,,,,,,85.0,12590038.0,EUR,,0.0,,,-0.0,,,,,,,,,,0.0
PIAGGIO,IT0003073266,Euronext Milan,Compartment B,Italy,PIA.MI,Auto Manufacturers,Consumer Cyclical,8,1.139,4.57,5.9,17.69,12.024199,571314.0,623595328.0,EUR,1148050048.0,0.02368,1.12,1.5794643,0.1,0.14712,157232992.0,0.446,687904000.0,1548488960.0,4.385,0.03449,0.091520004,401684000.0,0.04612
PIERRE VACANCES,FR0000073041,Euronext Paris,Compartment B,France,VAC.PA,Lodging,Consumer Cyclical,5,1.804,,4.03,26.428572,13.536256,168583.0,854441344.0,EUR,4013179648.0,0.01804,-0.741,-2.4966261,0.07,0.13667,97736000.0,0.212,3256567040.0,1866552960.0,4.047,0.0419,,661692032.0,0.23743
PININFARINA SPA,IT0003056386,Euronext Milan,Compartment C,Italy,PINF.MI,Auto Manufacturers,Consumer Cyclical,,0.447,,1.54,,,10904.0,65757988.0,EUR,76041984.0,-0.09606,0.375,2.2293334,-0.11,,12134000.0,0.154,22287000.0,89143000.0,1.519,-0.029240001,-0.26529,55484000.0,0.00135
PIQUADRO,IT0004240443,Euronext Milan,Compartment C,Italy,PQ.MI,Footwear & Accessories,Consumer Cyclical,,0.426,5.66,3.27,10.916666,10.916666,1289.0,123944856.0,EUR,175260864.0,0.06249,1.409,1.8594747,0.24,0.24,26907000.0,0.569,78223000.0,187788000.0,3.973,0.054279998,0.18260999,99597000.0,0.084309995
PISCINES DESJOYAUX,FR0000061608,Euronext Growth Paris,Euronext Growth,France,ALPDX.PA,Leisure,Consumer Cyclical,,1.225,4.93,4.12,20.303028,,713.0,120271400.0,EUR,105320408.0,0.061479997,12.969,1.033233,0.66,,55581000.0,6.193,40630000.0,97659000.0,10.735,0.02943,0.05095,49735000.0,0.15444
Piu' Medical,IT0005676140,Euronext Growth Milan,Euronext Growth,Italy,PMED.MI,Pharmaceutical Retailers,Healthcare,,,,,29.8,22.923079,1250.0,37846000.0,EUR,49687000.0,0.01092,3.386,1.760189,0.2,0.26,50000.0,0.007,9164000.0,26109000.0,5.222,,,6137000.0,0.02056
PLACOPLATRE,FR0000030769,Euronext Access Paris,Euronext Access,France,MLPLC.PA,Building Products & Equipment,Industrials,,0.226126,0.94,,27.103767,,7.0,685476736.0,EUR,,0.055430003,231.071,2.272029,19.37,,,,,707070976.0,,,,472716992.0,0.11766
PLANETEL,IT0005430951,Euronext Growth Milan,Euronext Growth,Italy,PLN.MI,Telecom Services,Communication Services,,0.605,3.0,,26.666666,9.90099,500.0,26319000.0,EUR,43694464.0,0.023599999,3.166,1.2634239,0.15,0.404,9351212.0,1.421,26159010.0,40418496.0,6.143,0.0168,0.0479,11110503.0,0.04259
PLANISWARE,FR001400PFU4,Euronext Paris,Compartment A,France,PLNW.PA,Software - Application,Technology,,,1.95,,22.84058,19.050152,154746.0,1099357184.0,EUR,942859968.0,0.25131,2.782,5.664989,0.69,0.82729,182104992.0,2.593,18000000.0,192594000.0,2.75,0.12392,0.26934,141675008.0,0.28311002
PLANT ADVANCED,FR0010785790,Euronext Growth Paris,Euronext Growth,France,ALPAT.PA,Biotechnology,Healthcare,,0.748,,,10.048193,-417.00003,20.0,9308391.0,EUR,,0.42215002,8.118,1.0273466,0.83,-0.02,,,3752462.0,2215139.0,1.99,0.0086900005,0.10479,1687681.0,-1.16325
PLAST.VAL LOIRE,FR0013252186,Euronext Paris,Compartment C,France,PVL.PA,Auto Parts,Consumer Cyclical,,1.408,,2.13,,7.0769234,14875.0,60905548.0,EUR,235079552.0,-0.02162,7.465,0.36972538,-0.69,0.39,98999000.0,4.486,261636000.0,703129984.0,31.778,0.012999999,-0.072569996,330760000.0,0.024360001
PLASTICOS COMPUESTOS S.A. (KOMPUESTOS),ES0105425005,Euronext Growth Paris,Euronext Growth,Spain,KOM.MC,Specialty Chemicals,Basic Materials,,0.211,,,,2.6610172,783000.0,9388440.0,EUR,18529762.0,-0.00137,1.117,0.7027753,-0.01,0.295,1722079.0,0.144,10889848.0,47817388.0,4.009,0.021930002,-0.00491,16282198.0,0.03002
PLC,IT0005339160,Euronext Milan,Compartment C,Italy,PLC.MI,Engineering & Construction,Industrials,,0.533,3.86,,10.52381,9.27169,21873.0,57372872.0,EUR,39897872.0,0.07217,0.896,2.466518,0.21,0.23836,21196000.0,0.816,3698000.0,74560000.0,2.872,0.06695,0.2591,31276000.0,0.11816
PLUXEE,NL0015001W49,Euronext Paris,Compartment A,Netherlands,PLX.PA,Specialty Business Services,Industrials,4,0.293,3.35,,8.244445,7.230184,174702.0,1583781376.0,EUR,559620480.0,0.15307,2.534,4.3922653,1.35,1.53938,2452000000.0,16.84,1290000000.0,1287000064.0,8.842,0.03655,0.52913,471000000.0,0.29141
POLARIS MEDIA,NO0010466022,Oslo Bors,Compartment B,Norway,POL.OL,Publishing,Communication Services,7,0.057,6.23,5.79,356.66666,,1940.0,2614812416.0,NOK,3011774976.0,0.00022,43.566,1.2280217,0.15,,274400000.0,5.614,590700032.0,3637900032.0,74.39,0.0054699997,0.00441,1245100032.0,0.01722
POLIGHT,NO0012535832,Oslo Bors,Compartment C,Norway,PLT.OL,Electronic Components,Technology,,1.376,,,,,465907.0,1451081088.0,NOK,1201739264.0,0.0,1.681,4.057109,-0.78,,298180000.0,1.365,10169000.0,13062000.0,0.084,-0.23825,-0.37622002,3612000.0,-6.34554
POLIGRAFICI PRINTING,IT0004587470,Euronext Growth Milan,Euronext Growth,Italy,POPR.MI,Publishing,Communication Services,,0.288,5.41,,19.0,,40000.0,17379802.0,EUR,25242802.0,0.04089,1.024,0.55664057,0.03,,312000.0,0.01,8175000.0,20886000.0,0.682,0.0197,0.02744,9977000.0,0.111829996
PORTO AVIATION GROUP,IT0005545238,Euronext Growth Milan,Euronext Growth,Italy,PAG.MI,Aerospace & Defense,Industrials,,0.573,0.54,,20.68182,20.222223,2450.0,21408052.0,EUR,20422272.0,0.19440001,1.417,6.4220185,0.44,0.45,2535021.0,1.074,1480082.0,5386140.0,1.653,0.107659996,0.35751998,2338095.0,0.092980005
PORTOBELLO,IT0005337495,Euronext Growth Milan,Euronext Growth,Italy,POR.MI,Advertising Agencies,Communication Services,,2.102,,,,1.948718,3750.0,8079715.0,EUR,62919284.0,0.0,-22.209,-0.06844072,-25.71,0.78,1218854.0,0.229,56058424.0,34523080.0,6.495,-0.74884003,,-51949496.0,0.05562
POSTNL,NL0009739416,Euronext Amsterdam,Compartment B,Netherlands,PNL.AS,Integrated Freight & Logistics,Industrials,1,0.796,6.94,6.42,,13.554778,1268371.0,591595584.0,EUR,1141973632.0,-0.00487,0.254,4.57874,-0.03,0.0858,438000000.0,0.866,990000000.0,3286000128.0,6.51,0.00716,-0.11307,345000000.0,0.0076099997
POUJOULAT,FR0000066441,Euronext Growth Paris,Euronext Growth,France,ALPJT.PA,Building Products & Equipment,Industrials,,0.437,1.4,1.39,,8.542713,685.0,66499724.0,EUR,212168928.0,-0.0057599996,17.034,0.49900198,-0.28,0.995,3379000.0,0.439,139862000.0,344126016.0,44.591,0.00079,-0.01567,173228000.0,-0.02475
POULAILLON,FR0013015583,Euronext Growth Paris,Euronext Growth,France,ALPOU.PA,Packaged Foods,Consumer Defensive,,0.173,1.23,,6.8421054,8.333334,1399.0,33222274.0,EUR,49759272.0,0.04098,6.743,0.9639626,0.95,0.78,14008000.0,2.741,30539000.0,119049000.0,23.292,0.043420002,0.15118,35971000.0,0.05625
POWERSOFT,IT0005353815,Euronext Growth Milan,Euronext Growth,Italy,PWS.MI,Consumer Electronics,Technology,,0.564,5.39,,16.46739,12.247373,13500.0,194601200.0,EUR,246023056.0,0.14907,2.963,5.113061,0.92,1.237,21361776.0,1.663,72783624.0,75777216.0,6.227,0.117060006,0.32026002,40828344.0,0.22077999
POXEL,FR0012432516,Euronext Paris,Compartment C,France,POXEL.PA,Biotechnology,Healthcare,10,2.322,,,,0.29347828,134865.0,14489093.0,EUR,74455424.0,-1.78451,-1.143,-0.23622048,-0.26,0.92,2055000.0,0.038,62009000.0,7657000.0,0.144,-0.20717,,3983000.0,-0.89968
POZZI MILANO,IT0005499949,Euronext Growth Milan,Euronext Growth,Italy,POZ.MI,"Furnishings, Fixtures & Appliances",Consumer Cyclical,,0.284,,,17.400002,,18750.0,18189744.0,EUR,20328108.0,0.053150002,0.272,1.9191176,0.03,,2832304.0,0.081,4886531.0,21524528.0,0.618,0.07477,0.13319,4472890.0,0.07278
PREATONI GROUP,FR001400WXE7,Euronext Access Paris,Euronext Access,France,MLPRG.PA,Resorts & Casinos,Consumer Cyclical,,,,,42.884617,25.211983,1.0,392793760.0,EUR,501097696.0,-0.11658,18.611,2.3964322,1.04,1.769,12050906.0,1.368,88911488.0,91127408.0,10.347,0.0098,-0.03927,13998940.0,0.15291001
PRECIA,FR0014004EC4,Euronext Growth Paris,Euronext Growth,France,ALPM.PA,Specialty Industrial Machinery,Industrials,,0.516,2.03,1.23,13.382353,15.166667,90.0,147594992.0,EUR,131730712.0,0.06434,18.048,1.512633,2.04,1.8,41990000.0,7.767,21515000.0,171227008.0,31.671,0.061669998,0.120120004,132855000.0,0.09066
PREDICT,IT0005611071,Euronext Growth Milan,Euronext Growth,Italy,PRE.MI,Medical Devices,Healthcare,,,,,25.833334,,1500.0,5884187.0,EUR,4476864.0,0.02441,0.511,1.5166341,0.03,,1234498.0,0.168,0.0,8442734.0,1.146,0.04131,0.07102,2236776.0,-0.161
PREDILIFE,FR0010169920,Euronext Growth Paris,Euronext Growth,France,ALPRE.PA,Diagnostics & Research,Healthcare,,0.319,,,,,1.0,11993667.0,EUR,16045312.0,0.0,-4.002,-0.7646177,-1.06,,442063.0,0.118,4897483.0,728075.0,0.193,-1.16193,,708160.0,-4.02942
PREMIA FINANCE,IT0005442154,Euronext Growth Milan,Euronext Growth,Italy,PFI.MI,Credit Services,Financial Services,,0.205,,,,36.333336,3000.0,4283200.0,EUR,4539586.0,-0.00433,0.689,1.5820029,-0.01,0.03,575919.0,0.147,25650.0,6724144.0,1.711,0.007929999,-0.00451,1524751.0,0.03128
PRISMAFLEX INTL,FR0004044600,Euronext Growth Paris,Euronext Growth,France,ALPRI.PA,Advertising Agencies,Communication Services,,0.865,,,11.5,3.382353,6523.0,9359146.0,EUR,19141114.0,0.0207,7.484,0.92196685,0.6,2.04,2309000.0,1.706,11832000.0,54877000.0,40.578,0.03145,0.12535,19427000.0,0.03193
PROACTIS SA,FR0004052561,Euronext Paris,Compartment C,France,PROAC.PA,Software - Application,Technology,,0.696,,,,,5197.0,6094876.0,EUR,7194735.0,-0.92976,-0.001,-45.0,-0.01,,542000.0,0.004,152000.0,11931339.0,0.088,,,1408001.0,-0.22114
PRODWAYS GROUP,FR0012613610,Euronext Growth Paris,Euronext Growth,France,ALPWG.PA,Computer Hardware,Technology,,0.417,,,,15.439429,133779.0,26310796.0,EUR,37659796.0,-0.02234,1.049,0.49571016,-0.02,0.03368,9658000.0,0.191,20825000.0,55988000.0,1.096,0.00543,-0.02072,31727000.0,0.01947
PROLOGUE,FR0010380626,Euronext Growth Paris,Euronext Growth,France,ALPRG.PA,Software - Application,Technology,,-0.003,,,3.075,12.3,131849.0,24735084.0,EUR,13052324.0,0.1004,0.249,0.9879518,0.08,0.02,13425000.0,0.147,4219000.0,94485000.0,0.901,,,15788000.0,-0.0868
PROMOTICA,IT0005425365,Euronext Growth Milan,Euronext Growth,Italy,PMT.MI,Consulting Services,Industrials,,0.199,3.6,,18.285713,5.12,11000.0,43510964.0,EUR,64665960.0,0.02244,1.42,1.8028169,0.14,0.5,6121514.0,0.36,27230948.0,104884848.0,6.163,0.040359996,0.09503,10004466.0,0.06983
PROSAFE,NO0010861990,Oslo Bors,Compartment C,Norway,PRS.OL,Oil & Gas Equipment & Services,Energy,6,0.475,,12.94,0.9296675,-267.11658,1696191.0,1281475456.0,NOK,1160913792.0,0.78446996,4.7866926,0.759397,3.91,-0.013608291,83300000.0,0.307,296800000.0,154500000.0,1.888,-0.00698,1.7277299,114800000.0,0.06343
PROTECTOR FORSIKRING,NO0010209331,Oslo Bors,Compartment A,Norway,PROT.OL,Insurance - Specialty,Financial Services,9,0.365,3.67,3.7,15.6466875,17.505884,188661.0,40887672832.0,NOK,17435824128.0,0.18055001,92.523,5.360829,31.7,28.33333,26043000832.0,313.994,2340000000.0,14654999552.0,175.572,0.083579995,0.40357,5327000064.0,0.23843001
PROXIMAR SEAFOOD AS,NO0010893902,Euronext Growth Oslo,Euronext Growth,Norway,PROXI.OL,Farm Products,Consumer Defensive,,-0.562,,,,1.8944961,191664.0,364267104.0,NOK,1338769536.0,0.0,0.919,0.7573449,-0.52,0.36738,8202000.0,0.052,1238124032.0,81409000.0,0.56,-0.07477,-0.90700996,32225000.0,-1.75563
PROXIMUS,BE0003810273,Euronext Brussels,Compartment A,Belgium,PROX.BR,Telecom Services,Communication Services,7,0.562,4.73,11.98,5.7108846,7.856515,424299.0,2708426240.0,EUR,7374371328.0,0.07429,11.926,0.70392424,1.47,1.06854,650000000.0,2.014,5130999808.0,6367000064.0,19.726,0.03428,0.11387,2495000064.0,0.09545
PRYME N.V.,NL0015002E73,Euronext Growth Oslo,Euronext Growth,Netherlands,PRYME.OL,Waste Management,Industrials,,1.614,,,,-9.756098,1714.0,248788192.0,NOK,127561000.0,0.0,5.446281,1.4688922,-38.8,-0.82,4698000.0,0.32,14659000.0,1110000.0,0.082,-0.24447,-1.84212,165000.0,-4.15237
PUBLIC PROPERTY INVEST ASA,NO0013178616,Oslo Bors,Compartment B,Norway,PUBLI.OL,Real Estate Services,Real Estate,,,3.91,,7.7833333,14.731861,717321.0,17158448128.0,NOK,14864668672.0,0.7426,24.249,0.9629263,3.0,1.585,4276999936.0,12.427,11089000448.0,878000000.0,3.358,0.028719999,0.095649995,805000000.0,0.84351
PULLUP ENTERTAINMENT,FR0012419307,Euronext Growth Paris,Euronext Growth,France,ALPUL.PA,Electronic Gaming & Multimedia,Communication Services,,0.421,7.69,,,5.1366363,16183.0,100455608.0,EUR,207686464.0,-0.00243,18.976,0.6618887,-0.12,2.44518,44861000.0,5.685,142902000.0,288351008.0,36.981,0.0070700003,0.00112,57756000.0,0.0342
PYRUM INNOVATIONS AG,DE000A2G8ZX8,Euronext Growth Oslo,Euronext Growth,Germany,PYRUM.OL,Pollution & Treatment Controls,Industrials,,-0.01,,,,-18.066523,1505.0,1296384512.0,NOK,1180806016.0,-0.90179,58.003456,5.2065864,-28.16,-16.716,5335126.0,1.397,32858128.0,11528677.0,3.019,-0.0938,-0.61083,3729906.0,-4.20111
QUADIENT S.A.,FR0000120560,Euronext Paris,Compartment B,France,QDT.PA,Software - Application,Technology,1,0.985,5.39,3.24,7.160221,6.2801046,90879.0,439313504.0,EUR,1159770624.0,0.058480002,31.383,0.41296244,1.81,2.06366,123400000.0,3.661,835100032.0,1075600000.0,31.289,0.03711,0.05915,803299968.0,0.120699994
QWAMPLIFY,FR0010889386,Euronext Growth Paris,Euronext Growth,France,ALQWA.PA,Advertising Agencies,Communication Services,,0.361,,1.63,,,1635.0,8304397.0,EUR,-5228441.0,0.02819,4.386,0.3647971,-1.53,,16354372.0,2.879,2036280.0,34517568.0,6.076,,,4053506.0,0.04073
RACING FORCE,IT0005466963,Euronext Growth Milan,Euronext Growth,Italy,RFG.MI,Leisure,Consumer Cyclical,,0.644,1.73,,30.35294,21.214487,855.0,140645424.0,EUR,148956768.0,0.06904,2.205,2.340136,0.17,0.24323,5858373.0,0.215,12944415.0,67377736.0,2.47,0.043670002,0.077800006,41000408.0,0.16101
RADICI,IT0005379737,Euronext Growth Milan,Euronext Growth,Italy,RAD.MI,"Furnishings, Fixtures & Appliances",Consumer Cyclical,,0.629,,,8.083334,5.7058825,2000.0,8545371.0,EUR,21044372.0,0.01869,3.812,0.25445962,0.12,0.17,3260000.0,0.37,15391000.0,56457000.0,6.409,0.00102,0.03657,14800000.0,0.01997
RAI WAY,IT0005054967,Euronext Milan,Compartment A,Italy,RWAY.MI,Engineering & Construction,Industrials,5,0.406,5.51,5.25,18.181818,18.422993,253928.0,1611026432.0,EUR,1775589248.0,0.3204,0.648,9.259259,0.33,0.32568,4015378.0,0.015,168578128.0,280897728.0,1.046,0.17844,0.51862997,196515424.0,0.48591
RAIZE-INSTITUICAO DE PAGAMENTOS S.A.,PTRIZ0AM0009,Euronext Access Lisbon,Euronext Access,Portugal,MLRZE.LS,Credit Services,Financial Services,,0.60084,,,,,130.0,6000000.0,EUR,3250000.0,0.01646,0.06,20.000002,-0.01,,,,,1286182.0,0.257,0.0063,0.05006,671312.0,0.03171
RAMADA INVESTIMENTOS E INDUSTRIA S.A.,PTFRV0AE0004,Euronext Lisbon,Compartment B,Portugal,RAM.LS,Steel,Basic Materials,,0.079,14.23,13.67,35.14286,23.0625,4676.0,189233984.0,EUR,170789696.0,0.80821,4.463,1.6535963,0.21,0.32,18509808.0,0.722,65539.0,11009035.0,0.429,0.038110003,0.042579997,10134602.0,0.75098
RAMSAY GENERALE DE SANTE,FR0000044471,Euronext Paris,Compartment A,France,GDS.PA,Medical Care Facilities,Healthcare,,0.168,,8.73,,,660.0,1186470912.0,EUR,4917970944.0,-0.010319999,10.376,1.0360447,-0.46,,366500000.0,3.321,4061400064.0,5241999872.0,47.497,0.01721,-0.02903,1428000000.0,0.03607
RANA GRUBER ASA,NO0010907389,Oslo Bors,Compartment B,Norway,NO0010907389.SG,,,,,,,,,0.0,,EUR,,,,,,,,,,,,,,,
RATTI,IT0004724107,Euronext Milan,Compartment C,Italy,RAT.MI,Textile Manufacturing,Consumer Cyclical,,0.314,,4.33,,,11856.0,36922500.0,EUR,48902500.0,-0.065,1.917,0.70422536,-0.18,,11359000.0,0.415,23205000.0,79718000.0,2.915,-0.028299998,-0.09348,33637000.0,-0.14214
RCS MEDIAGROUP,IT0004931496,Euronext Milan,Compartment B,Italy,RCS.MI,Publishing,Communication Services,,0.428,7.34,7.08,7.9833336,8.709091,61950.0,495655520.0,EUR,665539968.0,0.07688,0.757,1.2655218,0.12,0.11,42400000.0,0.073,152300000.0,799900032.0,1.565,0.06687,0.14458,128000000.0,-0.031889997
REACH SUBSEA,NO0003117202,Oslo Bors,Compartment C,Norway,REACH.OL,Oil & Gas Equipment & Services,Energy,,-0.065,6.01,,20.454544,5.818966,134361.0,2209801472.0,NOK,3523287296.0,0.04038,3.726,1.8115941,0.33,1.16,514174016.0,1.573,1752018048.0,2677041920.0,8.42,0.03143,0.09359,2138961024.0,-0.06199
REALCO,BE0003841583,Euronext Access Brussels,Euronext Access,Belgium,REAL.BR,Household & Personal Products,Consumer Defensive,,0.20741,,,62.5,,12.0,9654210.0,EUR,12357370.0,0.01271,14.421,1.0401498,0.24,,,,,9723235.0,15.107,-0.00494,0.01582,2953338.0,-0.0125
REALITES,FR0011858190,Euronext Growth Paris,Euronext Growth,France,ALREA.PA,Real Estate - Development,Real Estate,,1.477,,,,0.692,3200.0,3284803.0,EUR,360785792.0,-0.95282996,-32.567,-0.0212485,-38.68,1.0,16817000.0,3.543,353201984.0,215950000.0,47.23,-0.11344,-5.2882,-17918000.0,-0.75895
REC SILICON,NO0010112675,Oslo Bors,Compartment B,Norway,RECSI.OL,Semiconductor Equipment & Materials,Technology,6,0.093,,,,-1.883408,306285.0,176662592.0,NOK,665242048.0,-0.80691004,-9.963552,-0.042153638,-1.43,-0.223,7300000.0,0.017,491000000.0,78200000.0,0.186,-0.14336,,59700000.0,-0.37313
RECTICEL,BE0003656676,Euronext Brussels,Compartment B,Belgium,RECT.BR,Building Products & Equipment,Industrials,,0.909,2.96,2.39,94.72727,20.135267,32963.0,587960192.0,EUR,538355904.0,0.01735,7.537,1.3825129,0.11,0.5175,102185000.0,1.813,51802000.0,646782016.0,11.533,0.01932,0.01391,107768000.0,0.03442
REDELFI,IT0005496101,Euronext Growth Milan,Euronext Growth,Italy,RDF.MI,Conglomerates,Industrials,,0.734,,,40.642857,11.854167,54639.0,130476688.0,EUR,,1.36604,1.753,6.4917283,0.28,0.96,14749433.0,,35741280.0,2610491.0,,0.105500005,0.19738,17470628.0,10.8238
REDFISH LONGTERM CAPITAL,IT0005549354,Euronext Growth Milan,Euronext Growth,Italy,RFLTC.MI,Asset Management,Financial Services,,-0.003,1.16,,,,22000.0,34043292.0,EUR,76708432.0,-0.01275,1.395,0.8817205,-0.03,,24513388.0,0.911,53808292.0,66532712.0,2.473,0.00607,0.007929999,25803368.0,0.02948
REFUELS N.V.,NL0015001BF4,Euronext Growth Oslo,Euronext Growth,Netherlands,REFL.OL,Specialty Retail,Consumer Cyclical,,-0.255,,,1.0119048,-17.60404,4007.0,827775872.0,NOK,821505728.0,0.0,27.554647,0.49356467,13.44,-0.77255,51000.0,0.001,0.0,-59893000.0,-0.991,-0.00759,0.55297,-59893000.0,0.03139
REMYCOINTREAU,FR0000130395,Euronext Paris,Compartment A,France,RCO.PA,Beverages - Wineries & Distilleries,Consumer Defensive,8,0.651,3.35,1.98,25.0,24.274656,139710.0,2303122176.0,EUR,2990822144.0,0.09814,36.751,1.1972463,1.76,1.81259,70500000.0,1.347,757299968.0,940499968.0,18.127,0.03265,0.048060004,640899968.0,0.22202
REN,PTREL0AM0008,Euronext Lisbon,Compartment A,Portugal,RENE.LS,Utilities - Diversified,Utilities,6,0.229,4.11,6.41,12.965518,17.352777,533516.0,2494045184.0,EUR,4978805760.0,0.16405001,2.27,1.6563877,0.29,0.21668,14757000.0,0.022,2459718912.0,1049678976.0,1.582,0.02431,0.11533,552358976.0,0.17033
RENOVALO,IT0005500571,Euronext Growth Milan,Euronext Growth,Italy,RNV.MI,Engineering & Construction,Industrials,,-0.074,2.5,,,-6.75,6000.0,15120810.0,EUR,,-0.17179,43.639,0.030935632,-0.5,-0.2,10959957.0,,7732048.0,32811210.0,,-0.02893,-0.17606,10856639.0,-0.31909
RES,IT0005543613,Euronext Growth Milan,Euronext Growth,Italy,RES.MI,Waste Management,Industrials,,-0.739,1.93,,21.352942,12.389078,1500.0,117650384.0,EUR,103566824.0,0.13949001,1.477,4.915369,0.34,0.586,7406550.0,0.583,18776968.0,30658394.0,2.414,0.06808,0.24211,14384587.0,0.19341
RETI,IT0005418204,Euronext Growth Milan,Euronext Growth,Italy,RETI.MI,Information Technology Services,Technology,,0.257,4.06,,13.0,,1500.0,17438134.0,EUR,20552624.0,0.03964,0.745,1.919463,0.11,,1826041.0,0.149,4910500.0,33171740.0,2.716,0.042179998,0.14826,4131488.0,0.070879996
REVO INSURANCE,IT0005513202,Euronext Milan,Compartment B,Italy,REVO.MI,Insurance - Property & Casualty,Financial Services,,0.094,0.9,,35.285717,19.358074,16717.0,709799744.0,EUR,644616320.0,0.05579,9.842,2.5096526,0.7,1.2759534,4996000.0,0.194,13468000.0,368000000.0,14.289,0.03507,0.08446,40266000.0,0.09449001
REWAY GROUP,IT0005528069,Euronext Growth Milan,Euronext Growth,Italy,RWY.MI,Infrastructure Operations,Industrials,,0.384,,,20.090908,13.076922,8000.0,428793056.0,EUR,491892608.0,0.09009,2.602,4.246733,0.55,0.845,11857595.0,0.306,74086088.0,235769728.0,6.076,0.08238,0.24202,74829480.0,0.19052
REWORLD MEDIA,FR0010820274,Euronext Growth Paris,Euronext Growth,France,FR0010820274.SG,,,,,,,,,0.0,,EUR,,,,,,,,,,,,,,,
RIBA MUNDO TECNOLOGIA,ES0105724001,Euronext Growth Milan,Euronext Growth,Spain,RMT.MI,Specialty Retail,Consumer Cyclical,,-0.771,,,,,2800.0,6486310.0,EUR,47623312.0,-0.07833,-6.158,-0.45794088,-12.11,,14350000.0,6.239,54842000.0,355236992.0,152.925,-0.18574,-23.28175,15445000.0,-0.22627
RIBER,FR0000075954,Euronext Growth Paris,Euronext Growth,France,ALRIB.PA,Semiconductor Equipment & Materials,Technology,,1.133,1.49,2.42,36.333332,20.539684,38184.0,114175552.0,EUR,111694744.0,0.08264,1.025,5.3170733,0.15,0.26534,2540000.0,0.122,2722000.0,38115000.0,1.848,0.0496,0.15378,13936000.0,-0.06082
RINO PETINO,IT0005663429,Euronext Growth Milan,Euronext Growth,Italy,RPTN.MI,Specialty Business Services,Industrials,,,,,17.846153,5.7999997,500.0,6960000.0,EUR,,0.0,,,0.13,0.4,,,,,,,,,0.0
RISANAMENTO,IT0001402269,Euronext Milan,Compartment C,Italy,RN.MI,Real Estate Services,Real Estate,,0.11,,,,,4778509.0,33495704.0,EUR,12159872.0,-0.73836,-0.0,,-0.01,,24046000.0,0.013,2350000.0,35063000.0,0.02,-0.11017,-2.12318,-6416000.0,-0.33641
RIVER TECH,MT0001710103,Euronext Growth Oslo,Euronext Growth,Malta,MT0001710103.SG,,,,,,,,,0.0,,EUR,,,,,,,,,,,,,,,
ROBERTET,FR0000039091,Euronext Paris,Compartment A,France,RBT.PA,Chemicals,Basic Materials,9,0.308,1.16,0.9,18.647324,17.609333,1015.0,1832119040.0,EUR,1911934976.0,0.11542,272.054,3.2125976,46.87,49.63277,164992992.0,80.524,286102016.0,839387008.0,405.403,0.0855,0.18299,484539008.0,0.19106
ROCHE BOBOIS,FR0013344173,Euronext Paris,Compartment B,France,RBO.PA,"Furnishings, Fixtures & Appliances",Consumer Cyclical,,0.596,4.81,3.38,20.076923,20.551182,154.0,263433856.0,EUR,417406368.0,0.03186,8.609,3.0317109,1.3,1.27,57019000.0,5.663,208366000.0,415763008.0,40.846,0.03444,0.14129,261804000.0,0.05988
ROCKET SHARING COMPANY,IT0005481830,Euronext Growth Milan,Euronext Growth,Italy,RKT.MI,Software - Application,Technology,,1.3,,,,,8000.0,3717500.0,EUR,6025330.0,-0.16434,0.026,9.615384,-0.06,,436959.0,0.03,2287190.0,5858921.0,0.401,-0.01116,-0.72613,575043.0,0.01977
ROCTOOL,FR0010523167,Euronext Growth Paris,Euronext Growth,France,ALROC.PA,Electronic Components,Technology,,0.624,,,,,79860.0,9543297.0,EUR,,-0.37372002,0.604,1.2748345,-0.33,,480000.0,,1530000.0,5934525.0,,-0.16008,-1.00749,3988217.0,-0.44936
ROGALAND SPAREBANK,NO0006001007,Oslo Bors,Compartment B,Norway,ROGS.OL,Banks - Regional,Financial Services,,0.089,7.97,,11.873499,12.810247,7295.0,3412011008.0,NOK,18718953472.0,0.49301997,181.44,0.8173501,12.49,11.57667,5143266816.0,223.641,20486129664.0,978689984.0,42.567,0.011779999,0.112399995,978689984.0,0.48700002
ROMERIKE SPAREBK,NO0010808405,Euronext Growth Oslo,Euronext Growth,Norway,ROMER.OL,Banks - Regional,Financial Services,,,7.34,6.34,1.9144659,10.984615,696.0,405019360.0,NOK,6323825664.0,0.45196998,765.099,0.18664251,74.59,13.0,80862000.0,28.51,5999157760.0,468028000.0,154.86,0.011469999,0.09119,468028000.0,0.57129
ROMSDAL SPAREBANK,NO0010759988,Euronext Growth Oslo,Euronext Growth,Norway,TINDE.OL,Financial Conglomerates,Financial Services,,,4.25,,17.611712,11.498995,422.0,622937536.0,NOK,2472699648.0,0.28427,361.301,0.31635675,6.49,9.94,81769000.0,29.338,2232834048.0,281233984.0,87.101,0.00736,0.051149998,281233984.0,0.29929
ROSETTI MARINO,IT0001017851,Euronext Growth Milan,Euronext Growth,Italy,YRM.MI,Engineering & Construction,Industrials,,0.568,0.76,,29.671574,28.803871,50.0,995600000.0,EUR,908878016.0,0.04868,39.154,6.691526,8.83,9.096,162736992.0,42.826,63456000.0,690126976.0,181.612,0.06078,0.21872,50017000.0,0.04738
ROUGIER S.A.,FR0000037640,Euronext Growth Paris,Euronext Growth,France,ALRGR.PA,Lumber & Wood Production,Basic Materials,,0.019,,3.46,105.71429,,17.0,16025647.0,EUR,37605328.0,0.0018000001,14.802,0.9998649,0.14,,2980000.0,2.751,16851000.0,86627000.0,79.919,0.00244,-0.00058,52292000.0,-0.0084
ROULARTA,BE0003741551,Euronext Brussels,Compartment B,Belgium,ROU.BR,Publishing,Communication Services,,0.408,21.9,2.15,105.38462,17.125,86.0,168783136.0,EUR,104564696.0,0.00532,17.407,0.7870397,0.13,0.8,77660000.0,6.269,12801000.0,308220000.0,24.881,-0.00527,0.00784,48950000.0,-0.04383
RT&L,IT0005680373,Euronext Growth Milan,Euronext Growth,Italy,RTL.MI,Integrated Freight & Logistics,Industrials,,,,,31.923079,,24000.0,48779100.0,EUR,,0.021340001,,,0.13,,,,,3140000.0,0.361,,,68000.0,0.26783
S.D. STANDARD ETC PLC,CY0101550917,Oslo Bors,Compartment C,Cyprus,SDSD.OL,Oil & Gas Equipment & Services,Energy,,0.246,10.81,,,95.0,21836.0,996517504.0,NOK,881235712.0,0.0,2.1411645,0.88736755,-0.1,0.02,115282000.0,0.22,0.0,-487000.0,-0.001,-0.0116,-0.0113,-487000.0,0.90062
S.M.A.I.O.,FR0014005I80,Euronext Growth Paris,Euronext Growth,France,ALSMA.PA,Health Information Services,Healthcare,,0.677,,,,35.25,743.0,39756108.0,EUR,34492496.0,-0.42728,1.315,5.3612165,-0.4,0.2,3232371.0,0.621,2311364.0,5497173.0,1.053,-0.15547,-0.29152,4216137.0,-0.45506
S.S. LAZIO,IT0003621783,Euronext Milan,Compartment C,Italy,SSL.MI,Entertainment,Communication Services,,0.06,,,,,187392.0,81286696.0,EUR,144122928.0,-0.05128,0.691,1.7366138,-0.25,,4727745.0,0.07,67563984.0,125801560.0,1.857,-0.06285,-0.12891,100524904.0,-0.60651
SABAF,IT0001042610,Euronext Milan,Compartment B,Italy,SAB.MI,"Furnishings, Fixtures & Appliances",Consumer Cyclical,,1.053,4.08,3.85,36.710526,11.624999,7282.0,172626992.0,EUR,265378976.0,0.01674,12.107,1.152226,0.38,1.2,26827000.0,2.155,110635000.0,283518016.0,22.777,0.02922,0.03805,104423000.0,0.0571
SACCHERIA F.LLI FRANCESCHETTI,IT0005521551,Euronext Growth Milan,Euronext Growth,Italy,SAC.MI,Packaging & Containers,Consumer Cyclical,,0.657,5.26,,8.285714,,3000.0,10150580.0,EUR,10890445.0,0.06572,1.157,1.0025929,0.14,,3072367.0,0.351,3812232.0,18766114.0,2.145,0.061690003,0.12606,4229321.0,0.10967
SAFE,FR001400ZU25,Euronext Growth Paris,Euronext Growth,France,ALSAF.PA,Medical Instruments & Supplies,Healthcare,,-0.963,,,,-14.282858,22195.0,181186.0,EUR,4159722752.0,0.0,-0.002,-499.9,-9792.48,-0.07,317000.0,0.0,11788000.0,5041000.0,0.002,-0.03438,,2565000.0,1.8152001
SAFILO GROUP,IT0004604762,Euronext Milan,Compartment B,Italy,SFL.MI,Medical Instruments & Supplies,Healthcare,8,1.309,,,17.727274,18.27554,532171.0,764722304.0,EUR,862834688.0,0.04645,0.968,2.014463,0.11,0.1067,72574000.0,0.175,114927000.0,998888000.0,2.411,0.04881,0.11031,601833984.0,0.09916
SAGA PURE,NO0010572589,Oslo Bors,Compartment C,Norway,SAGA.OL,Asset Management,Financial Services,,0.575,,,149.0,,115996.0,1005568832.0,NOK,398292864.0,0.28104,1.753,0.8499715,0.01,,458276000.0,0.797,0.0,34137000.0,0.069,0.00911,0.01207,34137000.0,0.91463995
SAINT JEAN GROUPE,FR0000060121,Euronext Paris,Compartment C,France,SABE.PA,Packaged Foods,Consumer Defensive,,0.106,,1.12,,,261.0,66698836.0,EUR,90288000.0,-0.00884,23.434,0.89613384,-0.32,,35709000.0,11.159,58797000.0,116459000.0,36.399,-0.008909999,-0.01362,62991000.0,-0.03619
SALMON EVOLUTION ASA,NO0010892094,Oslo Bors,Compartment B,Norway,SALME.OL,Farm Products,Consumer Defensive,,0.376,,,,-23.771593,621147.0,2208930816.0,NOK,3563388672.0,-0.52989,4.44,1.0754504,-0.43,-0.20087,156354000.0,0.338,1510812032.0,376820000.0,0.815,-0.02855,-0.09278,179964000.0,-0.41368
SALVATORE FERRAGAMO,IT0004712375,Euronext Milan,Compartment A,Italy,SFER.MI,Luxury Goods,Consumer Cyclical,8,0.921,,2.0,,3555.851,242061.0,1107548800.0,EUR,1604463744.0,-0.13340999,3.602,1.8559134,-0.79,0.00188,206692992.0,1.248,702430976.0,985907968.0,5.951,-0.04697,-0.20111,683465024.0,-0.09314
SAMBA DIGITAL SGPS S.A.,PTDGL0AM0003,Euronext Growth Lisbon,Euronext Growth,Portugal,ALSMB.LS,,,,,,,,,2677.0,148000000.0,EUR,,,2.52,5.873016,,,,,,,,,,,
SAMSE,FR0000060071,Euronext Paris,Compartment B,France,SAMS.PA,Industrial Distribution,Industrials,,0.495,6.45,6.74,22.677597,11.66154,12.0,421681120.0,EUR,905944704.0,0.0095,172.688,0.7209534,5.49,10.67612,109503000.0,32.368,593038976.0,1976551040.0,581.054,0.019019999,0.03375,585100992.0,0.0112
SANLORENZO,IT0003549422,Euronext Milan,Compartment A,Italy,SL.MI,Recreational Vehicles,Consumer Cyclical,6,0.736,2.9,,11.672241,11.861549,52981.0,1233622528.0,EUR,1292915456.0,0.103819996,13.807,2.5277035,2.99,2.94228,126276000.0,3.576,182012000.0,1022112000.0,28.947,0.076859996,0.23584,308896000.0,0.15174
SAPMER,FR0010776617,Euronext Growth Paris,Euronext Growth,France,ALMER.PA,Packaged Foods,Consumer Defensive,,0.181,,1.65,5.7692304,,22.0,32002346.0,EUR,65553000.0,0.048899997,7.302,0.7189811,0.91,,10555000.0,1.73,44082000.0,107312000.0,20.629,0.036259998,0.13347,59074000.0,0.057690002
SATS,NO0010863285,Oslo Bors,Compartment B,Norway,SATS.OL,Leisure,Consumer Cyclical,,0.962,3.07,,18.076923,11.322936,577733.0,8416337408.0,NOK,14553337856.0,0.08604,7.308,5.788177,2.34,3.73578,528000000.0,2.654,6664999936.0,5509000192.0,27.276,0.05876,0.33868998,3308000000.0,0.15966
SAVENCIA S.A.,FR0000120107,Euronext Paris,Compartment B,France,SAVE.PA,Packaged Foods,Consumer Defensive,,0.247,2.68,1.74,9.0,6.2597747,384.0,768980224.0,EUR,1632213248.0,0.012250001,126.359,0.4700892,6.6,9.48916,864004992.0,65.533,1459917952.0,7155470848.0,538.727,0.02799,0.055809997,2439666944.0,0.029879998
SAVONNERIE NYONS,FR0013155975,Euronext Access Paris,Euronext Access,France,MLSDN.PA,Household & Personal Products,Consumer Defensive,,,3.72,,13.484162,,40.0,6719900.0,EUR,,0.0,,,2.21,,,,,,,,,,0.0
SBE-VARVIT,IT0005568461,Euronext Growth Milan,Euronext Growth,Italy,VARV.MI,Tools & Accessories,Industrials,,,2.75,,25.161291,17.615177,1800.0,664560000.0,EUR,,0.0,,,0.31,0.4428,,,,,,,,,0.0
SCANA,NO0003053308,Oslo Bors,Compartment C,Norway,NO0003053308.SG,,,,,,,,,0.0,,EUR,,,,,,,,,,,,,,,
SCATEC ASA,NO0010715139,Oslo Bors,Compartment B,Norway,SCATC.OL,Utilities - Renewable,Utilities,1,1.546,,1.22,17.874619,12.370371,168509.0,18686316544.0,NOK,46409408512.0,0.28796,63.505,1.8407999,6.54,9.45,5594999808.0,35.211,31419000832.0,3628999936.0,22.851,0.01681,0.08478,3628999936.0,0.19236
SCEMI,FR0010972091,Euronext Access Paris,Euronext Access,France,MLCMI.PA,Specialty Business Services,Industrials,,-1.682964,,,25.285713,,3.0,3723134.0,EUR,5048318.0,0.15321,3.631,0.97493804,0.14,,,,,3034907.0,2.886,0.028380001,0.13781999,213818.0,0.06901
SECHE ENVIRONNEM.,FR0000039109,Euronext Paris,Compartment B,France,SCHP.PA,Waste Management,Industrials,5,0.632,1.98,1.31,11.482143,12.386824,20308.0,499304128.0,EUR,1527094144.0,0.03442,46.156,1.3931018,5.6,5.191,338532000.0,43.596,1152461056.0,1262774016.0,163.051,0.039389998,0.11164,724526976.0,0.08104999
SECO,IT0005438046,Euronext Milan,Compartment B,Italy,IT0005438046.SG,,,,,,,,,0.0,,EUR,,,,,,,,,,,,,,,
SED ENERGY HOLDINGS PLC,CY0101162119,Oslo Bors,Compartment C,Cyprus,ENH.OL,Oil & Gas Equipment & Services,Energy,,,10.25,,18.958334,7.291667,1084502.0,6606459904.0,NOK,,0.0,4.634432,1.9635633,0.48,1.248,,,,,,,,,0.0
SELVAAG BOLIG,NO0010612450,Oslo Bors,Compartment B,Norway,SBO.OL,Real Estate - Development,Real Estate,8,0.874,2.83,8.5,24.894365,10.910493,5695.0,3312089344.0,NOK,6368510976.0,0.03391,24.389,1.4494239,1.42,3.24,200576000.0,2.151,3265140992.0,1488338048.0,18.222,-0.00017999999,0.02183,253960992.0,0.03861
SEMAPA,PTSEM0AM0004,Euronext Lisbon,Compartment A,Portugal,SEM.LS,Paper & Paper Products,Basic Materials,6,0.558,2.65,6.41,0.015798468,12.421164,32185.0,1904884608.0,EUR,3717305344.0,0.059710003,21.41,1.1139655,1509.64,1.92011,217078960.0,2.718,1704460672.0,2875881984.0,36.007,0.04067,0.10686,914328192.0,0.0911
SEMCO TECHNOLOGIES,FR0014010H01,Euronext Growth Paris,Euronext Growth,France,ALSEM.PA,Semiconductor Equipment & Materials,Technology,,,,,51.617645,28.079773,6905.0,360360000.0,EUR,333454656.0,0.21191,1.461,24.024641,0.68,1.25001,9820000.0,0.956,3448000.0,31447000.0,31.447,0.15642,0.41621,17731000.0,0.37355
SENSORION,FR0012596468,Euronext Growth Paris,Euronext Growth,France,ALSEN.PA,Biotechnology,Healthcare,,0.553,,,,-7.2,2753026.0,157477680.0,EUR,40030488.0,0.0,0.19,1.6105263,-0.09,-0.0425,57064000.0,0.19,1549000.0,5648000.0,0.019,-0.21511999,-0.39995998,5648000.0,-7.2247496
SENTIA,NO0013573014,Oslo Bors,Compartment B,Norway,SNTIA.OL,Engineering & Construction,Industrials,,,16.19,,15.36062,12.965453,131746.0,6972670464.0,NOK,2696029440.0,0.04764,16.878,4.113639,4.52,5.355,4322999808.0,43.046,197000000.0,11797999616.0,119.936,0.05257,0.32657,2587000064.0,0.0591
SENUS PLC,IE000O0F49R3,Euronext Dublin,Euronext Access ,Ireland,SENUS.IR,Software - Infrastructure,Technology,,,,,,,1000.0,,EUR,,0.0,,,-0.23,,,,,,,,,,0.0
SEQUA PETROLEUM NV,NL0010623518,Euronext Access Paris,Euronext Access,Netherlands,MLSEQ.PA,Oil & Gas E&P,Energy,,-0.079,,,,,76005.0,4304999.0,EUR,-17889000.0,0.0,0.002531838,1.7773649,-0.0,,22194000.0,0.023,0.0,,,-0.27487,-0.65466005,,0.0
SEQUANA MEDICAL,BE0974340722,Euronext Brussels,Compartment C,Belgium,SEQUA.BR,Medical Devices,Healthcare,,-0.636,,,,-4.8347826,125875.0,41437532.0,EUR,65896372.0,0.0,-0.685,-0.8116788,-1.23,-0.115,7314320.0,0.128,41402168.0,0.0,0.0,-0.88404,,-355.0,0.0
SERGEFERRARI GROUP,FR0011950682,Euronext Paris,Compartment C,France,SEFER.PA,Building Products & Equipment,Industrials,,1.293,,1.05,76.181816,10.084357,7527.0,95736272.0,EUR,236681072.0,0.00217,9.536,0.8787752,0.11,0.83099,20046000.0,1.755,149208992.0,340463008.0,30.912,0.02554,0.02217,162311008.0,0.08562
SERI INDUSTRIAL,IT0005283640,Euronext Milan,Compartment B,Italy,IT0005283640.SG,,,,,,,,,0.0,,EUR,,,,,,,,,,,,,,,
SESA,IT0004729759,Euronext Milan,Compartment A,Italy,SES.MI,Information Technology Services,Technology,8,1.111,1.25,2.14,18.97647,10.48665,25005.0,1217512192.0,EUR,1411110144.0,0.01925,28.655,2.8145175,4.25,7.69073,464096000.0,30.534,583068992.0,3420641024.0,223.106,0.038680002,0.14956,233324992.0,0.03455
SG COMPANY,IT0005337172,Euronext Growth Milan,Euronext Growth,Italy,SGC.MI,Specialty Business Services,Industrials,,0.415,,,,4.5882354,750.0,8575649.0,EUR,20022174.0,-0.00456,0.125,1.872,-0.01,0.051,2147779.0,0.075,13773228.0,41040840.0,1.432,0.010779999,0.09493,6582473.0,0.031089999
SHOWROOMPRIVE,FR0013006558,Euronext Paris,Compartment C,France,SRP.PA,Internet Retail,Consumer Cyclical,8,0.915,,,,-3.9777777,63593.0,82256880.0,EUR,,-0.061389998,1.577,0.45402664,-0.15,-0.18,46043000.0,,36777000.0,646456000.0,,-0.02084,-0.21709,238024992.0,-0.02157
SIAV,IT0005504128,Euronext Growth Milan,Euronext Growth,Italy,SIAV.MI,Software - Application,Technology,,0.848,,,,8.216216,10000.0,27242164.0,EUR,44789984.0,-0.017380001,0.982,3.095723,-0.07,0.37,1540098.0,0.172,19115320.0,34590840.0,3.888,0.01179,-0.06582,6554426.0,0.05386
SICILY BY CAR,IT0005556581,Euronext Growth Milan,Euronext Growth,Italy,SBC.MI,Rental & Leasing Services,Industrials,,0.44,3.09,,,9.657127,20760.0,108568920.0,EUR,210032448.0,-0.01777,3.921,0.8339709,-0.08,0.33861,65814608.0,2.025,169570528.0,143985184.0,4.429,-0.0075700004,-0.02004,49605464.0,-0.22072001
SIDETRADE,FR0010202606,Euronext Growth Paris,Euronext Growth,France,ALBFR.PA,Software - Application,Technology,,0.502,,2.51,21.133093,19.616028,13695.0,165880272.0,EUR,145846512.0,0.14132,30.367,3.8693318,5.56,5.99,27153552.0,19.235,6776892.0,59635480.0,42.245,0.07192,0.21608,7030335.0,0.15772
SIF HOLDING,NL0011660485,Euronext Amsterdam,Compartment B,Netherlands,SIFG.AS,Metal Fabrication,Industrials,3,0.856,,,,37.25,24476.0,222670160.0,EUR,392261152.0,-0.07052,7.044,1.0576377,-1.16,0.2,82466000.0,2.759,250016992.0,456224992.0,17.263,-0.03243,-0.13924,67578000.0,-0.105
SIGNAUX GIROD,FR0000060790,Euronext Growth Paris,Euronext Growth,France,ALGIR.PA,Railroads,Industrials,,0.432,9.04,6.93,22.770271,,302.0,16637353.0,EUR,18294422.0,0.00751,54.221,0.3107652,0.74,,17141000.0,17.315,18753000.0,101672000.0,102.706,0.02408,0.014090001,31337000.0,0.0759
SIMONE,IT0005573123,Euronext Growth Milan,Euronext Growth,Italy,SMN.MI,Publishing,Communication Services,,-0.365,0.83,,Infinity,,11000.0,9201250.0,EUR,10586312.0,0.00052,1.86,0.672043,0.0,,6064691.0,0.809,7136679.0,14542783.0,1.939,-0.02025,0.00418,5036231.0,-0.100509994
SIPEF,BE0003898187,Euronext Brussels,Compartment B,Belgium,SIP.BR,Farm Products,Consumer Defensive,,0.232,4.91,2.25,8.608094,10.463205,3770.0,908389568.0,EUR,865058112.0,0.21992001,81.2087,1.0737765,10.13,8.333966,93373000.0,8.971,5010000.0,570432000.0,54.778,0.10045,0.13362001,250735008.0,0.32965
SIRIUS MEDIA,FR0010812230,Euronext Growth Paris,Euronext Growth,France,FR0010812230.SG,,,,,,,,,0.0,,EUR,,,,,,,,,,,,,,,
SIT,IT0005262149,Euronext Milan,Compartment C,Italy,SIT.MI,Specialty Industrial Machinery,Industrials,,1.214,,3.67,,6.7027025,9404.0,60694024.0,EUR,207033760.0,-0.06987,4.105,0.6041413,-1.08,0.37,14599000.0,0.597,159562000.0,314707008.0,12.859,0.00503,-0.19131,113088000.0,0.06315
SKANDIA GREENPOWER AS,NO0010931207,Euronext Growth Oslo,Euronext Growth,Norway,SKAND.OL,Utilities - Renewable,Utilities,,1.506,1.29,,13.250001,,2000.0,189950128.0,NOK,152114832.0,0.030650001,0.803,1.9800749,0.12,,39116000.0,0.325,0.0,494787520.0,2.543,0.042630002,0.16160999,57285336.0,0.007900001
SKUE SPAREBANK,NO0006001809,Oslo Bors,Compartment C,Norway,SKUE.OL,Banks - Regional,Financial Services,,0.098,6.38,5.24,15.716209,10.504202,1112.0,2020854144.0,NOK,2602802944.0,0.43348998,664.947,0.5263577,22.27,33.32,4167350016.0,721.155,4753379840.0,697934976.0,120.777,0.0119,0.08494,697934976.0,0.4768
Sligro Food Group N.V.,NL0000817179,Euronext Amsterdam,Compartment B,Netherlands,SLIGR.AS,Food Distribution,Consumer Defensive,,1.135,3.54,4.85,20.852942,10.241299,100364.0,626561984.0,EUR,724843136.0,0.01124,22.162,0.6398339,0.68,1.38459,94000000.0,4.358,513000000.0,2668000000.0,60.475,0.02249,0.06322,787000000.0,0.03374
SMALTO,FR0011131788,Euronext Access Paris,Euronext Access,France,MLSML.PA,Apparel Manufacturing,Consumer Cyclical,,-0.348,,,,,100000.0,625996.0,EUR,24746960.0,1.51842,1.448,0.019682322,-0.54,,194000.0,0.013,24507000.0,1751625.0,0.115,-0.00252,0.21907,330755.0,-0.019650001
SMART CAPITAL,IT0005621070,Euronext Growth Milan,Euronext Growth,Italy,SMCAP.MI,Asset Management,Financial Services,,,,,54.0,,3226.0,51603720.0,EUR,68212400.0,0.69393,1.316,1.231003,0.03,,1296009.0,0.044,4344719.0,1387201.0,0.047,-0.012999999,0.02368,44497.0,-0.81311995
SMARTCRAFT ASA,NO0011008971,Oslo Bors,Compartment B,Norway,SMCRT.OL,Software - Application,Technology,,0.39,,,34.019608,17.886599,22847.0,2855387904.0,NOK,2748349696.0,0.15248,5.864,2.9587314,0.51,0.97,144720000.0,0.878,28248000.0,558928000.0,3.367,0.05224,0.089549996,287881984.0,0.16268998
SMARTOPTICS GROUP ASA,NO0011012502,Oslo Bors,Compartment B,Norway,SMOP.OL,Communication Equipment,Technology,,,2.02,,80.24999,48.18806,371470.0,3147260928.0,NOK,3146463232.0,0.07435,2.7216582,11.79428,0.4,0.6661401,1660000.0,0.017,862000.0,46147648.0,0.568,,,18256196.0,0.12158
SMCP,FR0013214145,Euronext Paris,Compartment B,France,SMCP.PA,Apparel Retail,Consumer Cyclical,3,0.994,,,31.300001,9.4141,87681.0,488992416.0,EUR,1089903744.0,0.0123000005,14.923,0.4194867,0.2,0.66496,43700000.0,0.559,644200000.0,1227500032.0,15.99,0.010930001,0.012999999,774800000.0,0.067880005
SMTPC,FR0004016699,Euronext Growth Paris,Euronext Growth,France,FR0004016699.SG,,,,,,,,,0.0,,EUR,,,,,,,,,,,,,,,
SOC FRANC CASINOS,FR0010209809,Euronext Paris,Compartment C,France,SFCA.PA,Resorts & Casinos,Consumer Cyclical,,0.48,,,9.25,,510.0,9421070.0,EUR,8341747.0,0.07312,2.586,0.71539056,0.2,,5257000.0,1.032,4631000.0,13745000.0,2.699,0.03979,0.08302,7851000.0,0.10023
SOCIETA' EDITORIALE IL FATTO,IT0005353484,Euronext Growth Milan,Euronext Growth,Italy,SEIF.MI,Publishing,Communication Services,,0.488,,,,13.0,6000.0,5867450.0,EUR,10471848.0,-0.062340003,-0.24,-1.0833334,-0.1,0.02,334579.0,0.015,4984111.0,35210384.0,1.56,-0.059380002,,4986087.0,-0.07036
SODITECH ING.,FR0000078321,Euronext Paris,Compartment C,France,SEC.PA,Engineering & Construction,Industrials,,0.316,,,18.484848,,7691.0,13878939.0,EUR,13815631.0,0.091029994,1.43,4.265734,0.33,,354169.0,0.156,973437.0,8380679.0,3.683,0.0349,0.26946,743392.0,0.073460005
SOFTIMAT,BE0003773877,Euronext Growth Brussels,Euronext Growth,Belgium,SOFT.BR,Real Estate Services,Real Estate,,-0.046,36.23,18.68,2.5555553,,24.0,2541370.0,EUR,2499370.0,-0.60298,1.884,0.36624205,0.27,,186000.0,0.051,144000.0,738000.0,0.196,-0.04316,-0.06178,223000.0,-0.68324995
SOFTLAB,IT0001469953,Euronext Milan,Compartment C,Italy,SFT.MI,Telecom Services,Communication Services,,0.513,,,40.666668,,2154.0,16414446.0,EUR,16623718.0,0.01679,0.713,1.71108,0.03,,1484000.0,0.11,1626000.0,31866000.0,2.381,0.02082,0.04814,14835000.0,0.041539997
SOFTOX SOLUTIONS,NO0010811961,Euronext Growth Oslo,Euronext Growth,Norway,NO0010811961.SG,,,,,,,,,0.0,,EUR,,,,,,,,,,,,,,,
SOGECLAIR,FR0000065864,Euronext Growth Paris,Euronext Growth,France,ALSOG.PA,Aerospace & Defense,Industrials,,0.857,3.22,4.4,18.363636,13.867277,1910.0,92581888.0,EUR,118222408.0,0.03174,14.83,2.0431557,1.65,2.185,15884000.0,5.198,27738000.0,158488000.0,51.902,0.040209997,0.107370004,93762000.0,0.01808
SOGEFI,IT0000076536,Euronext Milan,Compartment B,Italy,SGF.MI,Auto Parts,Consumer Cyclical,,1.069,4.72,6.22,12.84,11.445891,70595.0,382345120.0,EUR,455345120.0,0.01988,2.449,1.3107392,0.25,0.28045,60600000.0,0.509,121800000.0,1000476992.0,8.4,0.053049996,0.106400006,203328000.0,0.0681
SOGES GROUP,IT0005597411,Euronext Growth Milan,Euronext Growth,Italy,SOGES.MI,Resorts & Casinos,Consumer Cyclical,,,,,,10.228571,3600.0,10814054.0,EUR,23367220.0,-0.06178,0.724,2.4723756,-0.21,0.175,7479272.0,1.238,19911612.0,21277420.0,3.522,-0.01492,-0.33021,12921926.0,-0.07501
SOGN SPAREBANK,NO0006000603,Oslo Bors,Compartment C,Norway,SOGN.OL,Banks - Regional,Financial Services,,,6.85,5.7,13.587295,15.644503,863.0,193450128.0,NOK,270533600.0,0.43942,2117.427,0.14444418,22.51,19.55,471407008.0,761.501,561177984.0,257312000.0,415.656,0.0136899995,0.09085,257312000.0,0.46237
SOILTECH ASA,NO0010713571,Euronext Expand Oslo,Euronext Expand,Norway,STECH.OL,Waste Management,Industrials,,,,,20.42353,14.079481,27822.0,757709056.0,NOK,,0.0,,,4.25,6.165,,,,,,,,,0.0
SOITEC,FR0013227113,Euronext Paris,Compartment A,France,SOI.PA,Semiconductor Equipment & Materials,Technology,3,1.246,,,128.31035,157.34946,144462.0,1327768704.0,EUR,1457026304.0,0.014450001,41.291,0.9011649,0.29,0.23648,823729984.0,23.079,952681024.0,783854976.0,21.979,0.02905,0.00728,242280000.0,0.08242
SOL,IT0001206769,Euronext Milan,Compartment A,Italy,SOL.MI,Specialty Chemicals,Basic Materials,10,0.628,0.84,1.11,27.51445,23.453358,19984.0,4317319680.0,EUR,4840467968.0,0.090100005,11.68,4.075342,1.73,2.02956,258295008.0,2.848,733993984.0,1734627968.0,19.122,0.07239,0.15501,416801984.0,0.15316
SOLID WORLD GROUP,IT0005497893,Euronext Growth Milan,Euronext Growth,Italy,S3D.MI,Computer Hardware,Technology,,-0.128,,,,,23100.0,12649723.0,EUR,22913662.0,-0.10414,0.758,0.8891821,-0.26,,2492895.0,0.134,12909678.0,59780756.0,3.213,,,14245630.0,-0.054109998
SOLOCAL GROUP,FR001400SA10,Euronext Paris,Compartment C,France,LOCAL.PA,Advertising Agencies,Communication Services,,0.624,,13.05,0.16453509,13.599612,132111.0,170114656.0,EUR,163625648.0,0.47617,-1.229,-3.8730679,28.93,0.35001,75775000.0,2.12,69286000.0,334800992.0,10.639,-0.0076,,175952000.0,0.056539997
SOLSTAD MARITIME,NO0013135368,Oslo Bors,Compartment B,Norway,SOMA.OL,Marine Shipping,Industrials,,,9.45,,4.8749995,5.2028904,141910.0,10889390080.0,NOK,,0.36102,19.069,1.2271225,4.8,4.4975,78000000.0,,608000000.0,590000000.0,,0.070489995,0.24246,315000000.0,0.33108002
SOLSTAD OFFSHORE,NO0003080608,Oslo Bors,Compartment B,Norway,SOFF.OL,Marine Shipping,Industrials,10,1.085,2.03,6.58,3.196881,2.7022574,30282.0,5343366144.0,NOK,4338165760.0,0.60217,38.979,1.2622181,15.39,18.207,87000000.0,1.057,411000000.0,271306304.0,30.118,0.038900003,0.43300998,190024576.0,0.31507
SOLUTIONS 30 SE,FR0013379484,Euronext Paris,Compartment B,France,S30.PA,Information Technology Services,Technology,2,1.795,,,,-11.26875,166864.0,96511160.0,EUR,236195536.0,-0.02822,0.695,1.2971222,-0.25,-0.08,59100000.0,0.552,186500000.0,946000000.0,8.842,0.00675,-0.24228,628099968.0,-0.00556
SOLUTIONS CAPITAL MANAGEMENT SIM,IT0005200248,Euronext Growth Milan,Euronext Growth,Italy,SCM.MI,Capital Markets,Financial Services,,0.136,,,35.076923,13.818181,2280.0,10188244.0,EUR,9314471.0,0.02981,1.464,3.1147542,0.13,0.33,1730196.0,0.774,856423.0,9755133.0,4.366,0.04783,0.09312,5136015.0,0.02121
SOLVACNOM(RETAIL),BE0003545531,Euronext Brussels,Compartment A,Belgium,SOLV.BR,Chemicals,Basic Materials,,0.517,13.83,5.05,16.857141,6.1872654,409.0,1765577728.0,EUR,1846969728.0,25185.8,117.728,0.7016173,4.9,13.35,68608000.0,3.21,150000000.0,5000.0,0.0,,,-2628000.0,-853.0
SOMEC,IT0005329815,Euronext Milan,Compartment B,Italy,SOM.MI,Engineering & Construction,Industrials,,0.965,,,208.57143,9.468223,13304.0,106301256.0,EUR,179186240.0,0.0011999999,2.833,5.153548,0.07,1.542,31767000.0,4.363,102785000.0,388800000.0,56.347,0.03283,0.13906999,236342000.0,0.04445
SONAE,PTSON0AM0001,Euronext Lisbon,Compartment A,Portugal,SON.LS,Grocery Stores,Consumer Defensive,3,0.533,3.07,5.38,17.854546,12.864348,2970787.0,3806889216.0,EUR,12667164672.0,0.02464,0.73,2.6904109,0.11,0.15267,486127008.0,0.113,4002209024.0,11252625408.0,5.782,0.0252,0.097279996,2785146880.0,0.05
"SONAECOM,SGPS",PTSNC0AM0006,Euronext Lisbon,Compartment B,Portugal,SNC.LS,Publishing,Communication Services,,0.069,0.95,4.21,290.00003,26.363638,7206.0,886730176.0,EUR,694172672.0,0.05703,4.456,0.6508079,0.01,0.11,212227936.0,0.709,3263347.0,19958448.0,0.066,-0.00714,4.0000003e-05,-10857715.0,-0.42541
SOSTRAVEL.COM,IT0005338675,Euronext Growth Milan,Euronext Growth,Italy,SOS.MI,Travel Services,Consumer Cyclical,,0.678,0.76,,,Infinity,37500.0,6542643.0,EUR,7089699.0,-0.01244,0.323,1.5479876,-0.02,0.0,1256286.0,0.096,1829582.0,22053618.0,1.685,-0.00942,-0.06225,871135.0,-0.05479
SPADEL,BE0003798155,Euronext Brussels,Compartment B,Belgium,SPA.BR,Beverages - Non-Alcoholic,Consumer Defensive,,0.33,1.23,1.14,24.761906,,10.0,1079090944.0,EUR,943665984.0,0.10904,78.041,3.331582,10.5,,140520992.0,33.86,5132000.0,399964000.0,96.377,0.06695,0.14113,161544992.0,0.16025999
SPARBNK 68 GR NORD,NO0010887110,Euronext Growth Oslo,Euronext Growth,Norway,SB68.OL,Banks - Regional,Financial Services,,0.2,5.85,,12.016413,11.714286,150.0,610917440.0,NOK,2188007424.0,0.42326,543.885,0.3769179,17.06,17.5,974313984.0,326.942,2551404032.0,356796000.0,119.513,0.012150001,0.09623,356796000.0,0.55316
SPAREBANK 1 SMN,NO0006390301,Oslo Bors,Compartment A,Norway,MING.OL,Banks - Regional,Financial Services,3,0.409,6.48,5.63,11.002088,10.784446,185064.0,30399660032.0,NOK,74673774592.0,0.47776002,196.255,1.0741128,19.16,19.54667,7903000064.0,54.81,51841998848.0,8926999552.0,61.911,0.01743,0.14398,8926999552.0,0.60383
SPAREBANKEN MØRE,NO0012483207,Oslo Bors,Compartment B,Norway,MORG.OL,Banks - Regional,Financial Services,,0.268,5.5,4.88,11.891328,11.752156,155170.0,5640426496.0,NOK,48806531072.0,0.43960997,173.996,0.654038,9.57,9.68333,2328999936.0,46.989,45506998272.0,2343000064.0,47.106,0.00973,0.11196,2336000000.0,0.61695
SPAREBANKEN ØST,NO0006222009,Oslo Bors,Compartment C,Norway,SPOG.OL,Banks - Regional,Financial Services,,,8.47,8.11,3.2434578,13.193549,16288.0,1695810944.0,NOK,,0.51165,222.399,0.36780742,25.22,6.2,300600000.0,,23599099904.0,1021800000.0,,0.01133,0.10389,1021800000.0,0.56348
SPAREBANKEN VEST,NO0006000900,Oslo Bors,Compartment A,Norway,SBNOR.OL,Banks - Regional,Financial Services,8,0.429,6.04,5.01,4.894927,12.225013,166396.0,35104239616.0,NOK,321317011456.0,0.55512,284.475,0.71236485,41.4,16.57667,8858999808.0,51.887,295083999232.0,11692999680.0,77.905,0.01429,0.16229,11692999680.0,0.66120005
SPARTOO,FR00140043Y1,Euronext Growth Paris,Euronext Growth,France,FR00140043Y1.SG,,,,,,,,,0.0,,EUR,,,,,,,,,,,,,,,
SPBK 1 NORDMØRE,NO0010691660,Oslo Bors,Compartment C,Norway,SNOR.OL,Banks - Regional,Financial Services,,0.123,6.04,,9.809119,9.973046,638.0,1671759488.0,NOK,5034439680.0,0.46530998,460.723,0.4015428,18.86,18.55,3273999872.0,361.295,6625999872.0,1080999936.0,64.894,0.01721,0.1153,1080999936.0,0.55019003
SPBK 1 ØSTLANDET,NO0010751910,Oslo Bors,Compartment A,Norway,NO0010751910.SG,,,,,,,,,0.0,,EUR,,,,,,,,,,,,,,,
SPBK1 HELGELAND,NO0010029804,Oslo Bors,Compartment B,Norway,HELG.OL,Banks - Regional,Financial Services,,0.111,4.46,3.6,12.1786995,11.2984085,1902.0,4594076672.0,NOK,12317419520.0,0.44799998,186.276,0.91466427,13.99,15.08,1360999936.0,50.563,9045999616.0,1124999936.0,41.557,0.0125899995,0.094790004,1124999936.0,0.42856997
SPBK1 NORD-NORGE,NO0006000801,Oslo Bors,Compartment B,Norway,NO0006000801.SG,,,,,,,,,0.0,,EUR,,,,,,,,,,,,,,,
SPBK1 ØSTFOLD AKER,NO0010285562,Oslo Bors,Compartment B,Norway,SOAG.OL,Banks - Regional,Financial Services,,,5.44,4.69,9.238404,10.233341,296.0,5650168320.0,NOK,10762924032.0,0.47921002,396.607,1.150005,49.37,44.57,109000000.0,8.209,4816000000.0,1371000064.0,103.002,0.0216,0.12753999,1371000064.0,0.53313
SPBK1 RINGERIKE,NO0006390400,Oslo Bors,Compartment B,Norway,RING.OL,Banks - Regional,Financial Services,,0.097,6.59,4.89,9.761296,10.822307,55.0,7167766016.0,NOK,7092934144.0,0.51717997,321.334,1.4253082,46.92,42.32,4467999744.0,285.488,4439000064.0,1391000064.0,90.077,0.022550002,0.13948,1391000064.0,0.60960996
SPEED RABBIT PIZZA,FR0000054371,Euronext Access Paris,Euronext Access,France,MLSRP.PA,Food Distribution,Consumer Defensive,,-1.233,,,59.459457,,6.0,37631552.0,EUR,,0.6105,4.769,4.6131263,0.37,,,,,765995.0,0.448,0.00514,0.059019998,101539.0,0.17754999
SPINEGUARD,FR0011464452,Euronext Growth Paris,Euronext Growth,France,ALSGD.PA,Medical Devices,Healthcare,,0.719,,,,-4.2933335,1105978.0,12093517.0,EUR,9879442.0,-0.59287,0.066,1.9515152,-0.04,-0.03,745138.0,0.012,2309063.0,4322430.0,0.077,-0.15752,-0.59247,3347862.0,-0.35029998
SPINEWAY,FR001400N2P2,Euronext Growth Paris,Euronext Growth,France,ALSPW.PA,Medical Instruments & Supplies,Healthcare,,0.287,,,15.9,5.2999997,1759521.0,5651558.0,EUR,2912872.0,-0.161,0.703,0.22617353,0.01,0.03,4028000.0,0.119,1542000.0,11801000.0,0.348,-0.02786,-0.084230006,4842000.0,-0.20868999
SPIR GROUP ASA,NO0012548819,Oslo Bors,Compartment C,Norway,SPIR.OL,Information Technology Services,Technology,,1.442,28.77,,282.66666,28.266665,1818.0,1127418368.0,NOK,1310275456.0,0.65102,12.53,0.6767757,0.03,0.3,94301000.0,0.709,185483008.0,1222114944.0,9.054,0.016139999,0.00312,760819968.0,0.01082
Sporting Clube de Braga,PTSCB0AM0001,Euronext Access Lisbon,Euronext Access,Portugal,SCB.LS,Entertainment,Communication Services,,0.997,,,,,2.0,18360000.0,EUR,68024000.0,-0.60665,57.516,0.26601294,-9.15,,2623000.0,2.186,52287000.0,18108204.0,15.09,-0.13509,-0.14743,-1619718.0,1.4749899
Sporting Clube de Portugal,PTSCP0AM0001,Euronext Lisbon,Compartment C,Portugal,SCP.LS,Entertainment,Communication Services,,0.267,,,9.8,,390.0,197950624.0,EUR,342796640.0,0.13515,0.203,4.8275867,0.1,,15581000.0,0.077,160427008.0,148148992.0,0.733,-0.09810001,0.64686996,140304000.0,-1.05422
ST DUPONT,FR0000054199,Euronext Paris,Compartment C,France,DPT.PA,Luxury Goods,Consumer Cyclical,,-0.01,,,Infinity,,18101.0,85876984.0,EUR,91353728.0,0.013409999,0.029,3.137931,0.0,,5133000.0,0.005,10421000.0,56368000.0,0.06,0.00601,0.02843,30222000.0,-0.0396
STAINLESS TANKERS ASA,NO0012780958,Euronext Growth Oslo,Euronext Growth,Norway,STST.OL,Marine Shipping,Industrials,,,23.26,,7.4358974,3.180361,4768.0,508950016.0,NOK,,0.0,,,5.07,11.854,,,,,,,,,0.0
STAR7,IT0005466195,Euronext Growth Milan,Euronext Growth,Italy,STAR7.MI,Specialty Business Services,Industrials,,0.294,,,25.454544,7.1489363,400.0,75315568.0,EUR,106778128.0,0.02458,3.439,2.4425704,0.33,1.175,15975540.0,1.775,45452572.0,120084104.0,13.343,0.05366,0.121879995,71070392.0,0.087869994
STEF,FR0000064271,Euronext Paris,Compartment A,France,STF.PA,Integrated Freight & Logistics,Industrials,9,0.82,3.3,3.45,16.470589,10.59986,3972.0,1593807104.0,EUR,3036410880.0,0.02123,98.824,1.274994,7.65,11.88695,117038000.0,9.313,1569920000.0,4949651968.0,394.425,0.02744,0.07943,535875008.0,0.02148
STIF,FR001400MDW2,Euronext Growth Paris,Euronext Growth,France,ALSTI.PA,Specialty Industrial Machinery,Industrials,,1.617,0.98,,24.879032,16.775011,21730.0,316857568.0,EUR,313968640.0,0.1743,4.928,12.520292,2.48,3.67809,10216518.0,1.989,12671942.0,72705760.0,14.241,0.24383,0.61427,48579776.0,0.22883
STRADIM,FR0000074775,Euronext Growth Paris,Euronext Growth,France,ALSAS.PA,Real Estate Services,Real Estate,,0.001,2.0,2.91,10.227273,,132.0,15478920.0,EUR,67362160.0,0.01361,10.635,0.42313117,0.44,,17825084.0,5.182,69644744.0,112055856.0,32.577,0.00783,0.04666,23684474.0,0.01592
STREAMWIDE,FR0010528059,Euronext Growth Paris,Euronext Growth,France,ALSTW.PA,Software - Application,Technology,,1.231,,,34.82587,35.532993,2333.0,185750176.0,EUR,164238736.0,0.22957,10.27,6.8159685,2.01,1.97,15513000.0,5.846,9923000.0,23217000.0,8.786,0.07705,0.21370001,15734000.0,0.23683001
STREIT MECANIQUE,FR0000063976,Euronext Access Paris,Euronext Access,France,MLSTR.PA,Auto Parts,Consumer Cyclical,,1.363254,,,,,75.0,5605404.0,EUR,,0.01745,19.234,0.46012273,-0.83,,,,,56207000.0,,,,11785000.0,0.03336
STRONGPOINT,NO0010098247,Oslo Bors,Compartment C,Norway,STRO.OL,Business Equipment & Supplies,Industrials,,0.756,,4.41,139.71428,163.0,22800.0,437540480.0,NOK,555354880.0,-0.00366,10.838,0.90238047,0.07,0.06,98530000.0,2.201,225391008.0,1358909056.0,30.379,-0.01031,-0.01054,205048992.0,-0.027490001
SVAS BIOSANA,IT0005469264,Euronext Growth Milan,Euronext Growth,Italy,SVS.MI,Medical Devices,Healthcare,,0.984,2.8,,6.992126,6.0821915,3770.0,46461928.0,EUR,92325512.0,0.04997,11.791,0.7531168,1.27,1.46,28085612.0,5.286,73001320.0,134952496.0,22.949,0.040760003,0.109189995,37089848.0,0.086660005
SWORD GROUP,FR0004180578,Euronext Paris,Compartment B,France,SWP.PA,Software - Application,Technology,,1.08,6.43,11.18,14.262672,9.87767,17526.0,292413056.0,EUR,351319072.0,0.059899997,6.893,4.490062,2.17,3.13333,41371000.0,4.379,98606000.0,341939008.0,36.217,0.07272,0.25261998,146124992.0,0.0949
SYNERGIE,FR0000032658,Euronext Paris,Compartment B,France,SDG.PA,Staffing & Employment Services,Industrials,10,1.005,1.68,2.2,11.011235,10.769231,598.0,671578752.0,EUR,404743680.0,0.01897,31.833,0.92356986,2.67,2.73,388155008.0,16.978,113853000.0,3213120000.0,140.699,,,317056000.0,0.02865
SYS-DAT,IT0005595423,Euronext Milan,Compartment C,Italy,SYS.MI,Information Technology Services,Technology,,,0.81,,21.75,16.730768,33685.0,162118256.0,EUR,,0.09011,0.95,5.4947367,0.24,0.312,53981752.0,,8611259.0,81825768.0,,0.0495,0.12728,48119744.0,0.12555
TAMBURI,IT0003153621,Euronext Milan,Compartment A,Italy,TIP.MI,Asset Management,Financial Services,,0.99,1.7,1.49,18.450981,17.652464,110813.0,1526878208.0,EUR,2133716480.0,36.67842,8.866,1.061358,0.51,0.53307,21321646.0,0.131,560059008.0,2344665.0,0.014,-0.00824,0.05738,-348102.0,-4.71495
TECHNOGYM,IT0005162406,Euronext Milan,Compartment A,Italy,TGYM.MI,Leisure,Consumer Cyclical,10,0.856,1.64,,36.653057,28.902477,131357.0,3576944128.0,EUR,3497810432.0,0.100959994,1.3,13.815385,0.49,0.6214,166239008.0,0.835,82263000.0,957993024.0,4.81,0.10973,0.33685002,436667008.0,0.12331
TECHNOPROBE,IT0005482333,Euronext Milan,Compartment A,Italy,TPRO.MI,Semiconductors,Technology,,0.825,,,165.90909,70.0522,367480.0,11685828608.0,EUR,11182227456.0,0.11163,1.904,9.585084,0.11,0.26052,656828992.0,1.014,17109000.0,627963008.0,0.967,0.051230002,0.055949997,271336992.0,0.22735001
TECHSTEP,NO0012916131,Oslo Bors,Compartment C,Norway,TECH.OL,Communication Equipment,Technology,,0.77,,,,7.785714,9381.0,375035936.0,NOK,562044032.0,-0.09392,14.374,0.7583136,-2.73,1.4,9310000.0,0.271,185996000.0,1000993024.0,29.068,-0.04889,-0.17650999,435707008.0,-0.19944
TECMA SOLUTIONS,IT0005425050,Euronext Growth Milan,Euronext Growth,Italy,TCM.MI,Real Estate Services,Real Estate,,0.867,,,,14.954129,800.0,14032996.0,EUR,,-0.108219996,0.536,3.0410447,-0.2,0.109,2928888.0,,5133039.0,15983094.0,,-0.082279995,-0.47727,3156487.0,-0.1008
TECNO,IT0005658841,Euronext Growth Milan,Euronext Growth,Italy,TCG.MI,"Furnishings, Fixtures & Appliances",Consumer Cyclical,,,,,51.75,15.447761,2500.0,44712000.0,EUR,,0.0,,,0.06,0.201,,,,,,,,,0.0
"Teixeira Duarte, SA",PTTD10AM0000,Euronext Lisbon,Compartment C,Portugal,TDSA.LS,Engineering & Construction,Industrials,,0.698,,2.02,3.8,,2460909.0,223440000.0,EUR,837862976.0,0.08087,0.35,1.5200001,0.14,,77741000.0,0.185,672875008.0,723792000.0,1.723,0.016590001,0.37018,554268032.0,0.0106
TEKNA HOLDING ASA,NO0010951577,Oslo Bors,Compartment C,Norway,TEKNA.OL,Specialty Chemicals,Basic Materials,,1.334,,,,-38.199997,39156.0,868905728.0,NOK,581708672.0,-0.30501,2.5254533,1.5125997,-0.56,-0.1,17424000.0,0.113,7542000.0,35576000.0,0.262,-0.06806,-0.26261,18963000.0,-0.061929997
TELESIA,IT0005240046,Euronext Growth Milan,Euronext Growth,Italy,TLS.MI,Broadcasting,Communication Services,,0.598,,,15.299999,,2250.0,8031842.0,EUR,14951834.0,0.022839999,5.4,0.56666666,0.2,,102000.0,0.039,5867000.0,14013000.0,5.339,0.02399,0.036140002,3774000.0,0.1338
TELMES,IT0005683401,Euronext Growth Milan,Euronext Growth,Italy,TLM.MI,Specialty Industrial Machinery,Industrials,,,,,14.204,,2000.0,4248304.0,EUR,,0.023759998,,,0.1,,209241.0,,1648118.0,9315489.0,,,,4038641.0,0.09202
TENAX INTERNATIONAL,IT0005428898,Euronext Growth Milan,Euronext Growth,Italy,TNX.MI,Auto Manufacturers,Consumer Cyclical,,0.208,,,,,12600.0,4751835.0,EUR,16851044.0,-0.053489998,1.875,0.68799996,-0.25,,981048.0,0.266,13080258.0,17330640.0,4.705,-0.01298,-0.12545,5425431.0,-0.02243
TERACT S.A.,FR001400BMH7,Euronext Paris,Compartment B,France,TRACT.PA,Specialty Retail,Consumer Cyclical,,1.748,,,,,6836.0,217883968.0,EUR,705909568.0,-0.05351,2.882,1.0825815,-0.69,,12100000.0,0.173,493600000.0,895200000.0,12.805,-0.00484,-0.20275,372700000.0,0.02945
TESMEC,IT0004585243,Euronext Milan,Compartment C,Italy,TES.MI,Specialty Industrial Machinery,Industrials,,0.453,,4.41,Infinity,10.421053,2524756.0,119146176.0,EUR,337688992.0,-0.00246,0.082,2.414634,0.0,0.019,38418000.0,0.044,200230000.0,252110000.0,0.379,0.03111,-0.01936,48341000.0,0.07827
TESSELLIS,IT0005496473,Euronext Milan,Compartment C,Italy,TSL.MI,Telecom Services,Communication Services,,1.37,,,,-0.9177777,1808235.0,36006376.0,EUR,122126408.0,-0.2672,-0.053,-1.5584905,-0.22,-0.09,6376000.0,0.023,104953000.0,216991008.0,0.895,-0.09906,-9.20693,33466000.0,-0.23294
TESSENDERLO GROUP,BE0003555639,Euronext Brussels,Compartment A,Belgium,TESB.BR,Agricultural Inputs,Basic Materials,,0.362,2.76,5.91,,16.083086,6455.0,1629680256.0,EUR,1648245248.0,-0.00987,30.09,0.9006314,-0.43,1.685,236200000.0,3.988,257800000.0,2745999872.0,45.371,0.008669999,-0.01403,530900000.0,0.03442
TEXAF,BE0974263924,Euronext Brussels,Compartment C,Belgium,TEXF.BR,Real Estate Services,Real Estate,,0.097,4.77,4.38,17.961166,19.072165,562.0,135662608.0,EUR,149694576.0,0.22229,30.387,1.217626,2.06,1.94,6794000.0,1.853,19320000.0,33884000.0,9.241,0.04033,0.0673,29789000.0,0.37142
TF1,FR0000054900,Euronext Paris,Compartment A,France,TFI.PA,Broadcasting,Communication Services,9,0.859,8.52,6.36,9.715278,8.567684,345557.0,1471518336.0,EUR,1067008640.0,0.06652,9.784,0.7149427,0.72,0.81644,683299968.0,3.248,223400000.0,2296900096.0,10.878,0.03961,0.07837,1094300032.0,0.085030004
TFF GROUP,FR0013295789,Euronext Paris,Compartment B,France,FR0013295789.SG,,,,,,,,,0.0,,EUR,,,,,,,,,,,,,,,
TGS ASA,NO0003078800,Oslo Bors,Compartment A,Norway,TGS.OL,Oil & Gas Equipment & Services,Energy,1,-0.063,5.63,5.0,134.30232,21.723799,598122.0,22690971648.0,NOK,23335272448.0,0.01199,95.91466,1.2041955,0.86,5.3167496,212300000.0,1.081,856099968.0,1526899968.0,7.509,0.06835,0.00902,1243399936.0,0.19508
THE AZUR SELECTION S.A.,GRS528003007,Euronext Access Paris,Euronext Access,Greece,MLAZR.PA,Lodging,Consumer Cyclical,,,,,,,7447.0,7129855.0,EUR,,0.0,,,-0.09,,,,,,,,,,0.0
THE ITALIAN SEA GROUP,IT0005439085,Euronext Milan,Compartment B,Italy,TISG.MI,Leisure,Consumer Cyclical,,0.938,5.81,,17.25,8.468335,67453.0,219420000.0,EUR,297388288.0,0.03616,2.669,1.5511427,0.24,0.48888,61641000.0,1.127,132598000.0,354171008.0,6.638,0.03325,0.08683,122095000.0,0.14755
THE KINGFISH COMPANY,NL00150001S5,Euronext Growth Oslo,Euronext Growth,Netherlands,KING.OL,Farm Products,Consumer Defensive,,0.436,,,,-4.7392507,5000.0,550799040.0,NOK,657831808.0,-1.13489,3.427887,1.1260581,-3.17,-0.8144747,10358000.0,0.073,117391000.0,31655000.0,0.254,-0.092989996,-0.58814996,7645000.0,-0.72310996
THEON INTERNATIONAL PLC,CY0200751713,Euronext Amsterdam,Compartment B,Cyprus,THEON.AS,Aerospace & Defense,Industrials,,1.688,1.08,,31.88119,18.467962,410030.0,2522287104.0,EUR,2076343808.0,0.18971,3.371,9.552062,1.01,1.74356,132215200.0,1.899,93638368.0,383705312.0,5.514,0.16135,0.33782002,122691120.0,0.24716999
THERACLION,FR0010120402,Euronext Growth Paris,Euronext Growth,France,ALTHE.PA,Medical Devices,Healthcare,,-0.106,,,,6.22,46146.0,36748460.0,EUR,,-2.80231,-0.0,,-0.11,0.1,,,,1874209.0,0.018,,,-3302328.0,-2.9830499
THERMADOR GROUPE,FR0013333432,Euronext Paris,Compartment B,France,THEP.PA,Industrial Distribution,Industrials,,0.883,2.68,2.46,18.10185,13.78226,1009.0,717149760.0,EUR,700519744.0,0.08486,41.846,1.8687568,4.32,5.67396,63066000.0,6.877,46436000.0,491032000.0,53.631,0.06454,0.11125,179628992.0,0.11566
THOR MEDICAL ASA,NO0010597883,Oslo Bors,Compartment C,Norway,TRMED.OL,Biotechnology,Healthcare,10,-0.045,,,,-38.181816,4271482.0,1487390592.0,NOK,1250040832.0,0.0,1.357,3.0950625,-0.22,-0.11,224400000.0,0.643,8700000.0,100000.0,0.0,-0.09084,-0.16062,100000.0,-332.0
THX PHARMA,FR0013286259,Euronext Growth Paris,Euronext Growth,France,ALTHX.PA,Biotechnology,Healthcare,,1.495,,,,-1.798913,695706.0,45563484.0,EUR,32002718.0,0.0,-0.2,-16.55,-0.34,-1.84,2123824.0,0.225,2880966.0,876129.0,0.093,-0.50493,,-1470366.0,-1.4282001
TINC,BE0974282148,Euronext Brussels,Compartment B,Belgium,TINC.BR,Asset Management,Financial Services,,0.156,4.97,4.04,9.73913,17.777777,18688.0,543030272.0,EUR,576789312.0,0.61563,12.69,0.88258475,1.15,0.63,240991.0,0.005,34000000.0,69647832.0,1.896,0.06805,0.078150004,69647832.0,0.86502
TINEXTA,IT0005037210,Euronext Milan,Compartment B,Italy,TNXT.MI,Information Technology Services,Technology,10,1.2,1.99,1.73,60.72,14.014809,58953.0,696636864.0,EUR,1045046848.0,0.023829998,8.132,1.8666995,0.25,1.08314,67919000.0,1.48,367982016.0,496512000.0,10.888,0.02831,0.04092,121058000.0,0.05461
TITAN S.A.,BE0974338700,Euronext Brussels,Compartment A,Belgium,TITC.AT,Building Materials,Basic Materials,6,0.773,1.9,2.83,18.857143,11.976293,89026.0,3925701120.0,EUR,4327858688.0,0.0881,25.815,2.0453224,2.8,4.40871,392390016.0,5.266,694078976.0,2672058880.0,35.859,0.08327,0.1349,728270976.0,0.21132
TME PHARMA,NL0015000YE1,Euronext Growth Paris,Euronext Growth,Netherlands,ALTME.PA,Biotechnology,Healthcare,,0.771,,,,-0.18095239,134947.0,7152748.0,EUR,6810947.0,0.0,-0.006,-12.666666,-0.05,-0.42,2060000.0,0.022,1720000.0,27000.0,0.0,-1.0644699,-9.17954,27000.0,-71.740746
TMP GROUP,IT0005531238,Euronext Growth Milan,Euronext Growth,Italy,TMP.MI,Advertising Agencies,Communication Services,,3.282,,,,33.125004,8400.0,7487840.0,EUR,7857445.0,-0.08944,3.854,1.3751947,-0.39,0.16,578951.0,0.41,948556.0,6264742.0,4.434,-0.042140003,-0.09787,1548999.0,0.04893
TOMTOM,NL0013332471,Euronext Amsterdam,Compartment B,Netherlands,TOM2.AS,Software - Application,Technology,,0.978,,,,18.899723,230321.0,649237056.0,EUR,426782048.0,-0.01153,1.121,4.6520963,-0.05,0.27593,262802000.0,2.111,40347000.0,554689024.0,4.469,0.02382,-0.045939997,490558016.0,0.25252
TONNER DRONES S.A.,FR001400H2X4,Euronext Growth Paris,Euronext Growth,France,ALTD.PA,Aerospace & Defense,Industrials,,0.788,,,,,5618634.0,20308526.0,EUR,22712688.0,0.0,0.274,0.12116788,-331.26,,781000.0,0.003,7505000.0,118660.0,0.0,-0.28729,-0.08291,-376983.0,-2.34385
TOOSLA,FR00140062B9,Euronext Growth Paris,Euronext Growth,France,ALTOO.PA,Rental & Leasing Services,Industrials,,1.625,,,,,396773.0,773660.0,EUR,19663698.0,-0.34715998,-1.015,-0.10344827,-0.66,,1471064.0,0.204,20340360.0,11995159.0,1.616,,,5723074.0,-0.52339
TOSCANA AEROPORTI,IT0000214293,Euronext Milan,Compartment B,Italy,TYA.MI,Airports & Air Services,Industrials,,0.215,1.91,3.42,19.999998,,196.0,361072128.0,EUR,443925728.0,0.13006,6.464,3.0012374,0.97,,26052000.0,1.4,102626000.0,139362000.0,7.486,0.06953,0.15927,45060000.0,0.35044998
TOUAX,FR0000033003,Euronext Growth Paris,Euronext Growth,France,ALTOU.PA,Rental & Leasing Services,Industrials,,1.057,3.3,3.91,12.052631,6.0981293,490.0,31956780.0,EUR,441401728.0,0.0128,10.234,0.44752783,0.38,0.75105,31707000.0,4.545,374308992.0,198972992.0,28.525,0.0287,0.01548,101379000.0,0.1476
Toyota Caetano,PTSCT0AP0018,Euronext Lisbon,Compartment B,Portugal,SCT.LS,Auto Manufacturers,Consumer Cyclical,,-0.01,5.51,3.75,9.710145,,1000.0,234500000.0,EUR,300893184.0,0.03545,5.262,1.27328,0.69,,18860536.0,0.539,95101880.0,683569600.0,19.531,0.06061,0.13678001,154489600.0,0.06091
TPS,IT0005246142,Euronext Growth Milan,Euronext Growth,Italy,TPS.MI,Airports & Air Services,Industrials,,0.237,1.01,,12.307693,11.764706,2500.0,56774880.0,EUR,39321784.0,0.07946,4.927,1.6237061,0.65,0.68,20756188.0,2.925,2877552.0,51346904.0,8.202,0.07083,0.12642999,38974912.0,0.12
TRACTIAL (ex-BD MULTI MEDIA),FR0014014ZV8,Euronext Growth Paris,Euronext Growth,France,ALTRA.PA,Software - Infrastructure,Technology,,1.288,,,17.470589,,7183.0,15643991.0,EUR,15856360.0,-0.042680003,0.357,8.319328,0.17,,681000.0,0.131,1185000.0,2507000.0,0.469,-0.18383,-0.06771,937000.0,-0.30412
TRADELAB,IT0005651507,Euronext Growth Milan,Euronext Growth,Italy,TRAI.MI,Consulting Services,Industrials,,,,,76.0,,2000.0,17860000.0,EUR,16634371.0,0.061090004,0.769,4.9414825,0.05,,2206099.0,0.469,980470.0,5445597.0,1.159,,,971029.0,0.052849997
TRANSGENE,FR0005175080,Euronext Paris,Compartment C,France,TNG.PA,Biotechnology,Healthcare,,0.671,,,,-6.028571,117293.0,231176400.0,EUR,126133712.0,0.0,-0.027,-31.259258,-0.28,-0.14,16772000.0,0.127,31065000.0,7575000.0,0.057,-0.49352002,,-29190000.0,-3.7257001
TRAWELL CO,IT0005378325,Euronext Growth Milan,Euronext Growth,Italy,TWL.MI,Airports & Air Services,Industrials,,0.57,,,,27.272728,200.0,15112272.0,EUR,32987732.0,0.00369,2.747,2.184201,-0.01,0.22,2716640.0,1.079,16624887.0,29660372.0,11.776,0.070310004,0.13868,9030851.0,0.10271
TREVI FIN IND,IT0005422768,Euronext Milan,Compartment C,Italy,TFIN.MI,Engineering & Construction,Industrials,,1.005,,3.08,25.633333,15.500907,2374165.0,240141232.0,EUR,417200640.0,0.01447,0.433,1.7759815,0.03,0.04961,110259000.0,0.353,300660992.0,707686016.0,2.267,0.05313,0.07913,455860000.0,0.08229
TRIBOO,IT0005001554,Euronext Milan,Compartment C,Italy,TB.MI,Advertising Agencies,Communication Services,,0.5,,3.75,,6.2666664,4927.0,10461390.0,EUR,33044390.0,-0.15527001,0.683,0.55051243,-0.31,0.06,5721000.0,0.206,27629000.0,56290000.0,2.023,0.01059,-0.36470002,6351000.0,0.055120002
TRILOGIQ,FR0010397901,Euronext Growth Paris,Euronext Growth,France,ALTRI.PA,Business Equipment & Supplies,Industrials,,0.645,,,,14.285714,1930.0,17361884.0,EUR,-7251250.0,-0.01922,10.531,0.47478873,-0.12,0.35,25312000.0,7.08,13000.0,21901000.0,5.895,4.0000003e-05,-0.011410001,13715000.0,0.04558
TRØNDELAG SPBK,NO0010788268,Oslo Bors,Compartment C,Norway,TRSB.OL,Banks - Regional,Financial Services,,,4.11,,7.9632154,12.370371,2.0,558981440.0,NOK,2887677440.0,0.23033,210.227,0.55606556,14.68,9.45,95542000.0,19.981,2420183040.0,315176000.0,74.997,0.0076,0.067210004,315176000.0,0.20059
TXCOM,FR0010654087,Euronext Growth Paris,Euronext Growth,France,ALTXC.PA,Communication Equipment,Technology,,0.432,3.89,,59.999996,,160.0,11050119.0,EUR,2512886.0,0.021289999,8.569,1.0502975,0.15,,8983117.0,7.311,436893.0,8448960.0,6.86,0.02456,0.01688,4474125.0,0.0376
TXT E-SOLUTIONS,IT0001454435,Euronext Milan,Compartment B,Italy,TXT.MI,Software - Application,Technology,,0.566,1.04,5.18,17.338129,9.211869,51336.0,305392576.0,EUR,446631360.0,0.05012,12.691,1.8989836,1.39,2.61619,94841648.0,7.469,232310032.0,366479712.0,27.569,0.05317,0.13116999,58444324.0,0.06921
U10 CORP,FR0000079147,Euronext Growth Paris,Euronext Growth,France,ALU10.PA,"Furnishings, Fixtures & Appliances",Consumer Cyclical,,0.45,,7.94,Infinity,40.500004,1.0,20739102.0,EUR,49982168.0,-0.00014999999,2.322,0.5232558,0.0,0.03,7325000.0,0.429,35715000.0,172384000.0,10.938,0.01859,0.00475,49253000.0,0.007900001
Ubaldi Costruzioni ,IT0005628158,Euronext Growth Milan,Euronext Growth,Italy,UBA.MI,Engineering & Construction,Industrials,,,,,11.805555,,1400.0,40062200.0,EUR,,0.12593001,9.051,0.4695614,0.36,,6425505.0,,704115.0,39019096.0,,0.14871,0.32336,13058192.0,0.32439998
UBISOFT ENTERTAIN,FR0000054470,Euronext Paris,Compartment A,France,UBI.PA,Electronic Gaming & Multimedia,Communication Services,7,-0.495,,,,-29.104174,945906.0,575157568.0,EUR,1997801600.0,-0.03904,11.617,0.3674787,-0.54,-0.14668,668200000.0,4.964,2088600064.0,1885100032.0,14.598,0.015470001,-0.04507,1692499968.0,-0.16874
UCAPITAL24,IT0005380461,Euronext Growth Milan,Euronext Growth,Italy,U24.MI,Internet Content & Information,Communication Services,,-1.233,,,,26.9,2800.0,5804210.0,EUR,5749651.0,-0.042969998,0.18,1.4944444,-0.0,0.01,6755.0,0.0,19333.0,2231490.0,0.104,-0.0072500003,-0.03059,777404.0,-0.27281
ULTIMOVACS,NO0010851603,Oslo Bors,Compartment B,Norway,ZLNA.OL,Biotechnology,Healthcare,,,,,,-2.051282,6609.0,420316800.0,NOK,302251008.0,0.0,3.268,4.895961,-57.9,-7.8,78302000.0,3.298,697000.0,,,-1.12294,-2.30867,,0.0
UMALIS GROUP,FR0011776889,Euronext Access Paris,Euronext Access,France,MLUMG.PA,Staffing & Employment Services,Industrials,,-0.843697,,,,,21.0,2457724.0,EUR,,-0.06874,,,-0.84,,,,,10818486.0,,-0.02903,-1.32446,10818486.0,-0.02736
UNIDATA,IT0005573065,Euronext Milan,Compartment C,Italy,UD.MI,Telecom Services,Communication Services,,0.737,0.3,,11.714286,9.3714285,39829.0,98772784.0,EUR,136634656.0,0.08947,2.759,1.1888365,0.28,0.35,27380296.0,0.906,64837620.0,101542888.0,3.292,0.051570002,0.119720004,29980724.0,0.1361
UNION TECH.INFOR.,FR0000074197,Euronext Paris,Compartment C,France,FPG.PA,Information Technology Services,Technology,,0.002,,,0.5104167,,7756.0,7787258.0,EUR,9813258.0,-0.06273,0.012,10.208333,0.24,,845000.0,0.013,2871000.0,20563000.0,1.11,-0.095860004,,-839000.0,-0.04349
UNIPHAR PLC,IE00BJ5FQX74,Euronext Growth Dublin,Euronext Growth,Ireland,IE00BJ5FQX74.SG,,,,,,,,,0.0,,EUR,,,,,,,,,,,,,,,
UPERGY,FR0010337865,Euronext Growth Paris,Euronext Growth,France,ALUPG.PA,Specialty Retail,Consumer Cyclical,,0.319,,5.54,,8.333334,2786.0,9304276.0,EUR,14919810.0,-0.02513,3.216,0.62189054,-0.24,0.24,1853161.0,0.412,7517274.0,43186416.0,9.067,-0.01222,-0.07637,9782786.0,-0.01814
UV GERMI,FR0011898584,Euronext Growth Paris,Euronext Growth,France,ALUVI.PA,Pollution & Treatment Controls,Industrials,,-0.058,,,16.61111,9.060606,6637.0,9538250.0,EUR,5000866.0,0.07999,3.107,0.96234304,0.18,0.33,4758478.0,1.496,91992.0,8875215.0,2.791,0.02921,0.07476,4012193.0,0.022049999
VAA VISTA ALEGRE,PTVAA0AM0019,Euronext Lisbon,Compartment C,Portugal,VAF.LS,"Furnishings, Fixtures & Appliances",Consumer Cyclical,,0.232,,,54.000004,18.000002,31367.0,181061952.0,EUR,265416944.0,0.026589999,0.544,1.9852941,0.02,0.06,9024000.0,0.054,92049000.0,142943008.0,0.846,,,96020000.0,0.14
VALBIOTIS,FR0013254851,Euronext Growth Paris,Euronext Growth,France,ALVAL.PA,Packaged Foods,Consumer Defensive,,-0.189,,,,-3.4599998,154815.0,24556318.0,EUR,16673250.0,0.0,0.497,2.088531,-0.7,-0.3,13233000.0,0.559,5351000.0,474000.0,0.03,-0.21495001,-0.77765,-1872000.0,-14.012011
VALERIO THERAPEUTICS,FR0010095596,Euronext Growth Paris,Euronext Growth,France,ALVIO.PA,Biotechnology,Healthcare,,1.621,,,,-1.2625,61070.0,75666416.0,EUR,94916448.0,0.0,-0.059,-2.5677967,-0.09,-0.12,2638000.0,0.005,22828000.0,1830000.0,0.012,-0.1378,,1086000.0,0.61111
VALICA,IT0005562514,Euronext Growth Milan,Euronext Growth,Italy,VLC.MI,Advertising Agencies,Communication Services,,,0.41,,,,540.0,6730535.0,EUR,,0.0,,,-0.18,,,,,,,,,,0.0
VALNEVA SE,FR0004056851,Euronext Paris,Compartment B,France,VLA.PA,Biotechnology,Healthcare,7,1.203,,,,-13.479742,1369918.0,804129344.0,EUR,890298176.0,-0.56783,0.831,5.569194,-0.65,-0.34333,143462000.0,0.792,195843008.0,179912000.0,1.071,-0.096370004,-0.5553,-3693000.0,-1.2698799
VALSOIA,IT0001018362,Euronext Milan,Compartment C,Italy,VLS.MI,Packaged Foods,Consumer Defensive,,0.43,3.67,3.56,13.333333,12.983769,7386.0,112242352.0,EUR,111852176.0,0.0712,8.404,1.2375059,0.78,0.801,11591839.0,1.072,11514703.0,118106496.0,10.929,0.05421,0.09543,26518600.0,0.09454001
VALTECNE,IT0005532525,Euronext Growth Milan,Euronext Growth,Italy,VLT.MI,Specialty Industrial Machinery,Industrials,,0.406,1.21,,16.32653,,2400.0,48877600.0,EUR,49758840.0,0.0932,4.202,1.9038552,0.49,,8996003.0,1.472,9877244.0,34057336.0,5.574,0.06589,0.13345,19588746.0,0.14626001
VALUE8,NL0010661864,Euronext Amsterdam,Compartment C,Netherlands,VALUE.AS,Asset Management,Financial Services,,0.15,2.99,4.03,15.227272,,10.0,64346040.0,EUR,72999040.0,0.56391996,10.222,0.65544903,0.44,,7646000.0,0.796,5582000.0,8159000.0,0.856,0.032,0.04282,8159000.0,0.87054
VAN DE VELDE,BE0003839561,Euronext Brussels,Compartment B,Belgium,VAN.BR,Apparel Manufacturing,Consumer Cyclical,,0.293,7.75,6.42,12.261905,11.381216,1852.0,385128384.0,EUR,332256000.0,0.15524,12.878,2.3994408,2.52,2.715,60595000.0,4.894,9627000.0,206435008.0,16.232,0.12403,0.19521,170852000.0,0.15626
VANTEA SMART,IT0005433765,Euronext Growth Milan,Euronext Growth,Italy,VNT.MI,Information Technology Services,Technology,,0.769,2.66,,10.4,,2230.0,11585898.0,EUR,13902971.0,0.10799,0.92,1.0173913,0.09,,2444811.0,0.192,4448478.0,10311952.0,0.828,0.0586,0.10033,1878171.0,0.10384
VANTIVA S.A.,FR0013505062,Euronext Paris,Compartment C,France,VANTI.PA,Entertainment,Communication Services,,0.49,,,,15.363881,115185.0,55893504.0,EUR,482893504.0,-0.21266001,-1.797,-0.063439064,-0.21,0.00742,35000000.0,0.071,462000000.0,1928000000.0,3.932,0.02612,,296000000.0,0.02787
VAZIVA SA,FR0014007T10,Euronext Growth Paris,Euronext Growth,France,ALVAZ.PA,Credit Services,Financial Services,,0.126,,,56.307693,,176.0,98148384.0,EUR,87954888.0,0.03179,7.613,4.8075657,0.65,,12510839.0,4.665,708350.0,54695992.0,20.396,,,41291688.0,0.05468
VEIDEKKE,NO0005806802,Oslo Bors,Compartment A,Norway,VEI.OL,Engineering & Construction,Industrials,1,0.849,5.98,4.5,16.573914,16.076832,44433.0,25722667008.0,NOK,21663936512.0,0.036,27.316,6.977596,11.5,11.85557,4041999872.0,30.012,276000000.0,43143000064.0,319.475,0.0642,0.45715,3080000000.0,0.06565
VENTE UNIQUE.COM,FR0010766667,Euronext Growth Paris,Euronext Growth,France,ALVU.PA,Internet Retail,Consumer Cyclical,,1.214,2.43,,18.433735,13.539824,1968.0,147171344.0,EUR,126134344.0,0.04053,4.863,3.1462061,0.83,1.13,32112000.0,3.338,11075000.0,200900000.0,20.886,0.07716,0.18459,118110000.0,0.050040003
VEOM Group,FR0013530102,Euronext Growth Paris,Euronext Growth,France,ALVG.PA,Consumer Electronics,Technology,,2.161,,,,-0.59999996,2029.0,1009363.0,EUR,18135422.0,-0.16354999,-0.42,-0.2857143,-0.37,-0.2,255000.0,0.03,17265000.0,19181000.0,2.372,-0.09072,,7728000.0,-0.1889
VERGNET,FR0014010YR7,Euronext Growth Paris,Euronext Growth,France,VRQ0.F,,,,,,,,,2774.0,116672.0,EUR,,,-44.132,-0.0018127436,,,,,,,,,,,
VERIMATRIX,FR0010291245,Euronext Paris,Compartment C,France,VMX.PA,Software - Infrastructure,Technology,,1.43,,,,-3.2669663,80040.0,16847144.0,EUR,43547824.0,-1.34109,0.46079448,0.41884184,-0.69,-0.059076216,5277000.0,0.061,32124000.0,52910000.0,0.615,-0.0130900005,-0.86146003,35277000.0,-0.034360003
VETOQUINOL,FR0004186856,Euronext Paris,Compartment A,France,FR0004186856.SG,,,,,,,,,0.0,,EUR,,,,,,,,,,,,,,,
VGP,BE0003878957,Euronext Brussels,Compartment A,Belgium,VGP.BR,Real Estate Services,Real Estate,9,1.349,2.97,3.54,9.21273,22.125051,15392.0,3002044416.0,EUR,4934872576.0,1.98141,91.27,1.2052153,11.94,4.97174,423632000.0,15.523,2329168896.0,164516992.0,6.028,0.012150001,0.13737,157135008.0,0.66609
VIALIFE,FR0010326090,Euronext Growth Paris,Euronext Growth,France,ALVIA.PA,Specialty Retail,Consumer Cyclical,,,1.93,,42.413795,10.789474,21.0,4869840.0,EUR,,0.0,,,0.29,1.14,,,,,,,,,0.0
VICAT,FR0000031775,Euronext Paris,Compartment A,France,VCT.PA,Building Materials,Basic Materials,9,0.786,2.83,4.91,12.066115,9.972241,80555.0,3251252992.0,EUR,4692821504.0,0.07127,65.846,1.1086475,6.05,7.32032,528409984.0,11.866,1686097024.0,3854437120.0,86.566,0.041690003,0.094639994,1390603008.0,0.13284001
VIEL ET COMPAGNIE,FR0000050049,Euronext Paris,Compartment B,France,VIL.PA,Capital Markets,Financial Services,,0.22,2.78,4.1,8.705584,35.729168,12454.0,1080044160.0,EUR,1232216064.0,0.1022,8.816,1.9453267,1.97,0.48,587993024.0,9.425,605953984.0,1218208000.0,19.484,0.0537,0.25374,1218208000.0,0.14717
VIMI FASTENERS,IT0004717200,Euronext Growth Milan,Euronext Growth,Italy,VIM.MI,Tools & Accessories,Industrials,,0.36,,,12.777777,,3500.0,15482245.0,EUR,34031244.0,0.02182,2.448,0.46977124,0.09,,3198000.0,0.238,21747000.0,54254000.0,3.977,0.02043,0.03658,23705000.0,0.07105
VINEXT,IT0005652414,Euronext Growth Milan,Euronext Growth,Italy,VNXT.MI,Specialty Chemicals,Basic Materials,,,,,8.916667,7.379311,3200.0,5991048.0,EUR,8433618.0,0.09761,0.424,5.04717,0.24,0.29,83257.0,0.03,2525827.0,6977066.0,2.492,,,2602805.0,0.074489996
VINPAI S.A.,FR001400AXT1,Euronext Growth Paris,Euronext Growth,France,ALVIN.PA,Specialty Chemicals,Basic Materials,,1.1,,,,,1066.0,16028508.0,EUR,20473692.0,-0.27343,-0.425,-8.376471,-0.76,,458672.0,0.134,8709891.0,9683300.0,2.82,-0.13676,,672061.0,-0.19302
VIOHALCO,BE0974271034,Euronext Brussels,Compartment A,Belgium,VIO.BR,Metal Fabrication,Industrials,8,0.845,1.28,1.73,15.886363,,22702.0,3623472640.0,EUR,5822530048.0,0.02712,7.67,1.8226857,0.88,,565046976.0,2.18,2271493888.0,6778391040.0,26.152,,,751278016.0,0.16002001
VIRBAC,FR0000031577,Euronext Paris,Compartment A,France,VIRP.PA,Drug Manufacturers - General,Healthcare,8,0.856,0.4,1.14,23.139975,17.433296,3376.0,3074661376.0,EUR,3261839360.0,0.09285,127.132,2.8867633,15.86,21.05167,138503008.0,16.532,325624000.0,1432722944.0,171.068,0.073470004,0.1293,955868032.0,0.17918
VIRIDIEN,FR001400PVN6,Euronext Paris,Compartment B,France,VIRI.PA,Oil & Gas Equipment & Services,Energy,2,0.444,,,23.56322,13.959291,27193.0,884004672.0,EUR,1898364544.0,0.03976,126.31761,0.9737359,5.22,8.811336,226600000.0,31.559,1203900032.0,1184700032.0,165.587,0.05086,0.041950002,379800000.0,0.29103002
VIRTUALWARE,ES0105704003,Euronext Growth Paris,Euronext Growth,Spain,ALVIR.PA,Software - Infrastructure,Technology,,,,,47.999996,,29.0,33081134.0,EUR,,0.0,,,0.15,,,,,,,,,,0.0
VISTIN PHARMA,NO0010734122,Oslo Bors,Compartment C,Norway,VISTN.OL,Drug Manufacturers - Specialty & Generic,Healthcare,,0.636,10.71,,12.248521,,20667.0,917933120.0,NOK,902133056.0,0.16528,7.415,2.7916386,1.69,,16419000.0,0.37,619000.0,452291008.0,10.199,0.14003,0.23421,300784000.0,0.18798
VIVENDA GROUP,IT0005622581,Euronext Growth Milan,Euronext Growth,Italy,VVG.MI,Advertising Agencies,Communication Services,,,,,,,4500.0,5011740.0,EUR,8833525.0,-0.11565,0.103,5.2427187,-0.18,,580070.0,0.063,4565804.0,14476973.0,1.56,,,24624.0,-0.18712999
VIVORYON THERAPEUTICS N.V.,NL00150002Q7,Euronext Amsterdam,Compartment B,Netherlands,NL00150002Q7.SG,,,,,,,,,0.0,,EUR,,,,,,,,,,,,,,,
VNE,IT0005556110,Euronext Growth Milan,Euronext Growth,Italy,VNE.MI,Specialty Industrial Machinery,Industrials,,0.994,,,9.862069,,2100.0,8882731.0,EUR,12248340.0,0.06283,5.099,0.56089425,0.29,,3849800.0,1.239,7208402.0,15445315.0,4.54,0.01688,0.06278,6297386.0,0.08578
VOGO,FR0011532225,Euronext Growth Paris,Euronext Growth,France,ALVGO.PA,Software - Application,Technology,,0.198,,,,-4.3529415,27.0,13528949.0,EUR,19229846.0,-0.27218,1.712,1.296729,-0.5,-0.51,3173000.0,0.521,8894000.0,12254619.0,1.844,-0.0959,-0.28404,3035696.0,-0.24132
VOLTALIA,FR0011995588,Euronext Paris,Compartment A,France,VLTSA.PA,Utilities - Renewable,Utilities,9,1.006,,,,51.777775,45258.0,915340352.0,EUR,3140304128.0,-0.07946,7.733,0.90391827,-0.34,0.135,242716000.0,1.854,2366653952.0,564854976.0,4.315,0.00816,-0.03522,451310016.0,0.03774
VOSS VEKSEL- OG LANDMANDSBANK,NO0003025009,Oslo Bors,Compartment C,Norway,VVL.OL,Banks - Regional,Financial Services,,0.319,4.69,4.32,10.418848,8.625921,224.0,877078976.0,NOK,1544582400.0,0.45359,358.559,1.1099987,38.2,46.14,424686016.0,192.714,1086352000.0,196890000.0,84.216,0.01321,0.11038,196890000.0,0.56615
VOW,NO0010708068,Oslo Bors,Compartment C,Norway,VOW.OL,Pollution & Treatment Controls,Industrials,,1.482,,,,3.09656,634772.0,785564928.0,NOK,1327483008.0,-0.25785,1.141,2.3707273,-1.19,0.87355,22700000.0,0.078,557100032.0,952499968.0,3.28,-0.048130002,-0.69391996,183000000.0,-0.20289
VOYAGEURS DU MONDE,FR0004045847,Euronext Growth Paris,Euronext Growth,France,ALVDM.PA,Travel Services,Consumer Cyclical,,0.518,3.42,1.96,11.531986,11.906137,8727.0,611954368.0,EUR,362538336.0,0.0625,42.96,3.189013,11.88,11.50667,259980000.0,58.977,5188000.0,763635008.0,242.763,0.05079,0.23653999,67681000.0,0.02169
Vusion,FR0010282822,Euronext Paris,Compartment A,France,VU.PA,Software - Application,Technology,4,0.546,0.46,,,12.188727,483042.0,1930287104.0,EUR,1339576576.0,-0.01123,13.248,8.7032,-0.81,9.45956,644086016.0,40.335,147554000.0,1159896960.0,72.21,0.01564,-0.06131,326551008.0,0.028469998
WAGA ENERGY,FR0012532810,Euronext Paris,Compartment B,France,WAGA.PA,Specialty Industrial Machinery,Industrials,,0.547,,,,-25.311369,2564.0,589646656.0,EUR,662558784.0,-0.3495,4.614,4.7789335,-0.81,-0.87115,55102000.0,2.222,165728000.0,57479000.0,2.334,-0.02523,-0.15311,28310000.0,-0.24728
WALLIX,FR0010131409,Euronext Growth Paris,Euronext Growth,France,ALLIX.PA,Software - Infrastructure,Technology,,1.114,,,,30.185186,28953.0,164688720.0,EUR,161603824.0,-0.04196,1.1,22.227272,-0.24,0.81,9426000.0,1.415,8135000.0,42827000.0,6.337,-0.02945,-0.21962999,42373000.0,-0.14591
WAVESTONE,FR0013357621,Euronext Paris,Compartment A,France,WAVE.PA,Information Technology Services,Technology,4,1.104,1.01,0.67,14.565218,11.666667,16593.0,1151591040.0,EUR,1124338432.0,0.08331,26.231,1.7879608,3.22,4.02,33524000.0,1.365,40525000.0,943937984.0,38.67,0.081,0.12908,195967008.0,0.0949
WE.CONNECT,FR0013079092,Euronext Growth Paris,Euronext Growth,France,ALWEC.PA,Consumer Electronics,Technology,,0.492,1.73,,6.936416,,4283.0,71110848.0,EUR,73175160.0,0.02885,20.921,1.1471727,3.46,,16256069.0,5.917,23500160.0,354507840.0,108.13,0.04402,0.1668,37294704.0,0.0429
WEACCESS GROUP,FR0010688465,Euronext Access Paris,Euronext Access,France,MLWEA.PA,Telecom Services,Communication Services,,-0.111,,,,,474.0,3333877.0,EUR,2435340.0,-0.12036,1.104,1.9927537,-0.06,,721122.0,0.651,720455.0,1229122.0,1.11,-0.05697,-0.15649,479880.0,-0.1857
WEBSOLUTE,IT0005384901,Euronext Growth Milan,Euronext Growth,Italy,WBS.MI,Advertising Agencies,Communication Services,,0.283,3.23,,Infinity,,2200.0,11295439.0,EUR,18038052.0,0.00029999999,0.413,3.0024214,0.0,,3684251.0,0.394,8419374.0,23764372.0,2.541,0.025220001,0.02513,4028450.0,0.01669
WEBSTEP,NO0010609662,Oslo Bors,Compartment C,Norway,WSTEP.OL,Information Technology Services,Technology,,0.309,12.71,6.44,11.0559,7.7735705,13106.0,483710176.0,NOK,417214400.0,0.04832,12.663,1.40567,1.61,2.28981,105547000.0,4.034,57060000.0,835196992.0,32.004,0.05703,0.1229,123565000.0,0.02947
WEBUILD,IT0003865570,Euronext Milan,Compartment A,Italy,WBD.MI,Engineering & Construction,Industrials,,0.836,2.42,2.84,13.56,8.998487,2068556.0,3367315968.0,EUR,4290873088.0,0.02036,1.607,2.109521,0.25,0.37673,2127310976.0,2.163,2924313088.0,12149175296.0,12.344,0.00298,0.1339,3554198016.0,-0.00034000003
WESTERN BULK CHARTERING AS,NO0010768096,Euronext Growth Oslo,Euronext Growth,Norway,WEST.OL,Marine Shipping,Industrials,,1.215,6.11,,,19.651741,8058.0,663989376.0,NOK,634182400.0,0.0051700003,14.379109,1.3735204,-2.07,1.005,29807000.0,0.887,0.0,1039372032.0,30.916,-0.00794,0.106920004,20825000.0,0.0078799995
WEYA,FR0010768770,Euronext Access Paris,Euronext Access,France,MLWEY.PA,Utilities - Diversified,Utilities,,,,,,,4500.0,1158637.0,EUR,,0.0,,,-0.01,,,,,,,,,,0.0
WHAT'S COOKING GROUP,BE0003573814,Euronext Brussels,Compartment C,Belgium,WHATS.BR,Packaged Foods,Consumer Defensive,,0.483,3.67,3.68,16.69024,9.715932,912.0,219029248.0,EUR,205374048.0,0.071729995,76.49,1.5426854,7.07,12.145,25332000.0,13.647,3324000.0,429846016.0,231.576,0.04359,0.09686,119720000.0,0.052249998
WHITESTONE GROUP,BE0974401334,Euronext Growth Brussels,Euronext Growth,Belgium,ROCK.BR,Specialty Business Services,Industrials,,0.185,,,,,300.0,162979760.0,EUR,,-0.010089999,6.627,2.5803533,-0.27,,5937065.0,,5321031.0,225859008.0,,-0.0061500003,-0.055320002,3951022.0,0.00863
WIIT,IT0005440893,Euronext Milan,Compartment B,Italy,WIIT.MI,Software - Infrastructure,Technology,,1.8,1.1,1.36,82.94118,35.611908,95286.0,701957440.0,EUR,953172352.0,0.053460002,1.334,21.139431,0.34,0.79187,11236199.0,0.433,232019488.0,167358736.0,6.444,0.03937,0.25596002,61841816.0,0.15099
WILH. WILHELMSEN HOLDING SER. A,NO0010571698,Oslo Bors,Compartment A,Norway,WWI.OL,Marine Shipping,Industrials,5,0.881,3.8,3.3,5.076279,7.4025683,34784.0,31550797824.0,NOK,31519799296.0,0.52836,739.8723,1.0163916,148.14,101.586365,471000000.0,11.226,426000000.0,1234000000.0,29.374,0.01775,0.22442,357000000.0,0.0871
WINAMP GROUP,BE0974334667,Euronext Growth Paris,Euronext Growth,Belgium,BE0974334667.SG,,,,,,,,,0.0,,EUR,,,,,,,,,,,,,,,
WINFARM,FR0014000P11,Euronext Growth Paris,Euronext Growth,France,ALWF.PA,Farm & Heavy Construction Machinery,Industrials,,0.982,,,,6.4347825,651.0,8880742.0,EUR,39671524.0,-0.01211,7.77,0.5714286,-0.86,0.69,1546000.0,0.772,32330000.0,142647008.0,71.263,-0.01682,-0.10484,48572000.0,-0.0044400003
WITBE,FR0013143872,Euronext Growth Paris,Euronext Growth,France,ALWIT.PA,Internet Content & Information,Communication Services,,0.782,,,,-3.4240751,3987.0,5794736.0,EUR,8865450.0,-0.15255,0.846,1.6666666,-0.72,-0.41179,435000.0,0.106,3494000.0,19469000.0,4.664,-0.16855,-0.64861,3738000.0,-0.50118
WORLDLINE,FR0011981968,Euronext Paris,Compartment A,France,WLN.PA,Software - Infrastructure,Technology,2,1.088,,,,1.61636,1050496.0,383433216.0,EUR,3456281344.0,-0.98640996,14.016,0.09685359,-16.0,0.83985,1853799936.0,6.528,3969700096.0,4547700224.0,16.168,0.00975,-0.62143004,2978299904.0,0.08636
XENIA HOTELLERIE SOLUTION,IT0005568487,Euronext Growth Milan,Euronext Growth,Italy,XHS.MI,Lodging,Consumer Cyclical,,0.24,,,,19.281437,5500.0,10365180.0,EUR,31243924.0,-0.0127,1.623,1.9839803,-0.25,0.167,13613779.0,4.229,33784344.0,63174968.0,19.626,-0.00135,-0.14636,3535136.0,-0.0152199995
X-FAB SILICON FOUNDRIES SE,BE0974310428,Euronext Paris,Compartment A,Belgium,XFAB.PA,Semiconductors,Technology,,1.497,,,24.536844,12.973651,161450.0,609006016.0,EUR,895099008.0,0.03462,6.804736,0.6851111,0.19,0.35934374,194314000.0,1.487,480407008.0,870254976.0,6.662,0.02479,0.02902,184403008.0,0.04423
XILAM ANIMATION,FR0004034072,Euronext Growth Paris,Euronext Growth,France,ALXIL.PA,Entertainment,Communication Services,10,0.998,,,,-7.422222,28499.0,19048440.0,EUR,22665932.0,-1.43021,9.96,0.33534136,-4.64,-0.45,3904000.0,0.829,8670000.0,18979000.0,3.246,,,10061000.0,-0.42791
XPLORA TECHNOLOGIES,NO0010895782,Euronext Growth Oslo,Euronext Growth,Norway,NO0010895782.SG,,,,,,,,,0.0,,EUR,,,,,,,,,,,,,,,
YAKKYO,IT0005573966,Euronext Growth Milan,Euronext Growth,Italy,YKY.MI,Integrated Freight & Logistics,Industrials,,0.115,,,8.066667,,76250.0,6644291.0,EUR,7415100.0,0.04172,0.721,1.6782247,0.15,,3997833.0,0.728,4768642.0,19331376.0,3.52,,,1734385.0,0.05169
YOLO GROUP,IT0005495871,Euronext Growth Milan,Euronext Growth,Italy,YOLO.MI,Insurance Brokers,Financial Services,,-0.264,,,,,22000.0,10118931.0,EUR,12213406.0,-0.2725,1.134,0.7054674,-0.26,,2550726.0,0.202,3844659.0,11928103.0,0.943,-0.101730004,-0.18887,-393596.0,-0.45771
YOUNITED FINANCIAL,LU2999653251,Euronext Paris,Compartment B,Luxembourg,YOUNI.AS,Credit Services,Financial Services,,,,,,23.076923,241.0,272591040.0,EUR,137539056.0,-1.38395,5.156,1.1636927,-3.07,0.26,206276000.0,4.54,71224000.0,57650000.0,1.269,-0.060749996,-0.40855,57650000.0,-0.2025
ZALARIS,NO0010708910,Oslo Bors,Compartment C,Norway,ZAL.OL,Staffing & Employment Services,Industrials,,0.777,1.18,,22.97619,11.091953,7222.0,1677784704.0,NOK,1978008960.0,0.05144,12.453,6.1993093,3.36,6.96,223152992.0,10.284,528996992.0,1471633024.0,68.467,0.07479,0.29489002,671958016.0,0.10578
ZAPTEC ASA,NO0010713936,Oslo Bors,Compartment B,Norway,NO0010713936.SG,,,,,,,,,1010.0,,EUR,,,,,,,,,,,,,,,
ZELLUNA,NO0013524942,Oslo Bors,Compartment C,Norway,ZLNA.OL,Biotechnology,Healthcare,,,,,,-2.051282,6609.0,420316800.0,NOK,302251008.0,0.0,3.268,4.895961,-57.9,-7.8,78302000.0,3.298,697000.0,,,-1.12294,-2.30867,,0.0
ZEST,IT0005013013,Euronext Milan,Compartment C,Italy,ZEST.MI,Asset Management,Financial Services,,,,,,-22.333334,82131.0,26542814.0,EUR,27243116.0,0.72096,0.265,0.5056604,-0.7,-0.006,1993663.0,0.012,6951699.0,4384525.0,0.041,-0.05643,0.086780004,-1371338.0,-0.02335
ZIGNAGO VETRO,IT0004171440,Euronext Milan,Compartment A,Italy,ZV.MI,Packaging & Containers,Consumer Cyclical,9,0.998,5.74,4.37,21.081081,17.515495,44758.0,688469248.0,EUR,856915968.0,0.074640006,3.939,1.9801981,0.37,0.44532,82039000.0,0.939,256992000.0,439343008.0,4.964,0.01935,0.09363,159220992.0,0.047909997
ZUCCHI,IT0005395071,Euronext Milan,Compartment C,Italy,ZUC.MI,Textile Manufacturing,Consumer Cyclical,,0.656,,7.48,,,3216.0,17276264.0,EUR,57856104.0,0.0088599995,1.912,0.35669455,-0.18,0.0,6193000.0,0.244,47026000.0,113360000.0,4.475,0.038629998,0.020920001,67268000.0,0.003
